id,title,year,type,num_subscription_services,has_subscription,exclusive,rent_buy_only,cinema_only,subscription_services,monetization_types
tm1598352,Send Help,2026,movie,2,true,false,false,false,Disney+|Hulu,BUY|CINEMA|FLATRATE|RENT
tm1602729,"Good Luck, Have Fun, Don't Die",2026,movie,0,false,false,false,false,,BUY|CINEMA|RENT
tm1457585,The Super Mario Galaxy Movie,2026,movie,0,false,false,false,false,,BUY|CINEMA|RENT
tm1520393,Hoppers,2026,movie,1,true,true,false,false,Disney+,BUY|CINEMA|FLATRATE|RENT
tm1610095,The Sheep Detectives,2026,movie,0,false,false,false,false,,BUY|CINEMA
tm1856965,Over Your Dead Body,2026,movie,0,false,false,false,false,,BUY|CINEMA|RENT
tm1591329,The Drama,2026,movie,0,false,false,false,false,,BUY|CINEMA|RENT
tm1635677,The Devil Wears Prada 2,2026,movie,0,false,false,false,true,,CINEMA
tm1645069,Ready or Not: Here I Come,2026,movie,0,false,false,false,false,,BUY|CINEMA|RENT
tm1875155,They Will Kill You,2026,movie,1,true,true,false,false,Max,BUY|CINEMA|FLATRATE|RENT
tm1458418,The Bride!,2026,movie,1,true,true,false,false,Max,BUY|CINEMA|FLATRATE|RENT
tm1506526,Mortal Kombat II,2026,movie,0,false,false,false,false,,BUY|CINEMA|RENT
tm1942487,Ladies First,2026,movie,1,true,true,false,false,Netflix,FLATRATE
tm2867265,Office Romance,2026,movie,1,true,true,false,false,Netflix,FLATRATE
tm1276703,Nirvanna the Band the Show the Movie,2026,movie,0,false,false,true,false,,BUY|RENT
tm1908323,I Love Boosters,2026,movie,0,false,false,false,true,,CINEMA
tm1502962,GOAT,2026,movie,1,true,true,false,false,Netflix,BUY|CINEMA|FLATRATE|RENT
tm1365822,Cold Storage,2026,movie,0,false,false,false,false,,BUY|CINEMA|RENT
tm1589869,How to Make a Killing,2026,movie,0,false,false,true,false,,BUY|RENT
tm1945120,Mike & Nick & Nick & Alice,2026,movie,2,true,false,false,false,Disney+|Hulu,FLATRATE
tm1656960,The Christophers,2026,movie,0,false,false,false,false,,BUY|CINEMA|RENT
tm1617839,The Breadwinner,2026,movie,0,false,false,false,false,,BUY|CINEMA
tm1393336,Toy Story 5,2026,movie,0,false,false,false,true,,CINEMA
tm1472679,Scary Movie,2026,movie,0,false,false,false,true,,CINEMA
tm1642373,Solo Mio,2026,movie,1,true,true,false,false,Angel Studios,BUY|CINEMA|FLATRATE|RENT
tm1924970,Forbidden Fruits,2026,movie,0,false,false,false,false,,BUY|CINEMA|RENT
tm1583631,Power Ballad,2026,movie,0,false,false,false,true,,CINEMA
tm1672734,Mile End Kicks,2026,movie,0,false,false,false,false,,BUY|CINEMA|RENT
tm1656229,Buffet Infinity,2026,movie,0,false,false,true,false,,BUY|RENT
tm1509524,Swapped,2026,movie,1,true,true,false,false,Netflix,CINEMA|FLATRATE
tm1544340,Outcome,2026,movie,1,true,true,false,false,Apple TV+,FLATRATE
tm1950138,Pizza Movie,2026,movie,2,true,false,false,false,Disney+|Hulu,FLATRATE
tm1627286,"You, Me & Tuscany",2026,movie,0,false,false,false,false,,BUY|CINEMA|RENT
tm1970467,Roommates,2026,movie,1,true,true,false,false,Netflix,FLATRATE
tm1900049,The Moment,2026,movie,1,true,true,false,false,Max,BUY|CINEMA|FLATRATE|RENT
tm1928868,The Invite,2026,movie,0,false,false,false,true,,CINEMA
tm2861041,The Roast of Kevin Hart,2026,movie,1,true,true,false,false,Netflix,FLATRATE
tm1978758,Balls Up,2026,movie,1,true,true,false,false,Amazon Prime Video,FLATRATE
tm2877045,Gary,2026,movie,1,true,true,false,false,Hulu,FLATRATE
tm1646324,Toaster,2026,movie,1,true,true,false,false,Netflix,FLATRATE
tm1977231,Busboys,2026,movie,0,false,false,true,false,,BUY|RENT
tm1588221,Slanted,2026,movie,1,true,true,false,false,Paramount+,BUY|CINEMA|FLATRATE|RENT
tm1588197,Fantasy Life,2026,movie,0,false,false,false,false,,BUY|CINEMA|RENT
tm1920454,Stop! That! Train!,2026,movie,0,false,false,false,false,,BUY|CINEMA
tm1961056,Teenage Sex and Death at Camp Miasma,2026,movie,0,false,false,false,false,,
tm1449056,Animal Farm,2026,movie,1,true,true,false,false,Angel Studios,BUY|CINEMA|FLATRATE|RENT
tm1572652,The Pout-Pout Fish,2026,movie,1,true,true,false,false,Amazon Prime Video,BUY|CINEMA|FLATRATE|FREE|RENT
tm1932225,The Wrecking Crew,2026,movie,1,true,true,false,false,Amazon Prime Video,BUY|FLATRATE|RENT
tm1624384,"Our Hero, Balthazar",2026,movie,0,false,false,false,true,,CINEMA
tm2859354,Voicemails for Isabelle,2026,movie,0,false,false,false,false,,
ts446463,Widow's Bay,2026,show,1,true,true,false,false,Apple TV+,FLATRATE
ts470832,Maximum Pleasure Guaranteed,2026,show,1,true,true,false,false,Apple TV+,FLATRATE|FREE
ts419484,Margo's Got Money Troubles,2026,show,1,true,true,false,false,Apple TV+,FLATRATE|FREE
ts440297,Rooster,2026,show,1,true,true,false,false,Max,BUY|FLATRATE
ts455747,The Other Bennet Sister,2026,show,1,true,true,false,false,BritBox,FLATRATE
ts446649,The Audacity,2026,show,2,true,false,false,false,AMC+|Amazon Prime Video,BUY|FLATRATE|FREE
ts174637,Not Suitable for Work,2026,show,2,true,false,false,false,Disney+|Hulu,FLATRATE
ts526545,Alice and Steve,2026,show,2,true,false,false,false,Disney+|Hulu,FLATRATE
ts360501,DTF St. Louis,2026,show,1,true,true,false,false,Max,BUY|FLATRATE
ts479455,Big Mistakes,2026,show,1,true,true,false,false,Netflix,FLATRATE
ts517900,Jury Duty Presents: Company Retreat,2026,show,0,false,false,false,false,,
ts456569,Teach You a Lesson,2026,show,1,true,true,false,false,Netflix,FLATRATE
ts444335,The WONDERfools,2026,show,1,true,true,false,false,Netflix,FLATRATE
ts436968,Regular Show: The Lost Tapes,2026,show,3,true,false,false,false,Disney+|Hulu|Max,BUY|FLATRATE
ts400321,How to Get to Heaven from Belfast,2026,show,1,true,true,false,false,Netflix,FLATRATE
ts346947,Wonder Man,2026,show,2,true,false,false,false,Disney+|Hulu,FLATRATE
ts426499,The Miniature Wife,2026,show,1,true,true,false,false,Peacock,FLATRATE
ts488409,Scrubs,2026,show,2,true,false,false,false,Disney+|Hulu,BUY|FLATRATE|FREE
ts479260,The Fall and Rise of Reggie Dinkins,2026,show,1,true,true,false,false,Peacock,ADS|BUY|FLATRATE|FREE
ts502088,RJ Decker,2026,show,2,true,false,false,false,Disney+|Hulu,BUY|FLATRATE
ts442979,Bait,2026,show,1,true,true,false,false,Amazon Prime Video,FLATRATE
ts479010,Best Medicine,2026,show,3,true,false,false,false,Disney+|FOX One|Hulu,BUY|FLATRATE|FREE
ts524651,This Is a Gardening Show,2026,show,1,true,true,false,false,Netflix,FLATRATE
ts454466,The 'Burbs,2026,show,1,true,true,false,false,Peacock,BUY|FLATRATE
ts461513,Perfect Crown,2026,show,2,true,false,false,false,Disney+|Hulu,FLATRATE
ts482891,Mating Season,2026,show,1,true,true,false,false,Netflix,FLATRATE
ts502943,My Royal Nemesis,2026,show,1,true,true,false,false,Netflix,FLATRATE
ts488719,Smoking Behind the Supermarket with You,2026,show,1,true,true,false,false,Crunchyroll,FLATRATE
ts99323,The Killer Among Us,2026,show,1,true,true,false,false,Peacock,BUY|FLATRATE
ts477898,Doctor on the Edge,2026,show,2,true,false,false,false,Disney+|Hulu,FLATRATE
ts473465,Stuart Fails to Save the Universe,2026,show,0,false,false,false,false,,
ts440586,The Hawk,2026,show,0,false,false,false,false,,
ts463312,Malcolm in the Middle: Life's Still Unfair,2026,show,2,true,false,false,false,Disney+|Hulu,FLATRATE
ts471040,Vladimir,2026,show,1,true,true,false,false,Netflix,FLATRATE
ts516143,Funny AF with Kevin Hart,2026,show,1,true,true,false,false,Netflix,FLATRATE
ts445804,"If It's Tuesday, It's Murder",2026,show,2,true,false,false,false,Disney+|Hulu,FLATRATE
ts435066,Kevin,2026,show,1,true,true,false,false,Amazon Prime Video,FLATRATE
ts456325,Kacken an der Havel,2026,show,1,true,true,false,false,Netflix,FLATRATE
ts516394,Sold out on You,2026,show,1,true,true,false,false,Netflix,FLATRATE
ts444322,Rooster Fighter,2026,show,2,true,false,false,false,Disney+|Hulu,BUY|FLATRATE
ts465564,Phantom Lawyer,2026,show,3,true,false,false,false,Kocowa|Netflix|Rakuten Viki,ADS|FLATRATE
ts496181,KILL BLUE,2026,show,4,true,false,false,false,Amazon Prime Video|Crunchyroll|Netflix|Rakuten Viki,ADS|FLATRATE
ts487323,"Life, Larry and the Pursuit of Unhappiness: an Almost History of America",2026,show,0,false,false,false,false,,
ts468311,American Classic,2026,show,1,true,true,false,false,MGM+,FLATRATE
ts476517,Saturday Night Live UK,2026,show,1,true,true,false,false,Peacock,FLATRATE
ts511182,Mel Brooks: The 99 Year Old Man!,2026,show,1,true,true,false,false,Max,FLATRATE
ts525929,Twenty Twenty Six,2026,show,1,true,true,false,false,BritBox,ADS|BUY|FLATRATE
ts503908,My Two Cents,2026,show,1,true,true,false,false,Netflix,FLATRATE
ts492177,Filing for Love,2026,show,1,true,true,false,false,Rakuten Viki,ADS|FLATRATE
ts490593,Flunked,2026,show,1,true,true,false,false,Netflix,FLATRATE
tm1352761,Scream 7,2026,movie,1,true,true,false,false,Paramount+,BUY|CINEMA|FLATRATE|RENT
tm2861790,The Crash,2026,movie,1,true,true,false,false,Netflix,FLATRATE
tm1625454,The Punisher: One Last Kill,2026,movie,1,true,true,false,false,Disney+,FLATRATE
tm1674486,Normal,2026,movie,0,false,false,false,false,,BUY|CINEMA|RENT
tm1673707,The Furious,2026,movie,0,false,false,false,false,,BUY|CINEMA
tm1663979,Dead Man's Wire,2026,movie,1,true,true,false,false,Netflix,BUY|CINEMA|FLATRATE|RENT
tm1663575,Tuner,2026,movie,0,false,false,false,true,,CINEMA
tm1630481,Crime 101,2026,movie,1,true,true,false,false,Amazon Prime Video,BUY|CINEMA|FLATRATE
tm1418154,Psycho Killer,2026,movie,2,true,false,false,false,Disney+|Hulu,BUY|CINEMA|FLATRATE|RENT
tm2883895,Maternal Instinct,2026,movie,1,true,true,false,false,Netflix,FLATRATE
tm1663569,Fuze,2026,movie,0,false,false,false,false,,BUY|CINEMA|RENT
tm1461092,Mercy,2026,movie,2,true,false,false,false,Amazon Prime Video|MGM+,BUY|FLATRATE|RENT
tm1671114,Carolina Caroline,2026,movie,0,false,false,false,false,,BUY|CINEMA
tm2880564,Colors of Evil: Black,2026,movie,1,true,true,false,false,Netflix,FLATRATE
tm1546803,The Rip,2026,movie,1,true,true,false,false,Netflix,FLATRATE
tm1670680,Wasteman,2026,movie,0,false,false,false,false,,BUY|CINEMA|RENT
tm1854448,Good Boy,2026,movie,0,false,false,false,false,,BUY|CINEMA|RENT
tm2865067,The Marked Woman,2026,movie,1,true,true,false,false,Netflix,FLATRATE
tm1536806,Peaky Blinders: The Immortal Man,2026,movie,1,true,true,false,false,Netflix,CINEMA|FLATRATE
tm1917667,Dhurandhar The Revenge,2026,movie,1,true,true,false,false,Netflix,CINEMA|FLATRATE
tm2878182,The Murder of Rachel Nickell,2026,movie,1,true,true,false,false,Netflix,FLATRATE
tm1633156,How to Rob a Bank,2026,movie,0,false,false,false,false,,
tm1624377,In Cold Light,2026,movie,2,true,false,false,false,Disney+|Hulu,BUY|FLATRATE|RENT
tm1940791,One Mile: Chapter One,2026,movie,0,false,false,true,false,,BUY|RENT
tm1541543,Zeta,2026,movie,1,true,true,false,false,Amazon Prime Video,FLATRATE
tm1956858,The Truth and Tragedy of Moriah Wilson,2026,movie,1,true,true,false,false,Netflix,FLATRATE
tm1562625,Verity,2026,movie,0,false,false,false,false,,
tm1958040,Paper Tiger,2026,movie,0,false,false,false,false,,
tm1961078,Wild Horse Nine,2026,movie,0,false,false,false,false,,
tm1945203,State of Fear,2026,movie,1,true,true,false,false,Netflix,FLATRATE
tm1334596,The Rivals of Amziah King,2026,movie,0,false,false,false,false,,
tm2860456,180,2026,movie,1,true,true,false,false,Netflix,FLATRATE
tm1910876,Her Private Hell,2026,movie,0,false,false,false,false,,
tm1928076,Kidnapped: Elizabeth Smart,2026,movie,1,true,true,false,false,Netflix,FLATRATE
tm1940303,Drishyam 3,2026,movie,0,false,false,false,true,,CINEMA
tm1943324,Vengeance,2026,movie,1,true,true,false,false,Amazon Prime Video,FLATRATE
tm2868362,Dridam,2026,movie,1,true,true,false,false,Hulu,CINEMA|FLATRATE
tm2873958,The Whisper Man,2026,movie,0,false,false,false,false,,
tm1948644,The Investigation of Lucy Letby,2026,movie,1,true,true,false,false,Netflix,FLATRATE
tm1483551,Enola Holmes 3,2026,movie,0,false,false,false,false,,
tm1933194,Oscar Shaw,2026,movie,0,false,false,true,false,,BUY|FREE|RENT
tm1900163,Il falsario,2026,movie,1,true,true,false,false,Netflix,FLATRATE
tm1957722,The Red Line,2026,movie,1,true,true,false,false,Netflix,FLATRATE
ts381440,Spider-Noir,2026,show,1,true,true,false,false,Amazon Prime Video,ADS|FLATRATE
ts459331,Cape Fear,2026,show,1,true,true,false,false,Apple TV+,FLATRATE|FREE
ts457704,Legends,2026,show,1,true,true,false,false,Netflix,FLATRATE
ts486999,Marshals,2026,show,1,true,true,false,false,Paramount+,BUY|FLATRATE
ts471854,Nemesis,2026,show,1,true,true,false,false,Netflix,FLATRATE
ts387348,Man on Fire,2026,show,1,true,true,false,false,Netflix,FLATRATE
ts486130,The Witness,2026,show,1,true,true,false,false,Netflix,FLATRATE
ts461540,Lucky,2026,show,0,false,false,false,false,,
ts444630,M.I.A.,2026,show,1,true,true,false,false,Peacock,FLATRATE
ts468089,Unconditional,2026,show,1,true,true,false,false,Apple TV+,FLATRATE
ts451286,PONIES,2026,show,1,true,true,false,false,Peacock,BUY|FLATRATE
ts475381,You’re Killing Me,2026,show,2,true,false,false,false,AMC+|Acorn TV,FLATRATE
ts298138,Scarpetta,2026,show,1,true,true,false,false,Amazon Prime Video,ADS|FLATRATE
ts252739,Imperfect Women,2026,show,1,true,true,false,false,Apple TV+,FLATRATE|FREE
ts461186,I Will Find You,2026,show,0,false,false,false,false,,
ts526393,Should I Marry a Murderer?,2026,show,1,true,true,false,false,Netflix,FLATRATE
ts443982,HIS & HERS,2026,show,1,true,true,false,false,Netflix,FLATRATE
ts482915,CIA,2026,show,1,true,true,false,false,Paramount+,BUY|FLATRATE
ts470663,Lanterns,2026,show,0,false,false,false,false,,
ts528797,Berlin and the Lady with an Ermine,2026,show,1,true,true,false,false,Netflix,FLATRATE
ts528876,Allegedly with Ellison Barber,2026,show,1,true,true,false,false,Netflix,FLATRATE
ts468951,Memory of a Killer,2026,show,3,true,false,false,false,Disney+|FOX One|Hulu,BUY|FLATRATE|FREE
ts425692,Detective Hole,2026,show,1,true,true,false,false,Netflix,FLATRATE
ts414990,56 Days,2026,show,1,true,true,false,false,Amazon Prime Video,ADS|FLATRATE
ts59114,Steal,2026,show,1,true,true,false,false,Amazon Prime Video,ADS|FLATRATE
ts524599,Trust Me: The False Prophet,2026,show,1,true,true,false,false,Netflix,FLATRATE
ts434395,Agatha Christie's Seven Dials,2026,show,1,true,true,false,false,Netflix,FLATRATE
ts519436,The Evil Lawyer,2026,show,1,true,true,false,false,Netflix,FLATRATE
ts525085,A Taste for Murder,2026,show,1,true,true,false,false,BritBox,FLATRATE
ts454317,Unfamiliar,2026,show,1,true,true,false,false,Netflix,FLATRATE
ts145846,The Westies,2026,show,0,false,false,false,false,,
ts457696,Under Salt Marsh,2026,show,0,false,false,false,false,,
ts506718,Run Away,2026,show,1,true,true,false,false,Netflix,FLATRATE
ts461280,Gold Land,2026,show,1,true,true,false,false,Disney+,FLATRATE
ts519601,Twisted Yoga,2026,show,1,true,true,false,false,Apple TV+,FLATRATE
ts517312,Murder in Glitterball City,2026,show,1,true,true,false,false,Max,FLATRATE
ts522748,The Predator of Seville,2026,show,1,true,true,false,false,Netflix,FLATRATE
ts517664,The Scream Murder: A True Teen Horror Story,2026,show,2,true,false,false,false,Disney+|Hulu,FLATRATE
ts521354,Evil Lives Here: My Child the Killer,2026,show,2,true,false,false,false,Discovery+|Max,ADS|BUY|FLATRATE|FREE
ts469744,That Night,2026,show,1,true,true,false,false,Netflix,FLATRATE
ts520169,"A Friend, A Murderer",2026,show,1,true,true,false,false,Netflix,FLATRATE
ts481643,The Scarecrow,2026,show,2,true,false,false,false,Amasian TV|Rakuten Viki,ADS|FLATRATE
ts521831,The Silent Noise,2026,show,1,true,true,false,false,Amazon Prime Video,FLATRATE
ts515545,Siren's Kiss,2026,show,1,true,true,false,false,Amazon Prime Video,FLATRATE
tm1433295,Star Wars: The Mandalorian and Grogu,2026,movie,0,false,false,false,true,,CINEMA
tm319412,Masters of the Universe,2026,movie,0,false,false,false,true,,CINEMA
tm1544003,The Odyssey,2026,movie,0,false,false,false,true,,CINEMA
tm1282106,The Legend of Aang: The Last Airbender,2026,movie,0,false,false,false,false,,
tm1265001,Spider-Man: Brand New Day,2026,movie,0,false,false,false,true,,CINEMA
tm1486845,Supergirl,2026,movie,0,false,false,false,true,,CINEMA
tm1674689,Skate to Hell,2026,movie,1,true,true,false,false,Amazon Prime Video,ADS|BUY|FLATRATE|FREE|RENT
tm1636059,The Magic Faraway Tree,2026,movie,0,false,false,false,true,,CINEMA
tm1663688,Rose of Nevada,2026,movie,0,false,false,false,true,,CINEMA
tm1562469,Karuppu,2026,movie,1,true,true,false,false,Amazon Prime Video,CINEMA|FLATRATE
tm1633773,Evil Dead Burn,2026,movie,0,false,false,false,true,,CINEMA
tm1968974,Sambhavam Adhyayam Onnu,2026,movie,0,false,false,false,true,,CINEMA
tm1594385,Honey Bunch,2026,movie,2,true,false,false,false,AMC+|Shudder,BUY|FLATRATE|RENT
tm1573612,OBEX,2026,movie,0,false,false,true,false,,BUY|FREE|RENT
tm985864,Coyote vs. Acme,2026,movie,0,false,false,false,false,,
tm1661497,Gekijou-ban Tensei Shitara Slime Datta Ken: Soukai no Namida-hen,2026,movie,0,false,false,false,true,,CINEMA
tm1497365,The Hunger Games: Sunrise on the Reaping,2026,movie,0,false,false,false,false,,
tm1110216,Wildwood,2026,movie,0,false,false,false,false,,
tm1632881,Practical Magic 2,2026,movie,0,false,false,false,false,,
tm1851449,Hexed,2026,movie,0,false,false,false,false,,
tm1509152,Street Fighter,2026,movie,0,false,false,false,false,,
tm1991326,Raakaasa,2026,movie,1,true,true,false,false,Netflix,CINEMA|FLATRATE
tm1924974,Gale: Yellow Brick Road,2026,movie,1,true,true,false,false,Chilling,CINEMA|FLATRATE
tm1933753,Wicker,2026,movie,0,false,false,false,false,,
tm637827,Starbright,2026,movie,0,false,false,false,false,,ADS|BUY|CINEMA|RENT
tm1436214,The RajaSaab,2026,movie,0,false,false,false,true,,CINEMA
tm1930041,Demon Squad: Tooth and Claw,2026,movie,0,false,false,true,false,,ADS|BUY|RENT
tm1510416,Minions & Monsters,2026,movie,0,false,false,false,true,,CINEMA
tm1960929,Discipline,2026,movie,1,true,true,false,false,MUBI,FLATRATE
tm1909252,Chô Kaguya-hime!,2026,movie,1,true,true,false,false,Netflix,CINEMA|FLATRATE
tm1624070,Forgotten Island,2026,movie,0,false,false,false,false,,
tm1349352,Moana,2026,movie,0,false,false,false,true,,CINEMA
tm1933689,The Land of Sometimes,2026,movie,0,false,false,false,false,,BUY|CINEMA|RENT
tm1145067,Untitled Shang-Chi Sequel,2026,movie,0,false,false,false,false,,
tm1114504,The Cat in the Hat,2026,movie,0,false,false,false,false,,
tm1588029,Panda Plan 2: The Magical Tribe,2026,movie,0,false,false,false,true,,CINEMA
tm1436682,Pinocchio: Unstrung,2026,movie,0,false,false,false,false,,
tm1477063,Woodwalkers 2,2026,movie,0,false,false,false,false,,
tm1552504,Jumanji 3,2026,movie,0,false,false,false,false,,
tm1622552,The Angry Birds Movie 3,2026,movie,0,false,false,false,false,,
tm866493,The Legend Hunters,2026,movie,0,false,false,false,false,,
ts404091,The Boroughs,2026,show,1,true,true,false,false,Netflix,FLATRATE
ts386460,A Knight of the Seven Kingdoms,2026,show,1,true,true,false,false,Max,BUY|FLATRATE
ts435860,Witch Hat Atelier,2026,show,1,true,true,false,false,Crunchyroll,BUY|FLATRATE
ts390315,Stranger Things: Tales from '85,2026,show,1,true,true,false,false,Netflix,FLATRATE
ts490432,Mao,2026,show,2,true,false,false,false,Disney+|Hulu,FLATRATE
ts358381,Dragon Striker,2026,show,2,true,false,false,false,Disney+|Hulu,FLATRATE
ts465568,Boyfriend on Demand,2026,show,1,true,true,false,false,Netflix,FLATRATE
ts390355,Harry Potter and the Philosopher's Stone,2026,show,0,false,false,false,false,,
ts435524,Yûsha-kei ni Shosu Chôbatsu Yûsha 9004-tai Keimu Kiroku,2026,show,1,true,true,false,false,Crunchyroll,BUY|FLATRATE
ts409029,My Brother the Minotaur,2026,show,1,true,true,false,false,Apple TV+,FLATRATE
ts446279,Sofia the First: Royal Magic,2026,show,1,true,true,false,false,Disney+,BUY|FLATRATE|FREE
ts461345,Veil of Shadows,2026,show,2,true,false,false,false,Netflix|Rakuten Viki,ADS|FLATRATE
ts472882,"Jack-of-All-Trades, Party of None",2026,show,1,true,true,false,false,Crunchyroll,BUY|FLATRATE
ts446028,SHIBOYUGI: Playing Death Games to Put Food on the Table,2026,show,2,true,false,false,false,Crunchyroll|Netflix,BUY|FLATRATE
ts454332,No Tail to Tell,2026,show,1,true,true,false,false,Netflix,FLATRATE
ts511840,Steel Ball Run: JoJo's Bizarre Adventure,2026,show,1,true,true,false,false,Netflix,FLATRATE
ts371952,Agent from Above,2026,show,1,true,true,false,false,Netflix,FLATRATE
ts450201,DARK MOON: THE BLOOD ALTAR,2026,show,1,true,true,false,false,Crunchyroll,BUY|FLATRATE
ts490181,Yoroi Shin Den Samurai Troopers,2026,show,1,true,true,false,false,Crunchyroll,FLATRATE
ts525275,Dandelion,2026,show,1,true,true,false,false,Netflix,FLATRATE
ts476817,Easygoing Territory Defense by the Optimistic Lord,2026,show,1,true,true,false,false,Crunchyroll,FLATRATE
ts521023,Release that Witch,2026,show,1,true,true,false,false,Crunchyroll,FLATRATE
ts451804,The Warrior Princess and the Barbaric King,2026,show,1,true,true,false,false,Crunchyroll,BUY|FLATRATE
ts520171,Unicorn Academy: Secrets Revealed,2026,show,1,true,true,false,false,Netflix,FLATRATE
ts465756,"Noble Reincarnation: Born Blessed, So I'll Obtain Ultimate Power",2026,show,1,true,true,false,false,Crunchyroll,FLATRATE
ts467255,Kunon the Sorcerer Can See,2026,show,1,true,true,false,false,Crunchyroll,FLATRATE
ts485832,"There Was a Cute Girl in the Hero's Party, So I Tried Confessing to Her",2026,show,1,true,true,false,false,Crunchyroll,FLATRATE
ts473648,Dead Account,2026,show,1,true,true,false,false,Crunchyroll,BUY|FLATRATE
ts392610,Magicampers,2026,show,1,true,true,false,false,Disney+,FLATRATE
ts471699,Scum of the Brave,2026,show,1,true,true,false,false,Crunchyroll,BUY|FLATRATE
ts480336,29-Sai Dokushin Chuuken Boukensha no Nichijou,2026,show,1,true,true,false,false,Crunchyroll,BUY|FLATRATE
ts471711,Champignon Witch,2026,show,1,true,true,false,false,Crunchyroll,FLATRATE
ts477378,Odayaka Kizoku no Kyuka no Susume,2026,show,1,true,true,false,false,Crunchyroll,FLATRATE
ts471760,Isekai Office Worker: The Other World's Books Depend on the Bean Counter,2026,show,1,true,true,false,false,Crunchyroll,FLATRATE
ts498312,The Legend of Kitchen Soldier,2026,show,1,true,true,false,false,Rakuten Viki,ADS|FLATRATE
ts456524,The Case Book of Arne,2026,show,1,true,true,false,false,Crunchyroll,FLATRATE
ts422308,Wishing Upon the Shooting Stars,2026,show,1,true,true,false,false,Rakuten Viki,ADS|FLATRATE
ts477991,Agents of the Four Seasons Dance of Spring,2026,show,1,true,true,false,false,Crunchyroll,BUY|FLATRATE
ts496249,Petals of Reincarnation,2026,show,1,true,true,false,false,Hidive,FLATRATE
ts473665,Mahô no Shimai Lulutto Lily,2026,show,0,false,false,false,false,,ADS
ts485469,"Goodbye, Lara",2026,show,0,false,false,false,false,,
ts437591,Adventure Time: Side Quests,2026,show,0,false,false,false,false,,
ts508260,Magic Knight Rayearth,2026,show,0,false,false,false,false,,
ts462561,Ewilan's Quest,2026,show,0,false,false,false,false,,
ts124334,Tales from Outer Suburbia,2026,show,0,false,false,false,false,,FREE
ts467897,Buffy the Vampire Slayer: New Sunnydale,2026,show,0,false,false,false,false,,
ts435906,Motel Transylvania,2026,show,0,false,false,false,false,,
tm1573629,Jimpa,2026,movie,1,true,true,false,false,Hulu,BUY|FLATRATE|RENT
tm1973807,Orangutan,2026,movie,1,true,true,false,false,Disney+,FLATRATE
tm1931968,The Muppet Show,2026,movie,1,true,true,false,false,Disney+,FLATRATE
tm1963093,Hannah Montana 20th Anniversary Special,2026,movie,2,true,false,false,false,Disney+|Hulu,FLATRATE
tm2880818,Summer House,2026,movie,1,true,true,false,false,Amazon Prime Video,FLATRATE
tm1920140,Youth,2026,movie,1,true,true,false,false,Netflix,FLATRATE
tm1942607,The Lotto Winner,2026,movie,1,true,true,false,false,Netflix,FLATRATE
tm2867770,"What's the Story, Wishbone?",2026,movie,0,false,false,true,false,,BUY|RENT
tm2874157,Bride of the Year,2026,movie,1,true,true,false,false,Netflix,FLATRATE
tm1641931,The Secret Between Us,2026,movie,1,true,true,false,false,Angel Studios,BUY|FLATRATE|RENT
tm1905752,Biker,2026,movie,1,true,true,false,false,Netflix,FLATRATE
tm1615358,Idiotka,2026,movie,0,false,false,true,false,,BUY|FREE|RENT
tm1527310,Ray Gunn,2026,movie,0,false,false,false,false,,
tm2880821,Blast,2026,movie,0,false,false,false,false,,
tm1975666,Bonolota Express,2026,movie,0,false,false,false,false,,
tm1959474,Ginny Wedss Sunny 2,2026,movie,0,false,false,false,false,,
tm1944741,Madhuvidhu,2026,movie,0,false,false,false,false,,
tm1977114,Daadi Ki Shaadi,2026,movie,0,false,false,false,false,,
tm2878302,The Great Grand Superhero,2026,movie,0,false,false,false,false,,
tm1453176,Paw Patrol 3,2026,movie,0,false,false,false,false,,
tm1974103,Flavia,2026,movie,0,false,false,false,false,,
tm1949851,Now I Met Her,2026,movie,0,false,false,false,false,,
tm1560654,Masha and the Bear: Wonder Park,2026,movie,0,false,false,false,false,,
tm1441090,Robert Shields: My Life as a Robot,2026,movie,0,false,false,true,false,,RENT
tm1389731,Cheburashka 2,2026,movie,0,false,false,false,false,,
tm1466072,The Legendaries,2026,movie,0,false,false,false,false,,
ts478665,Star Wars: Maul - Shadow Lord,2026,show,1,true,true,false,false,Disney+,FLATRATE
ts458784,It's Not Like That,2026,show,2,true,false,false,false,Amazon Prime Video|Wonder Project,ADS|FLATRATE
ts476407,Crookhaven,2026,show,0,false,false,false,false,,
ts468432,Little House on the Prairie,2026,show,0,false,false,false,false,,
ts465996,Finding Her Edge,2026,show,1,true,true,false,false,Netflix,FLATRATE
ts519604,Keluarga Yang Tak Dirindukan,2026,show,1,true,true,false,false,Netflix,FLATRATE
ts522623,O11CE: Nueva generación,2026,show,2,true,false,false,false,Disney+|Hulu,FLATRATE
ts515806,Cabbage Your Life,2026,show,1,true,true,false,false,Kocowa,FLATRATE
ts478560,The Water,2026,show,0,false,false,false,false,,
ts490407,Positively Yours,2026,show,1,true,true,false,false,Rakuten Viki,ADS|FLATRATE
ts520666,Sangamarmar,2026,show,0,false,false,false,false,,
ts510274,Recipe For Love,2026,show,2,true,false,false,false,Kocowa|OnDemandKorea,ADS|FLATRATE
ts519041,Corazón de oro,2026,show,1,true,true,false,false,ViX,ADS|FLATRATE
ts519855,Locker Diaries: Zombies,2026,show,1,true,true,false,false,Disney+,FLATRATE
ts453446,Hey A.J.!,2026,show,1,true,true,false,false,Disney+,FLATRATE
ts520509,Our Happy Days,2026,show,1,true,true,false,false,Kocowa,FLATRATE
ts513887,"Agent P, Under C",2026,show,1,true,true,false,false,Disney+,FLATRATE
ts516684,¿Apostarías por Mi? Post Show,2026,show,0,false,false,false,false,,FLATRATE
ts73227,Picture This,2026,show,0,false,false,false,false,,ADS|FREE
ts468260,Hollywood Arts,2026,show,0,false,false,false,false,,
tm1486587,Project Hail Mary,2026,movie,0,false,false,false,false,,BUY|CINEMA|RENT
tm1674759,Obsession,2026,movie,0,false,false,false,true,,CINEMA
tm1593183,Backrooms,2026,movie,0,false,false,false,true,,CINEMA
tm1925040,Hokum,2026,movie,0,false,false,false,false,,BUY|CINEMA|RENT
tm1978067,Tom Clancy's Jack Ryan: Ghost War,2026,movie,1,true,true,false,false,Amazon Prime Video,FLATRATE
tm1526979,Disclosure Day,2026,movie,0,false,false,false,false,,BUY|CINEMA
tm1453013,In the Grey,2026,movie,0,false,false,false,false,,BUY|CINEMA|RENT
tm1932581,Apex,2026,movie,1,true,true,false,false,Netflix,FLATRATE
tm1952326,Pressure,2026,movie,0,false,false,false,false,,BUY|CINEMA|RENT
tm1510509,Lee Cronin's The Mummy,2026,movie,0,false,false,false,false,,BUY|CINEMA|RENT
tm1384752,Iron Lung,2026,movie,0,false,false,false,true,,CINEMA
tm1899901,Shelter,2026,movie,1,true,true,false,false,Starz,BUY|CINEMA|FLATRATE|RENT
tm1524997,We Bury the Dead,2026,movie,2,true,false,false,false,Disney+|Hulu,BUY|CINEMA|FLATRATE|RENT
tm1504256,Greenland 2: Migration,2026,movie,1,true,true,false,false,Max,BUY|CINEMA|FLATRATE|RENT
tm1576974,28 Years Later: The Bone Temple,2026,movie,1,true,true,false,false,Netflix,BUY|CINEMA|FLATRATE|RENT
tm1656375,undertone,2026,movie,0,false,false,false,false,,BUY|CINEMA|RENT
tm1671634,Is God Is,2026,movie,1,true,true,false,false,MGM+,BUY|CINEMA|FLATRATE|RENT
tm1977332,Colony,2026,movie,0,false,false,false,false,,
tm1940411,Hope,2026,movie,0,false,false,false,false,,
tm1940490,Passenger,2026,movie,0,false,false,false,true,,CINEMA
tm1677493,Primate,2026,movie,1,true,true,false,false,Paramount+,BUY|CINEMA|FLATRATE|RENT
tm1352863,Return to Silent Hill,2026,movie,2,true,false,false,false,Disney+|Hulu,BUY|CINEMA|FLATRATE|RENT
tm1908190,War Machine,2026,movie,1,true,true,false,false,Netflix,FLATRATE
tm1457685,Whistle,2026,movie,2,true,false,false,false,AMC+|Shudder,BUY|CINEMA|FLATRATE|RENT
tm1610271,Deep Water,2026,movie,0,false,false,false,false,,BUY|CINEMA|RENT
tm1465819,The End of Oak Street,2026,movie,0,false,false,false,true,,CINEMA
tm1560341,The Dog Stars,2026,movie,0,false,false,false,false,,
ts454451,Lord of the Flies,2026,show,1,true,true,false,false,Netflix,FLATRATE
ts480880,The Testaments,2026,show,2,true,false,false,false,Disney+|Hulu,FLATRATE
ts446863,Young Sherlock,2026,show,1,true,true,false,false,Amazon Prime Video,ADS|FLATRATE
ts454392,Unchosen,2026,show,1,true,true,false,false,Netflix,FLATRATE
ts479741,Secret Service,2026,show,0,false,false,false,false,,
ts471939,If Wishes Could Kill,2026,show,1,true,true,false,false,Netflix,FLATRATE
ts468461,Privileges,2026,show,1,true,true,false,false,Max,FLATRATE
ts519379,Battle of Fates,2026,show,2,true,false,false,false,Disney+|Hulu,FLATRATE
ts449822,The Hunt,2026,show,1,true,true,false,false,Apple TV+,FLATRATE
ts479303,Vanished,2026,show,1,true,true,false,false,MGM+,FLATRATE
ts465563,La nena,2026,show,0,false,false,false,false,,FLATRATE
ts517650,Viral Hit,2026,show,1,true,true,false,false,Netflix,FLATRATE
ts453126,레이디 두아,2026,show,1,true,true,false,false,Netflix,FLATRATE
ts515558,In Your Radiant Season,2026,show,2,true,false,false,false,Disney+|Hulu,FLATRATE
ts522473,Women's Hell,2026,show,1,true,true,false,false,Max,FLATRATE
tm1572650,Wuthering Heights,2026,movie,1,true,true,false,false,Max,BUY|CINEMA|FLATRATE|RENT
tm1543406,Reminders of Him,2026,movie,0,false,false,false,false,,BUY|CINEMA|RENT
tm1931894,Leviticus,2026,movie,0,false,false,false,true,,CINEMA
tm1968615,Seeking Persephone,2026,movie,0,false,false,false,false,,
tm1655255,People We Meet on Vacation,2026,movie,1,true,true,false,false,Netflix,FLATRATE
tm1672498,Bunny!!,2026,movie,1,true,true,false,false,Netflix,FLATRATE
tm1931998,Girls Like Girls,2026,movie,0,false,false,false,true,,CINEMA
tm1944643,Je m'appelle Agneta,2026,movie,1,true,true,false,false,Netflix,FLATRATE
tm1677911,One Night Only,2026,movie,0,false,false,false,false,,
tm1850996,Double Happiness,2026,movie,1,true,true,false,false,Netflix,FLATRATE
tm1861744,Finding Emily,2026,movie,0,false,false,false,true,,CINEMA
tm2862329,My Dearest Assassin,2026,movie,1,true,true,false,false,Netflix,FLATRATE
tm1672735,Erupcja,2026,movie,0,false,false,false,false,,BUY|CINEMA|RENT
tm2865262,The Man I Love,2026,movie,0,false,false,false,false,,
tm1921165,Kissing Is the Easy Part,2026,movie,0,false,false,false,false,,ADS
tm1942063,F Valentine's Day,2026,movie,2,true,false,false,false,Disney+|Hulu,BUY|FLATRATE|RENT
tm2870008,29,2026,movie,1,true,true,false,false,Netflix,CINEMA|FLATRATE
tm1598021,Love Insurance Kompany,2026,movie,1,true,true,false,false,Amazon Prime Video,CINEMA|FLATRATE
tm1610896,Tu Yaa Main,2026,movie,1,true,true,false,false,Netflix,CINEMA|FLATRATE
tm1970566,My Dearest Señorita,2026,movie,1,true,true,false,false,Netflix,FLATRATE
tm1636129,The Serpent's Skin,2026,movie,0,false,false,true,false,,BUY|RENT
tm2881319,Maa Behen,2026,movie,1,true,true,false,false,Netflix,FLATRATE
tm1948815,Ishqan De Lekhe,2026,movie,0,false,false,false,true,,CINEMA
tm1876160,Love Me Love Me,2026,movie,1,true,true,false,false,Amazon Prime Video,FLATRATE
tm1871090,Main Vaapas Aaunga,2026,movie,0,false,false,false,true,,CINEMA
tm1640910,Dacoit: A Love Story,2026,movie,1,true,true,false,false,Amazon Prime Video,CINEMA|FLATRATE
tm1923902,Todo lo que nunca fuimos,2026,movie,0,false,false,false,false,,
tm1970786,No Place to Be Single,2026,movie,1,true,true,false,false,Amazon Prime Video,FLATRATE
tm1588312,For Worse,2026,movie,0,false,false,false,false,,BUY|CINEMA|RENT
tm1949651,Pavane,2026,movie,1,true,true,false,false,Netflix,FLATRATE
tm1937760,The Loved One,2026,movie,0,false,false,false,true,,CINEMA
tm2868011,Krishnavataram Part 1: The Heart (Hridayam),2026,movie,0,false,false,false,false,,
tm1900120,Relationship Goals,2026,movie,1,true,true,false,false,Amazon Prime Video,FLATRATE
tm1942917,How to Lose a Popularity Contest,2026,movie,0,false,false,false,false,,ADS
tm1958884,18th Rose,2026,movie,1,true,true,false,false,Netflix,FLATRATE
ts175387,Off Campus,2026,show,1,true,true,false,false,Amazon Prime Video,ADS|FLATRATE
ts441849,Every Year After,2026,show,1,true,true,false,false,Amazon Prime Video,ADS|FLATRATE
ts304599,Love Story,2026,show,2,true,false,false,false,Disney+|Hulu,BUY|FLATRATE|FREE
ts523397,Seeking Persephone,2026,show,2,true,false,false,false,Passionflix|Peacock,BUY|FLATRATE|FREE
ts506127,Love Is Never Gone,2026,show,1,true,true,false,false,Amazon Prime Video,FLATRATE
ts462960,Pursuit of Jade,2026,show,1,true,true,false,false,Netflix,FLATRATE
ts469083,The Ramparts of Ice,2026,show,1,true,true,false,false,Netflix,FLATRATE
ts453582,"Go for It, Nakamura-kun!!",2026,show,1,true,true,false,false,Crunchyroll,BUY|FLATRATE
ts520326,Still Shining,2026,show,1,true,true,false,false,Netflix,FLATRATE
ts472512,Love Overboard,2026,show,2,true,false,false,false,Disney+|Hulu,FLATRATE
ts440425,The Darwin Incident,2026,show,1,true,true,false,false,Amazon Prime Video,FLATRATE
ts465286,Spring Fever,2026,show,1,true,true,false,false,Amazon Prime Video,FLATRATE
ts395450,Can This Love Be Translated?,2026,show,1,true,true,false,false,Netflix,FLATRATE
ts439170,Soul Mate,2026,show,1,true,true,false,false,Netflix,FLATRATE
ts510349,Sounds of Winter,2026,show,1,true,true,false,false,Netflix,FLATRATE
ts506914,Gimbap and Onigiri,2026,show,1,true,true,false,false,Netflix,FLATRATE
ts479892,Love from 9 to 5,2026,show,1,true,true,false,false,Netflix,FLATRATE
ts508456,Purizumu Rondo,2026,show,1,true,true,false,false,Netflix,FLATRATE
ts486031,Seihantai na Kimi to Boku,2026,show,1,true,true,false,false,Crunchyroll,BUY|FLATRATE
ts510469,ANIMAL LOVE,2026,show,1,true,true,false,false,Amazon Prime Video,FLATRATE
ts515491,Made with Love,2026,show,1,true,true,false,false,Netflix,FLATRATE
ts472219,Tune In to the Midnight Heart,2026,show,1,true,true,false,false,Crunchyroll,BUY|FLATRATE
ts481071,My Korean Boyfriend,2026,show,1,true,true,false,false,Netflix,FLATRATE
ts472149,Mistress Kanan Is Devilishly Easy,2026,show,1,true,true,false,false,Crunchyroll,BUY|FLATRATE
ts512921,Gals Can't Be Kind to Otaku!?,2026,show,1,true,true,false,false,Crunchyroll,FLATRATE
ts463093,Love Like a Bike,2026,show,1,true,true,false,false,Netflix,FLATRATE
ts475237,You Can't Be in a Rom-Com with Your Childhood Friends!,2026,show,1,true,true,false,false,Crunchyroll,BUY|FLATRATE
tm1669016,The Death of Robin Hood,2026,movie,0,false,false,false,true,,CINEMA
tm1535285,Kraken,2026,movie,0,false,false,true,false,,BUY|RENT
tm2880727,Heart of the Beast,2026,movie,0,false,false,false,false,,
tm1975375,Seven Snipers,2026,movie,0,false,false,true,false,,BUY|RENT
tm1857703,Desert Warrior,2026,movie,0,false,false,false,false,,BUY|CINEMA|RENT
tm1522432,Thrash,2026,movie,1,true,true,false,false,Netflix,FLATRATE
tm1624680,One Spoon of Chocolate,2026,movie,0,false,false,false,false,,BUY|CINEMA|RENT
tm1922282,Rise of the Conqueror,2026,movie,1,true,true,false,false,Amazon Prime Video,ADS|BUY|FLATRATE|RENT
ts390542,The Madison,2026,show,1,true,true,false,false,Paramount+,FLATRATE
ts506367,Song of the Samurai,2026,show,1,true,true,false,false,Max,FLATRATE
ts109147,Star Trek: Starfleet Academy,2026,show,1,true,true,false,false,Paramount+,BUY|FLATRATE
ts444422,Daemons of the Shadow Realm,2026,show,1,true,true,false,false,Crunchyroll,BUY|FLATRATE
ts367273,The Gray House,2026,show,1,true,true,false,false,Amazon Prime Video,FLATRATE
ts522949,Fist of the North Star: HOKUTO NO KEN,2026,show,1,true,true,false,false,Amazon Prime Video,FLATRATE
ts468520,Motorvalley,2026,show,1,true,true,false,false,Netflix,FLATRATE
ts516081,The Rhythm of Revenge,2026,show,1,true,true,false,false,Netflix,FLATRATE
ts463882,Hell Mode: The Hardcore Gamer Dominates in Another World with Garbage Balancing,2026,show,1,true,true,false,false,Hidive,FLATRATE
ts468058,Glory,2026,show,1,true,true,false,false,Netflix,FLATRATE
ts454285,Cash Queens,2026,show,1,true,true,false,false,Netflix,FLATRATE
ts481073,Radioactive Emergency,2026,show,1,true,true,false,false,Netflix,FLATRATE
ts495174,BAKI-DOU: The Invincible Samurai,2026,show,1,true,true,false,false,Netflix,FLATRATE
ts508897,Marriage Toxin,2026,show,1,true,true,false,false,Crunchyroll,BUY|FLATRATE
ts501198,"The Strongest Job Is Apparently Not a Hero or a Sage, But an Appraiser (Provisional)!",2026,show,1,true,true,false,false,Crunchyroll,FLATRATE
ts330947,Blade Runner 2099,2026,show,0,false,false,false,false,,
ts510949,Matori & Kyoken Men in the Back Alleys,2026,show,1,true,true,false,false,Netflix,FLATRATE
tm1911774,Versa,2026,movie,0,false,false,false,false,,
tm1637098,All You Need Is Kill,2026,movie,0,false,false,false,false,,BUY|CINEMA|RENT
tm1513268,Retirement Plan,2026,movie,0,false,false,false,false,,FREE
tm1931178,Milky☆Subway: The Galactic Limited Express - the Movie,2026,movie,1,true,true,false,false,Netflix,FLATRATE
tm1492218,Quantum Supremacy,2026,movie,1,true,true,false,false,IndiePix Unlimited,ADS|BUY|FLATRATE|FREE|RENT
tm2875493,Emi Martínez: The Kid Who Stops Time,2026,movie,1,true,true,false,false,Netflix,FLATRATE
tm1955135,Rocky's Cat-astrophe,2026,movie,0,false,false,true,false,,BUY|RENT
tm1945420,Boonie Bears: The Hidden Protector,2026,movie,0,false,false,false,true,,CINEMA
tm2865316,Swallowed Star The Movie  - Battle on Primal Star,2026,movie,0,false,false,false,false,,
tm1529147,The Last Whale Singer,2026,movie,0,false,false,false,true,,CINEMA
tm1523834,Kidô Senshi Gandamu Senkô no Hasauei Kirukê no Majo,2026,movie,0,false,false,false,true,,CINEMA
tm1651847,Shaun the Sheep: The Beast of Mossy Bottom,2026,movie,0,false,false,false,false,,
tm1475051,Mars,2026,movie,0,false,false,true,false,,BUY|RENT
tm1671298,The Keeper of the Camphor Tree,2026,movie,0,false,false,false,false,,
tm1160911,Pierre the Pigeon-Hawk,2026,movie,0,false,false,false,false,,
tm1655111,The Dangers in My Heart: The Movie,2026,movie,0,false,false,false,false,,BUY|CINEMA
tm1929442,When a Witness Recants,2026,movie,0,false,false,false,false,,
tm2863169,Stranger Things: Tales from '85 Theatrical Preview,2026,movie,0,false,false,false,true,,CINEMA
tm2870071,The Loud House: European Adventure,2026,movie,1,true,true,false,false,Paramount+,FLATRATE
tm2877880,Tangles,2026,movie,0,false,false,false,false,,
tm2866968,Bleach: Thousand-Year Blood War – The Calamity,2026,movie,0,false,false,false,true,,CINEMA
tm1673066,Bouchra,2026,movie,0,false,false,false,false,,
tm2867567,The Three Kingdoms Part 1: The Battle for Luoyang,2026,movie,0,false,false,false,false,,
tm1022681,The Ark and the Aardvark,2026,movie,0,false,false,false,false,,
tm2859096,猪猪侠大电影之竞速小英雄,2026,movie,0,false,false,false,false,,
tm2884940,THE RIBBON HERO,2026,movie,0,false,false,false,false,,
tm1952198,What Will I Become?,2026,movie,0,false,false,false,false,,
tm1423567,Snoopy Unleashed,2026,movie,0,false,false,false,false,,
ts517633,NIPPON SANGOKU: The Three Nations of the Crimson Sun,2026,show,1,true,true,false,false,Amazon Prime Video,FLATRATE
ts519405,The Dinosaurs,2026,show,1,true,true,false,false,Netflix,FLATRATE
ts492780,Akane-banashi,2026,show,1,true,true,false,false,Netflix,FLATRATE
ts489402,I Made Friends with the Second Prettiest Girl in My Class,2026,show,1,true,true,false,false,Crunchyroll,BUY|FLATRATE
ts492517,Strip Law,2026,show,1,true,true,false,false,Netflix,FLATRATE
ts496180,Liar Game,2026,show,1,true,true,false,false,Crunchyroll,BUY|FLATRATE
ts489195,SNOWBALL EARTH,2026,show,3,true,false,false,false,Crunchyroll|Disney+|Hulu,FLATRATE
ts456795,Tamon's B-Side,2026,show,1,true,true,false,false,Crunchyroll,BUY|FLATRATE
ts507289,The Drops of God,2026,show,1,true,true,false,false,Crunchyroll,BUY|FLATRATE
ts473429,Reincarnated as a Dragon Hatchling,2026,show,1,true,true,false,false,Hidive,FLATRATE
ts484040,Wash It All Away,2026,show,1,true,true,false,false,Crunchyroll,BUY|FLATRATE
tm1941661,Remarkably Bright Creatures,2026,movie,1,true,true,false,false,Netflix,FLATRATE
tm1436931,Michael,2026,movie,0,false,false,false,false,,BUY|CINEMA|RENT
tm1584966,Mother Mary,2026,movie,0,false,false,false,false,,BUY|CINEMA|RENT
tm2871082,"Miss You, Love You",2026,movie,1,true,true,false,false,Max,FLATRATE
tm1655627,Blue Film,2026,movie,0,false,false,false,false,,BUY|CINEMA|RENT
tm1658380,Blue Heron,2026,movie,0,false,false,false,false,,
tm2865392,The Amazing Digital Circus: The Last Act,2026,movie,0,false,false,false,true,,CINEMA
tm2861962,Propeller One-Way Night Coach,2026,movie,1,true,true,false,false,Apple TV+,FLATRATE
tm1658277,The Wizard of the Kremlin,2026,movie,0,false,false,false,false,,BUY|CINEMA|RENT
tm1932568,Saccharine,2026,movie,0,false,false,false,false,,BUY|CINEMA|RENT
tm1663880,Silent Friend,2026,movie,0,false,false,false,true,,CINEMA
ts495715,Dutton Ranch,2026,show,1,true,true,false,false,Paramount+,BUY|FLATRATE|FREE
ts429003,Star City,2026,show,1,true,true,false,false,Apple TV+,FLATRATE
ts450685,The Beauty,2026,show,2,true,false,false,false,Disney+|Hulu,FLATRATE
ts438726,Half Man,2026,show,1,true,true,false,false,Max,BUY|FLATRATE
ts529914,The Vampire Lestat,2026,show,1,true,true,false,false,AMC+,BUY|FAST|FLATRATE|FREE
ts440608,Something Very Bad Is Going to Happen,2026,show,1,true,true,false,false,Netflix,FLATRATE
ts529666,The Polygamist,2026,show,1,true,true,false,false,Netflix,FLATRATE
tm1941998,The Swedish Connection,2026,movie,1,true,true,false,false,Netflix,CINEMA|FLATRATE
tm1494438,Border 2,2026,movie,1,true,true,false,false,Netflix,CINEMA|FLATRATE
tm1938874,33 Photos from the Ghetto,2026,movie,1,true,true,false,false,Max,FLATRATE
tm1394501,Ikkis,2026,movie,1,true,true,false,false,Amazon Prime Video,CINEMA|FLATRATE
tm2865178,Lucky Strike,2026,movie,0,false,false,false,true,,CINEMA
tm1870742,The Aryan Papers,2026,movie,0,false,false,true,false,,ADS|BUY|FREE|RENT
tm1931109,De Gaulle: Tilting Iron,2026,movie,0,false,false,false,false,,
tm1500469,Lahore 1947,2026,movie,0,false,false,false,false,,
tm1666054,The Plastic Men,2026,movie,1,true,true,false,false,Bloodstream,ADS|BUY|FLATRATE|FREE|RENT
tm1977069,Neelira,2026,movie,0,false,false,false,false,,
tm1904018,Sisa,2026,movie,0,false,false,false,false,,
tm1607032,Gorky Resort,2026,movie,0,false,false,true,false,,BUY|RENT
tm1571535,The Children of the Resistance,2026,movie,0,false,false,false,false,,
tm2868101,Crossing,2026,movie,0,false,false,false,false,,
tm1972677,Winter: Battleground,2026,movie,0,false,false,true,false,,BUY|RENT
tm2871330,Landship,2026,movie,0,false,false,false,false,,
tm2874272,Atonement,2026,movie,0,false,false,false,false,,
tm2885836,World War Bigfoot,2026,movie,0,false,false,true,false,,BUY|RENT
tm1967211,The Zero Line: Inside Russia's War,2026,movie,1,true,true,false,false,BritBox,FLATRATE
tm1900832,Hot Blues in a Cold War,2026,movie,0,false,false,true,false,,ADS|BUY|FREE|RENT
tm1956148,Winter: Battleground,2026,movie,0,false,false,true,false,,BUY|RENT
tm2636078,Eagles Over the Gulf: Desert Storm Original Air War Footage,2026,movie,0,false,false,false,false,,FREE
tm1231061,My People,2026,movie,0,false,false,true,false,,BUY|RENT
tm1942492,The Mosquito Bowl,2026,movie,0,false,false,false,false,,
ts521198,World War II with Tom Hanks,2026,show,0,false,false,true,false,,ADS|BUY|FLATRATE|FREE
ts454353,Ołowiane dzieci,2026,show,1,true,true,false,false,Netflix,FLATRATE
ts484899,Mitterrand confidentiel,2026,show,0,false,false,false,false,,
ts525628,Clash of the Super Powers: America v China,2026,show,2,true,false,false,false,BBC Select|BritBox,FLATRATE
tm1929359,The AI Doc: Or How I Became an Apocaloptimist,2026,movie,1,true,true,false,false,Peacock,BUY|CINEMA|FLATRATE|RENT
tm1961088,Lorne,2026,movie,1,true,true,false,false,Peacock,BUY|CINEMA|FLATRATE|RENT
tm1947924,"Marty, Life Is Short",2026,movie,1,true,true,false,false,Netflix,FLATRATE
tm2867368,"Earth, Wind & Fire (To Be Celestial vs. That's the Weight of the World)",2026,movie,1,true,true,false,false,Max,FLATRATE
tm1663302,EPiC: Elvis Presley in Concert,2026,movie,1,true,true,false,false,Paramount+,BUY|CINEMA|FLATRATE|RENT
tm1645041,Everyone Is Lying to You for Money,2026,movie,0,false,false,false,false,,
tm1945316,#Skyking,2026,movie,2,true,false,false,false,Disney+|Hulu,FLATRATE
tm1621420,S4: The Bob Lazar Story,2026,movie,0,false,false,true,false,,BUY|RENT
tm1967122,Untold: The Shooting at Hawthorne Hill,2026,movie,1,true,true,false,false,Netflix,FLATRATE
tm1975631,The Story of Everything,2026,movie,0,false,false,true,false,,BUY
tm1644843,"Steal This Story, Please!",2026,movie,0,false,false,false,true,,CINEMA
tm2859835,Sleeping Dog,2026,movie,0,false,false,true,false,,BUY|RENT
tm1663897,Ghost Elephants,2026,movie,2,true,false,false,false,Disney+|Hulu,ADS|FLATRATE
tm1969342,Iron Maiden: Burning Ambition,2026,movie,0,false,false,true,false,,BUY|RENT
tm2867732,Untold UK: Vinnie Jones,2026,movie,1,true,true,false,false,Netflix,FLATRATE
tm1967110,Untold: Chess Mates,2026,movie,1,true,true,false,false,Netflix,FLATRATE
tm1679998,Man on the Run,2026,movie,1,true,true,false,false,Amazon Prime Video,CINEMA|FLATRATE
tm1932667,Queen of Chess,2026,movie,1,true,true,false,false,Netflix,FLATRATE
tm1959748,Louis Theroux: Inside the Manosphere,2026,movie,1,true,true,false,false,Netflix,FLATRATE
tm1571351,André Is an Idiot,2026,movie,1,true,true,false,false,Netflix,BUY|FLATRATE|RENT
tm1967121,Untold: Jail Blazers,2026,movie,1,true,true,false,false,Netflix,FLATRATE
tm1874893,Melania,2026,movie,1,true,true,false,false,Amazon Prime Video,CINEMA|FLATRATE
tm1624399,Billy Idol Should Be Dead,2026,movie,1,true,true,false,false,Hulu,BUY|CINEMA|FLATRATE|RENT
tm1959720,Noah Kahan: Out of Body,2026,movie,1,true,true,false,false,Netflix,FLATRATE
tm1920515,Billie Eilish - Hit Me Hard and Soft: The Tour (Live in 3D),2026,movie,0,false,false,false,true,,CINEMA
tm1918916,I'm Chevy Chase and You're Not,2026,movie,1,true,true,false,false,Max,ADS|FLATRATE
tm1942785,Miracle: The Boys of '80,2026,movie,1,true,true,false,false,Netflix,FLATRATE
tm2858601,Code of Misconduct,2026,movie,0,false,false,true,false,,BUY|RENT
tm1942286,A Gorilla Story: Told by David Attenborough,2026,movie,1,true,true,false,false,Netflix,FLATRATE
tm1624439,Natchez,2026,movie,0,false,false,true,false,,BUY|RENT
tm1444557,Billy Preston: That's the Way God Planned It,2026,movie,0,false,false,false,false,,
tm2871431,Gregg Allman: The Music of My Soul,2026,movie,0,false,false,false,true,,CINEMA
tm1940818,One Last Adventure: The Making of Stranger Things 5,2026,movie,1,true,true,false,false,Netflix,FLATRATE
tm2858099,Jerry West: The Logo,2026,movie,1,true,true,false,false,Amazon Prime Video,FLATRATE
tm1575489,Stolen Kingdom,2026,movie,0,false,false,false,false,,
tm2886981,"Instadocs: Alex Murdaugh, Unconvicted",2026,movie,1,true,true,false,false,Netflix,FLATRATE
tm1943965,Fukushima: A Nuclear Nightmare,2026,movie,1,true,true,false,false,Max,FLATRATE
tm1944367,The Plastic Detox,2026,movie,1,true,true,false,false,Netflix,FLATRATE
tm1663895,Marc by Sofia,2026,movie,0,false,false,false,false,,BUY|CINEMA|RENT
tm1964652,Famous Last Words: Eric Dane,2026,movie,1,true,true,false,false,Netflix,FLATRATE
tm1967113,Untold: The Death & Life of Lamar Odom,2026,movie,1,true,true,false,false,Netflix,FLATRATE
tm2870861,The Bus: A French Football Mutiny,2026,movie,1,true,true,false,false,Netflix,FLATRATE
ts529727,Bring Me the Beauties: A Model Cult,2026,show,1,true,true,false,false,Max,FLATRATE
ts525697,The Dark Wizard,2026,show,1,true,true,false,false,Max,FLATRATE
ts529663,Michael Jackson: The Verdict,2026,show,1,true,true,false,false,Netflix,FLATRATE
ts529843,Devotion: Obedience or Betrayal,2026,show,1,true,true,false,false,Paramount+,FLATRATE|FREE
ts463683,Rafa,2026,show,1,true,true,false,false,Netflix,FLATRATE
ts529651,The Nightmare Upstairs: What Happened to Ty and Bryn?,2026,show,2,true,false,false,false,Disney+|Hulu,FLATRATE
ts528529,Kylie,2026,show,1,true,true,false,false,Netflix,FLATRATE
ts517408,Reality Check: Inside America's Next Top Model,2026,show,1,true,true,false,false,Netflix,FLATRATE
ts526249,Boy Band Confidential,2026,show,2,true,false,false,false,Discovery+|Max,ADS|BUY|FLATRATE
ts527180,Hulk Hogan: Real American,2026,show,1,true,true,false,false,Netflix,FLATRATE
ts520452,Born to Bowl,2026,show,1,true,true,false,false,Max,FLATRATE
ts526769,U.S. Against the World: Four Years with the Men's National Soccer Team,2026,show,1,true,true,false,false,Max,FLATRATE
ts357602,Surviving Earth,2026,show,1,true,true,false,false,Peacock,ADS|BUY|FLATRATE
ts525629,Betrayal: Secrets & Lies,2026,show,2,true,false,false,false,Disney+|Hulu,FLATRATE
ts516836,Neighbors,2026,show,1,true,true,false,false,Max,FLATRATE
ts379318,Secrets of the Bees,2026,show,2,true,false,false,false,Disney+|Hulu,ADS|FLATRATE
ts480433,Eva Longoria: Searching for France,2026,show,1,true,true,false,false,Max,BUY|FLATRATE|FREE
ts469628,Blue Therapy,2026,show,1,true,true,false,false,Netflix,FLATRATE
ts476687,Rise of the 49ers,2026,show,1,true,true,false,false,AMC+,ADS|BUY|FLATRATE
ts520690,Dynasty: The Murdochs,2026,show,1,true,true,false,false,Netflix,FLATRATE
ts328597,Pole to Pole with Will Smith,2026,show,2,true,false,false,false,Disney+|Hulu,ADS|BUY|FLATRATE|FREE
ts517406,Soul Power: The Legend of the American Basketball Association,2026,show,1,true,true,false,false,Amazon Prime Video,FLATRATE
ts479181,Dirty Rotten Scandals,2026,show,0,false,false,true,false,,ADS|BUY|FLATRATE
ts526399,Kara Swisher Wants to Live Forever,2026,show,0,false,false,true,false,,BUY|FLATRATE
ts529844,The Many Lives of Benjaman Kyle,2026,show,2,true,false,false,false,Discovery+|Max,ADS|BUY|FLATRATE
ts518835,Friends Like These: The Murder of Skylar Neese,2026,show,2,true,false,false,false,Disney+|Hulu,FLATRATE
ts507092,Harlan Coben's Final Twist,2026,show,1,true,true,false,false,Paramount+,FLATRATE|FREE
ts505626,The Cult of the Real Housewife,2026,show,2,true,false,false,false,Discovery+|Max,BUY|FLATRATE|FREE
ts529650,Norway: The Dark Horse,2026,show,1,true,true,false,false,Netflix,FLATRATE
ts525448,In the Eye of the Storm: Chasers,2026,show,2,true,false,false,false,Discovery+|Max,BUY|FLATRATE|FREE
ts528592,The Cult of NatureBoy,2026,show,2,true,false,false,false,Disney+|Hulu,FLATRATE
ts467741,James.,2026,show,1,true,true,false,false,Netflix,FLATRATE
ts518119,Wild Boys: Strangers in Town,2026,show,1,true,true,false,false,Paramount+,FLATRATE
ts519044,Disaster: The Chernobyl Meltdown,2026,show,1,true,true,false,false,Max,BUY|FLATRATE
ts481084,Brazil 70 - A saga do Tri,2026,show,1,true,true,false,false,Netflix,FLATRATE
ts514512,Glitter & Gold: Ice Dancing,2026,show,1,true,true,false,false,Netflix,FLATRATE
ts518403,The TikTok Killer,2026,show,1,true,true,false,false,Netflix,FLATRATE
ts504218,The Hillside Strangler,2026,show,1,true,true,false,false,MGM+,FLATRATE
tm1951671,Faces of Death,2026,movie,0,false,false,false,false,,BUY|CINEMA|FLATRATE|RENT
tm1869407,Affection,2026,movie,0,false,false,true,false,,BUY|RENT
tm1552006,The Strangers: Chapter 3,2026,movie,1,true,true,false,false,Starz,BUY|CINEMA|FLATRATE|RENT
tm1872866,This Is Not a Test,2026,movie,2,true,false,false,false,AMC+|Shudder,BUY|CINEMA|FLATRATE|RENT
tm1863096,Dolly,2026,movie,2,true,false,false,false,AMC+|Shudder,BUY|CINEMA|FLATRATE|RENT
tm1953864,Red Riding,2026,movie,1,true,true,false,false,Amazon Prime Video,BUY|CINEMA|FLATRATE|RENT
tm1956947,Pretty Lethal,2026,movie,1,true,true,false,false,Amazon Prime Video,FLATRATE
tm1959193,Salmokji: Whispering Water,2026,movie,0,false,false,false,false,,
tm2878731,Time of Death,2026,movie,0,false,false,false,false,,BUY|CINEMA|RENT
tm1944550,The Dreadful,2026,movie,1,true,true,false,false,Amazon Prime Video,BUY|CINEMA|FLATRATE|RENT
tm1666303,The Mortuary Assistant,2026,movie,2,true,false,false,false,AMC+|Shudder,BUY|CINEMA|FLATRATE|RENT
tm1573631,Touch Me,2026,movie,0,false,false,false,false,,BUY|CINEMA|RENT
tm2873976,The Last House,2026,movie,0,false,false,false,false,,
tm1570824,Bhooth Bangla,2026,movie,1,true,true,false,false,Netflix,CINEMA|FLATRATE
tm2858221,Hive,2026,movie,0,false,false,false,false,,ADS
ts417081,The Unknowable: Darkland,2026,show,2,true,false,false,false,Amazon Prime Video|Midnight Pulp,ADS|BUY|FLATRATE|FREE
ts443624,The House of the Spirits,2026,show,1,true,true,false,false,Amazon Prime Video,FLATRATE
ts449773,Synden,2026,show,1,true,true,false,false,Netflix,FLATRATE
ts369881,Crystal Lake,2026,show,0,false,false,false,false,,
ts504401,Needy Girl Overdose,2026,show,1,true,true,false,false,Crunchyroll,BUY|FLATRATE
ts432880,Human Vapor,2026,show,0,false,false,false,false,,
ts476818,Carrie,2026,show,0,false,false,false,false,,
ts520315,Balaraw: Blood Island,2026,show,0,false,false,false,false,,
tm1605796,The Singers,2026,movie,1,true,true,false,false,Netflix,FLATRATE
tm1515000,K-Pops!,2026,movie,1,true,true,false,false,Netflix,BUY|CINEMA|FLATRATE|RENT
tm1613114,I Can Only Imagine 2,2026,movie,0,false,false,false,false,,BUY|CINEMA|FLATRATE|RENT
tm1952411,Lainey Wilson: Keepin' Country Cool,2026,movie,1,true,true,false,false,Netflix,FLATRATE
tm1933157,Stray Kids: The dominATE Experience,2026,movie,1,true,true,false,false,Hulu,BUY|CINEMA|FLATRATE|RENT
tm1950170,Feel My Voice,2026,movie,1,true,true,false,false,Netflix,FLATRATE
tm1605891,Clika,2026,movie,1,true,true,false,false,Netflix,BUY|CINEMA|FLATRATE|RENT
tm1955514,Everybody Digs Bill Evans,2026,movie,0,false,false,false,false,,
tm1974813,Barbara - Becoming Shirin David,2026,movie,1,true,true,false,false,Netflix,FLATRATE
tm1955565,BTS THE COMEBACK LIVE | ARIRANG,2026,movie,1,true,true,false,false,Netflix,FLATRATE
tm1955774,BTS: The Return,2026,movie,1,true,true,false,false,Netflix,FLATRATE
tm1970247,Harry Styles. One Night in Manchester.,2026,movie,1,true,true,false,false,Netflix,FLATRATE
tm1931597,This Is I,2026,movie,1,true,true,false,false,Netflix,FLATRATE
tm2880830,Kylie: Tension Tour Live,2026,movie,1,true,true,false,false,Netflix,FLATRATE
tm1673752,Broken English,2026,movie,0,false,false,false,false,,
tm455636,The Dirt,2026,movie,1,true,true,false,false,Netflix,FLATRATE
tm1960746,Descendants/Zombies Worlds Collide: Concert Special,2026,movie,1,true,true,false,false,Disney+,BUY|FLATRATE
tm2884090,Deixa Acontecer,2026,movie,0,false,false,false,false,,
tm1924067,Heartman: Rock and Love,2026,movie,1,true,true,false,false,Rakuten Viki,FLATRATE
tm1624520,Boy George & Culture Club,2026,movie,0,false,false,false,false,,BUY|CINEMA|RENT
tm2875351,Sing Geetham,2026,movie,0,false,false,false,true,,CINEMA
tm1948925,Bring Me the Horizon: L.I.V.E. in São Paulo,2026,movie,0,false,false,false,false,,BUY|CINEMA|RENT
tm1343647,The Deb,2026,movie,0,false,false,false,false,,
tm1678620,Nimrods,2026,movie,0,false,false,false,false,,
tm1674767,California Schemin',2026,movie,0,false,false,false,false,,
tm1962779,Camp Rock 3,2026,movie,0,false,false,false,false,,
tm2885973,BTS World Tour 'Arirang' in Busan: Live Viewing,2026,movie,0,false,false,false,true,,CINEMA
tm1407520,Pretty Ugly: The Story of the Lunachicks,2026,movie,0,false,false,true,false,,BUY|FREE|RENT
tm1913810,Rockstar,2026,movie,0,false,false,false,false,,
tm2870985,Mexico 86,2026,movie,1,true,true,false,false,Netflix,FLATRATE
tm1964274,Beast,2026,movie,0,false,false,false,false,,BUY|CINEMA|RENT
tm1574367,Giant,2026,movie,0,false,false,false,false,,BUY|CINEMA|RENT
tm1964065,Ronda Rousey vs. Gina Carano,2026,movie,1,true,true,false,false,Netflix,FLATRATE
tm1930551,Skyscraper Live,2026,movie,1,true,true,false,false,Netflix,FLATRATE
tm1957198,Supernova Strikers: Genesis,2026,movie,1,true,true,false,false,Netflix,FLATRATE
tm1617403,Peddi,2026,movie,0,false,false,false,true,,CINEMA
tm1968520,Meal Ticket,2026,movie,1,true,true,false,false,Amazon Prime Video,FLATRATE
tm1971580,Rory McIlroy: The Masters Wait,2026,movie,1,true,true,false,false,Amazon Prime Video,FLATRATE
tm1621644,Chatha Pacha,2026,movie,1,true,true,false,false,Netflix,CINEMA|FLATRATE
tm1935809,Pegasus 3,2026,movie,0,false,false,false,true,,CINEMA
tm1850967,Youngblood,2026,movie,0,false,false,false,false,,BUY|CINEMA|RENT
tm1923299,UFC 325: Volkanovski vs. Lopes 2,2026,movie,0,false,false,false,true,,CINEMA
tm1438859,Standout: The Ben Kjar Story,2026,movie,1,true,true,false,false,Angel Studios,BUY|FLATRATE|RENT
tm1922684,UFC 324: Gaethje vs. Pimblett,2026,movie,0,false,false,false,true,,CINEMA
tm1905571,WWE Elimination Chamber,2026,movie,0,false,false,false,false,,
tm1932823,UFC 326: Holloway vs. Oliveira 2,2026,movie,0,false,false,false,true,,CINEMA
tm1956837,Jack Johnson: SURFILMUSIC,2026,movie,0,false,false,false,true,,CINEMA
tm1964347,WWE Clash in Italy,2026,movie,1,true,true,false,false,Disney+,CINEMA|FLATRATE
tm1857392,Pickleball,2026,movie,0,false,false,false,false,,
tm1626017,Girl Climber,2026,movie,0,false,false,false,false,,BUY|CINEMA|RENT
tm1962937,Supercars - Road to Glory,2026,movie,1,true,true,false,false,Amazon Prime Video,FLATRATE
tm1918961,Homecoming: The Tokyo Series,2026,movie,0,false,false,false,false,,
tm1929746,Bulls,2026,movie,0,false,false,false,false,,BUY|CINEMA|RENT
tm1957355,Air Bud Returns,2026,movie,0,false,false,false,false,,
tm1601793,WrestleMania 42,2026,movie,1,true,true,false,false,Disney+,FLATRATE
tm1978582,MLB Opening Night: Yankees vs. Giants,2026,movie,1,true,true,false,false,Netflix,FLATRATE
tm1582279,WWE Royal Rumble,2026,movie,0,false,false,false,false,,
tm1943897,Marc Marquez: All on Red,2026,movie,0,false,false,false,false,,ADS
tm1559722,Super Bowl LX,2026,movie,0,false,false,false,false,,
ts523002,Ronaldinho: The One and Only,2026,show,1,true,true,false,false,Netflix,FLATRATE
ts479244,The CEO Club,2026,show,1,true,true,false,false,Amazon Prime Video,FLATRATE
ts444682,Salvador,2026,show,1,true,true,false,false,Netflix,FLATRATE
ts519536,Made for March,2026,show,1,true,true,false,false,Paramount+,FLATRATE
ts518108,On the Edge: World Cup Ski Racing,2026,show,1,true,true,false,false,Disney+,FLATRATE
ts484559,The Dynasty: UConn Huskies,2026,show,0,false,false,false,false,,
ts515672,Sukha Raider,2026,show,1,true,true,false,false,KableOne,FLATRATE
ts440547,2026 FIFA World Cup,2026,show,0,false,false,false,false,,
ts515250,The Object of the Game,2026,show,0,false,false,true,false,,BUY
ts514479,Don't Call It a Comeback,2026,show,0,false,false,false,false,,FLATRATE
tm1976138,The Reunion: Laguna Beach,2026,movie,0,false,false,false,false,,ADS
tm1915615,The Actor Awards Presented by SAG-AFTRA,2026,movie,0,false,false,false,false,,
tm1974874,Love Is Blind: The Reunion,2026,movie,1,true,true,false,false,Netflix,FLATRATE
tm1950228,Royal Rumble 2026,2026,movie,1,true,true,false,false,Disney+,FLATRATE
tm1942969,Running Man Viet Nam Mua 3: Con Roi Tu Do,2026,movie,0,false,false,false,false,,
tm1628611,The 31st Annual Critics' Choice Awards,2026,movie,0,false,false,false,false,,
tm1973415,TCD Among Us: Multiverse Edition,2026,movie,0,false,false,false,false,,
tm1905963,The 137th Rose Parade presented by Honda,2026,movie,0,false,false,false,false,,
ts529731,Outlast: The Jungle,2026,show,1,true,true,false,false,Netflix,FLATRATE
ts520656,One Day in My Body,2026,show,2,true,false,false,false,Discovery+|Max,ADS|BUY|FLATRATE|FREE
ts447644,America's Culinary Cup,2026,show,1,true,true,false,false,Paramount+,FLATRATE
ts479726,Age of Attraction,2026,show,1,true,true,false,false,Netflix,FLATRATE
ts478882,The Real Housewives of Rhode Island,2026,show,1,true,true,false,false,Peacock,ADS|BUY|FLATRATE|FREE
ts479224,Fear Factor: House of Fear,2026,show,3,true,false,false,false,Disney+|FOX One|Hulu,ADS|BUY|FLATRATE|FREE
ts527227,In the City,2026,show,1,true,true,false,false,Peacock,BUY|FLATRATE
ts436740,American Gladiators,2026,show,1,true,true,false,false,Amazon Prime Video,FLATRATE
ts510776,Suddenly Amish,2026,show,2,true,false,false,false,Discovery+|Max,ADS|BUY|FLATRATE|FREE
ts527409,Bear Grylls is Running Wild,2026,show,2,true,false,false,false,Disney+|Hulu,ADS|BUY|FLATRATE|FREE
ts496193,Calabasas Confidential,2026,show,1,true,true,false,false,Netflix,FLATRATE
ts504331,The Greatest Average American,2026,show,2,true,false,false,false,Disney+|Hulu,FLATRATE
ts51399,Madam Beja,2026,show,1,true,true,false,false,Max,FLATRATE
ts530091,100 Cooks,2026,show,2,true,false,false,false,Discovery+|Max,BUY|FLATRATE
ts508272,Star Search,2026,show,1,true,true,false,false,Netflix,FLATRATE
ts527567,Travis Japan Summer Vacation!! in the USA,2026,show,2,true,false,false,false,Disney+|Hulu,FLATRATE
ts529251,The Grand-ish Tour,2026,show,1,true,true,false,false,Amazon Prime Video,FLATRATE
ts511933,Crime in Progress,2026,show,0,false,false,true,false,,ADS|BUY|FLATRATE|FREE
ts517038,Love Is Blind: Poland,2026,show,1,true,true,false,false,Netflix,FLATRATE
ts496923,Ready or Not: Texas,2026,show,1,true,true,false,false,Netflix,FLATRATE
ts509494,Canada Shore,2026,show,1,true,true,false,false,Paramount+,BUY|FLATRATE
ts520583,Flavortown Food Fight,2026,show,2,true,false,false,false,Discovery+|Max,ADS|BUY|FLATRATE|FREE
ts526415,Jae-seok's B&B Rules!,2026,show,1,true,true,false,false,Netflix,FLATRATE
ts519391,Bachelor Mansion Takeover,2026,show,2,true,false,false,false,Discovery+|Max,ADS|FLATRATE
ts516762,120 Hours Behind Bars,2026,show,2,true,false,false,false,Discovery+|Max,BUY|FLATRATE|FREE
ts495373,That Thrifting Show,2026,show,2,true,false,false,false,Disney+|Hulu,FLATRATE
ts517666,DIY Dungeon,2026,show,1,true,true,false,false,OUTtv,FLATRATE|FREE
ts487007,The Valley: Persian Style,2026,show,1,true,true,false,false,Peacock,BUY|FLATRATE|FREE
ts526139,Raising Chelsea,2026,show,1,true,true,false,false,Hulu,FLATRATE
ts527255,Salish & Jordan Matter,2026,show,1,true,true,false,false,Netflix,FLATRATE
ts500460,Neighborhood Watch,2026,show,2,true,false,false,false,Discovery+|Max,BUY|FLATRATE|FREE
ts514385,Is It Cake? Valentines,2026,show,1,true,true,false,false,Netflix,FLATRATE
ts514470,Yes or No Games,2026,show,1,true,true,false,false,Amazon Prime Video,FLATRATE
ts517475,Tout simplement fan,2026,show,1,true,true,false,false,Amazon Prime Video,FLATRATE
ts509664,Baking Championship: Next Gen,2026,show,2,true,false,false,false,Discovery+|Max,BUY|FLATRATE|FREE
ts528178,Desi Bling,2026,show,1,true,true,false,false,Netflix,FLATRATE
ts518189,The Village Barber,2026,show,1,true,true,false,false,Rakuten Viki,ADS|FLATRATE
tm1870137,A Great Awakening,2026,movie,0,false,false,false,false,,BUY|CINEMA|RENT
tm1942192,The Bluff,2026,movie,1,true,true,false,false,Amazon Prime Video,FLATRATE
tm1951443,Biao ren,2026,movie,0,false,false,false,false,,BUY|CINEMA
tm1659596,Young Washington,2026,movie,0,false,false,false,true,,CINEMA
tm1929788,The King's Warden,2026,movie,0,false,false,false,false,,
tm2874173,Untold UK: Liverpool's Miracle of Istanbul,2026,movie,1,true,true,false,false,Netflix,FLATRATE
tm1956115,Kokurojo: The Samurai and the Prisoner,2026,movie,0,false,false,false,false,,
tm1639139,Raja Shivaji,2026,movie,0,false,false,false,true,,CINEMA
tm2880792,Chardikala,2026,movie,0,false,false,false,true,,CINEMA
tm2863096,Revolutionary America,2026,movie,0,false,false,false,true,,CINEMA
tm1563182,Parasakthi,2026,movie,0,false,false,false,true,,CINEMA
tm1647793,Asad,2026,movie,0,false,false,false,true,,CINEMA
tm1931105,De Gaulle: The Sovereign Edge,2026,movie,0,false,false,false,false,,
tm1664948,À bras-le-corps,2026,movie,0,false,false,false,false,,
tm2867116,The Brink of War,2026,movie,0,false,false,false,true,,CINEMA
tm1936723,Rose,2026,movie,0,false,false,false,false,,
tm1952632,Artemis: To the Moon and Back,2026,movie,0,false,false,false,false,,
tm1648990,Das geheime Stockwerk,2026,movie,0,false,false,false,false,,
tm2868480,Killing Castro,2026,movie,0,false,false,false,false,,
tm1973602,The Uprising,2026,movie,0,false,false,false,false,,
tm1592899,Checker Tobi 3: Die heimliche Herrscherin der Erde,2026,movie,0,false,false,false,false,,
tm2869024,A. Rimbaud,2026,movie,0,false,false,false,false,,
tm1554944,Fiume o morte!,2026,movie,0,false,false,true,false,,BUY
tm1938835,The Forgotten Occupation: Jim Crow Goes to Haiti,2026,movie,0,false,false,false,false,,
ts496110,Straight To Hell,2026,show,1,true,true,false,false,Netflix,FLATRATE
ts378879,Portobello,2026,show,1,true,true,false,false,Max,FLATRATE
ts517282,The Faithful: Women of the Bible,2026,show,4,true,false,false,false,Disney+|FOX One|Hulu|Wonder Project,BUY|FLATRATE
ts474174,Oedo Fire Slayer -The Legend of Phoenix-,2026,show,1,true,true,false,false,Crunchyroll,BUY|FLATRATE
ts506923,To My Beloved Thief,2026,show,1,true,true,false,false,Rakuten Viki,ADS|FLATRATE
ts477065,Jaadugar: A Witch in Mongolia,2026,show,0,false,false,false,false,,
ts510536,David: King of Israel,2026,show,0,false,false,false,false,,FLATRATE
ts516733,History's Greatest Picks with Mike Wolfe,2026,show,0,false,false,true,false,,BUY|FLATRATE|FREE
ts511541,Jazz City,2026,show,0,false,false,false,false,,FLATRATE
tm2859686,Signal One,2026,movie,0,false,false,false,false,,BUY|CINEMA|RENT
tm2883760,Master of the Universe,2026,movie,0,false,false,true,false,,BUY|FREE|RENT
tm1931209,In the Blink of an Eye,2026,movie,2,true,false,false,false,Disney+|Hulu,FLATRATE
tm1534247,Jana Nayagan,2026,movie,0,false,false,false,false,,
tm1482645,Dune: Part Three,2026,movie,0,false,false,false,true,,CINEMA
tm1572465,Clayface,2026,movie,0,false,false,false,false,,
tm1103404,Storm Rider: Legend of Hammerhead,2026,movie,0,false,false,false,false,,BUY|CINEMA|RENT
tm1607195,Resident Evil,2026,movie,0,false,false,false,false,,
tm1931448,Killer Whale,2026,movie,0,false,false,false,false,,BUY|CINEMA|FLATRATE|RENT
tm1572525,By Design,2026,movie,0,false,false,false,false,,BUY|CINEMA|RENT
ts484108,Ashes to Crown,2026,show,1,true,true,false,false,Netflix,FLATRATE
ts495075,Reborn Rookie,2026,show,1,true,true,false,false,Rakuten Viki,ADS|FLATRATE
tm1869049,This Bloody Country,2026,movie,1,true,true,false,false,Amazon Prime Video,ADS|BUY|FLATRATE|FREE|RENT
tm1908790,Thieves Highway,2026,movie,2,true,false,false,false,Disney+|Hulu,BUY|CINEMA|FLATRATE|FREE|RENT
tm2867652,The Wolf and the Lamb,2026,movie,0,false,false,false,false,,BUY|CINEMA|RENT
tm1854343,Bad Men Must Bleed,2026,movie,1,true,true,false,false,Amazon Prime Video,ADS|BUY|FLATRATE|RENT
tm2858869,Casa Grande,2026,movie,0,false,false,false,false,,BUY|CINEMA|RENT
tm1857843,Wolfram,2026,movie,0,false,false,false,false,,
tm2884966,The Isolate Thief,2026,movie,0,false,false,false,false,,
tm2867207,Valley of the Shadow,2026,movie,0,false,false,true,false,,ADS|BUY|FREE|RENT
tm1942079,Blood Totem,2026,movie,0,false,false,true,false,,ADS|BUY|RENT
tm2883987,Texas Rhapsody,2026,movie,0,false,false,true,false,,BUY|RENT
tm1942567,The Forsaken,2026,movie,0,false,false,false,false,,ADS
tm1609927,Sod and Stubble,2026,movie,0,false,false,false,false,,FREE
ts511191,Hope Valley: 1874,2026,show,1,true,true,false,false,Hallmark+,FLATRATE
ts445605,Lucky Luke,2026,show,0,false,false,false,false,,
ts455382,1944,2026,show,0,false,false,false,false,,
ts519884,Bass X Machina,2026,show,0,false,false,false,false,,
ts473958,Trigun Stargaze,2026,show,0,false,false,false,false,,
tm1576989,Marty Supreme,2025,movie,1,true,true,false,false,Max,BUY|CINEMA|FLATRATE|RENT
tm1459877,One Battle After Another,2025,movie,2,true,false,false,false,Amazon Prime Video|Max,BUY|CINEMA|FLATRATE|RENT
tm1504418,Bugonia,2025,movie,1,true,true,false,false,Netflix,BUY|CINEMA|FLATRATE|RENT
tm1656509,No Other Choice,2025,movie,2,true,false,false,false,Disney+|Hulu,BUY|CINEMA|FLATRATE|RENT
tm1591341,Pillion,2025,movie,1,true,true,false,false,Max,BUY|CINEMA|FLATRATE|RENT
tm1591333,Eternity,2025,movie,1,true,true,false,false,Apple TV+,BUY|CINEMA|FLATRATE
tm1452845,The Naked Gun,2025,movie,3,true,false,false,false,Amazon Prime Video|MGM+|Paramount+,BUY|CINEMA|FLATRATE|RENT
tm1553570,Roofman,2025,movie,3,true,false,false,false,Amazon Prime Video|MGM+|Paramount+,BUY|CINEMA|FLATRATE|RENT
tm1659964,Rental Family,2025,movie,2,true,false,false,false,Disney+|Hulu,BUY|CINEMA|FLATRATE|RENT
tm1576791,Anaconda,2025,movie,1,true,true,false,false,Netflix,BUY|CINEMA|FLATRATE|RENT
tm1557116,Good Fortune,2025,movie,1,true,true,false,false,Starz,BUY|CINEMA|FLATRATE|RENT
tm1667566,Is This Thing On?,2025,movie,2,true,false,false,false,Disney+|Hulu,BUY|FLATRATE|RENT
tm1422016,Zootopia 2,2025,movie,1,true,true,false,false,Disney+,BUY|CINEMA|FLATRATE|RENT
tm1504086,Nobody 2,2025,movie,1,true,true,false,false,Netflix,BUY|CINEMA|FLATRATE|RENT
tm1573145,If I Had Legs I'd Kick You,2025,movie,1,true,true,false,false,Max,BUY|CINEMA|FLATRATE|RENT
tm1562764,Wake Up Dead Man: A Knives Out Mystery,2025,movie,1,true,true,false,false,Netflix,CINEMA|FLATRATE
tm1573782,Together,2025,movie,2,true,false,false,false,Disney+|Hulu,BUY|CINEMA|FLATRATE|FREE|RENT
tm1413813,Eddington,2025,movie,1,true,true,false,false,Max,BUY|CINEMA|FLATRATE|RENT
tm1573437,Twinless,2025,movie,2,true,false,false,false,Disney+|Hulu,BUY|CINEMA|FLATRATE|RENT
tm1629154,Yes,2025,movie,0,false,false,true,false,,BUY|RENT
tm1308469,How to Train Your Dragon,2025,movie,1,true,true,false,false,Netflix,BUY|CINEMA|FLATRATE|RENT
tm1284060,Mickey 17,2025,movie,3,true,false,false,false,Acorn TV|Cinemax|Max,BUY|CINEMA|FLATRATE|RENT
tm1587335,Blue Moon,2025,movie,1,true,true,false,false,Netflix,BUY|CINEMA|FLATRATE|RENT
tm1325444,A Minecraft Movie,2025,movie,2,true,false,false,false,Amazon Prime Video|Max,BUY|CINEMA|FLATRATE|RENT
tm1616151,Fackham Hall,2025,movie,1,true,true,false,false,Max,BUY|CINEMA|FLATRATE|RENT
tm1572399,The Phoenician Scheme,2025,movie,1,true,true,false,false,Amazon Prime Video,BUY|CINEMA|FLATRATE|RENT
tm1332703,I Am Frankelda,2025,movie,1,true,true,false,false,Netflix,FLATRATE
tm1591246,Caught Stealing,2025,movie,1,true,true,false,false,Netflix,BUY|CINEMA|FLATRATE|RENT
tm1573555,"Sorry, Baby",2025,movie,1,true,true,false,false,Max,BUY|CINEMA|FLATRATE|RENT
tm1489402,The Ugly Stepsister,2025,movie,4,true,false,false,false,AMC+|Disney+|Hulu|Shudder,BUY|CINEMA|FLATRATE|FREE|RENT
tm1613947,The Last Viking,2025,movie,0,false,false,true,false,,BUY|RENT
tm1524195,Code 3,2025,movie,2,true,false,false,false,Disney+|Hulu,BUY|CINEMA|FLATRATE|RENT
tm1627484,Honey Don't!,2025,movie,1,true,true,false,false,Netflix,BUY|CINEMA|FLATRATE|RENT
tm1589939,Materialists,2025,movie,1,true,true,false,false,Max,BUY|CINEMA|FLATRATE|RENT
tm1660374,Merrily We Roll Along,2025,movie,1,true,true,false,false,Netflix,BUY|CINEMA|FLATRATE|RENT
tm1613927,Chainsaw Man - The Movie: Reze Arc,2025,movie,1,true,true,false,false,Crunchyroll,BUY|CINEMA|FLATRATE
tm1522006,Friendship,2025,movie,3,true,false,false,false,Acorn TV|Cinemax|Max,BUY|CINEMA|FLATRATE|RENT
tm1614853,Splitsville,2025,movie,2,true,false,false,false,Disney+|Hulu,BUY|CINEMA|FLATRATE|FREE|RENT
tm1611601,Father Mother Sister Brother,2025,movie,1,true,true,false,false,MUBI,BUY|FLATRATE|RENT
tm1623389,A Useful Ghost,2025,movie,1,true,true,false,false,Amazon Prime Video,BUY|FLATRATE|FREE|RENT
tm1492487,The Monkey,2025,movie,2,true,false,false,false,Disney+|Hulu,BUY|CINEMA|FLATRATE|FREE|RENT
tm1591911,K-Pop Demon Hunters,2025,movie,1,true,true,false,false,Netflix,CINEMA|FLATRATE
tm1583505,The Roses,2025,movie,2,true,false,false,false,Disney+|Hulu,BUY|CINEMA|FLATRATE|RENT
tm1225657,Spinal Tap II: The End Continues,2025,movie,1,true,true,false,false,Max,BUY|CINEMA|FLATRATE|FREE|RENT
tm1573643,The Ballad of Wallis Island,2025,movie,1,true,true,false,false,Amazon Prime Video,BUY|CINEMA|FLATRATE|RENT
tm1374245,The Toxic Avenger,2025,movie,3,true,false,false,false,Disney+|Hulu|Midnight Pulp,BUY|CINEMA|FLATRATE|RENT
tm1620914,Merv,2025,movie,1,true,true,false,false,Amazon Prime Video,FLATRATE
tm1628760,A Poet,2025,movie,0,false,false,true,false,,BUY|RENT
tm1655457,The Choral,2025,movie,0,false,false,false,false,,BUY|CINEMA|RENT
tm1676822,Jingle Bell Heist,2025,movie,1,true,true,false,false,Netflix,FLATRATE
ts418584,The Four Seasons,2025,show,1,true,true,false,false,Netflix,FLATRATE
ts419062,Running Point,2025,show,1,true,true,false,false,Netflix,BUY|FLATRATE
ts394771,Deli Boys,2025,show,2,true,false,false,false,Disney+|Hulu,FLATRATE
ts428625,Bad Thoughts,2025,show,1,true,true,false,false,Netflix,FLATRATE
ts447169,Amandaland,2025,show,0,false,false,false,false,,FREE
ts393153,Among Us,2025,show,1,true,true,false,false,Paramount+,FLATRATE|FREE
ts425209,The Studio,2025,show,1,true,true,false,false,Apple TV+,FLATRATE
ts401055,Common Side Effects,2025,show,1,true,true,false,false,Max,ADS|BUY|FLATRATE
ts461858,Dying for Sex,2025,show,2,true,false,false,false,Disney+|Hulu,FLATRATE
ts421123,The Lowdown,2025,show,2,true,false,false,false,Disney+|Hulu,BUY|FLATRATE|FREE
ts414439,Murderbot,2025,show,1,true,true,false,false,Apple TV+,FLATRATE
ts449108,The Chair Company,2025,show,1,true,true,false,false,Max,BUY|FLATRATE
ts453983,Last One Laughing UK,2025,show,1,true,true,false,false,Amazon Prime Video,FLATRATE
ts489777,Stumble,2025,show,1,true,true,false,false,Peacock,ADS|BUY|FLATRATE|FREE
ts424764,Chad Powers,2025,show,2,true,false,false,false,Disney+|Hulu,FLATRATE
ts442400,DMV,2025,show,1,true,true,false,false,Paramount+,BUY|FLATRATE|FREE
ts437759,Haunted Hotel,2025,show,1,true,true,false,false,Netflix,FLATRATE
ts443643,Sunny Nights,2025,show,2,true,false,false,false,Disney+|Hulu,FLATRATE
ts433490,The Paper,2025,show,1,true,true,false,false,Peacock,BUY|FLATRATE
ts447846,I Love LA,2025,show,1,true,true,false,false,Max,BUY|FLATRATE
ts400838,Study Group,2025,show,1,true,true,false,false,Rakuten Viki,ADS|FLATRATE
ts440132,Death Valley,2025,show,1,true,true,false,false,BritBox,BUY|FLATRATE
ts379570,The Mighty Nein,2025,show,1,true,true,false,false,Amazon Prime Video,ADS|FLATRATE
ts475607,The Twelve Dates of Christmas,2025,show,1,true,true,false,false,Hallmark+,BUY|FLATRATE
ts435763,Going Dutch,2025,show,3,true,false,false,false,Disney+|FOX One|Hulu,BUY|FLATRATE|FREE
ts444427,Shifting Gears,2025,show,2,true,false,false,false,Disney+|Hulu,BUY|FLATRATE|FREE
ts444420,Adults,2025,show,2,true,false,false,false,Disney+|Hulu,BUY|FLATRATE
ts431322,Stick,2025,show,1,true,true,false,false,Apple TV+,FLATRATE
ts416125,The Residence,2025,show,1,true,true,false,false,Netflix,FLATRATE
ts431389,North of North,2025,show,1,true,true,false,false,Netflix,FLATRATE
ts417529,Hal & Harper,2025,show,1,true,true,false,false,MUBI,ADS|BUY|FLATRATE
ts423366,Overcompensating,2025,show,1,true,true,false,false,Amazon Prime Video,ADS|FLATRATE
ts429289,Good Cop/Bad Cop,2025,show,2,true,false,false,false,Amazon Prime Video|Netflix,ADS|FLATRATE|FREE
ts477591,Happiness,2025,show,0,false,false,true,false,,BUY|FLATRATE
ts430128,Project UFO,2025,show,1,true,true,false,false,Netflix,FLATRATE
ts492555,Dudes,2025,show,1,true,true,false,false,Netflix,FLATRATE
ts463480,Man vs Baby,2025,show,1,true,true,false,false,Netflix,FLATRATE
ts439719,Perfect Match,2025,show,1,true,true,false,false,Netflix,FLATRATE
ts432024,Roosters,2025,show,1,true,true,false,false,Netflix,FLATRATE
ts480202,Aniela,2025,show,1,true,true,false,false,Netflix,FLATRATE
ts465565,Would You Marry Me?,2025,show,2,true,false,false,false,Disney+|Hulu,FLATRATE
ts485249,The 1% Club,2025,show,2,true,false,false,false,Disney+|Hulu,ADS|BUY|FLATRATE
ts403828,My Family,2025,show,1,true,true,false,false,Netflix,FLATRATE
ts113507,Hotel Costiera,2025,show,1,true,true,false,false,Amazon Prime Video,BUY|FLATRATE
ts431325,The Runarounds,2025,show,1,true,true,false,false,Amazon Prime Video,ADS|FLATRATE
ts378904,#1 Happy Family USA,2025,show,1,true,true,false,false,Amazon Prime Video,ADS|FLATRATE
ts444079,Confidence Queen,2025,show,1,true,true,false,false,Amazon Prime Video,FLATRATE
ts469871,Pro Bono,2025,show,1,true,true,false,false,Netflix,FLATRATE
ts497764,G.R.I.T.S. (Girls Raised in the South),2025,show,1,true,true,false,false,ALLBLK,BUY|FLATRATE
ts446646,Head Over Heels,2025,show,1,true,true,false,false,Amazon Prime Video,FLATRATE
tm453584,Mission: Impossible - The Final Reckoning,2025,movie,3,true,false,false,false,Amazon Prime Video|MGM+|Paramount+,BUY|CINEMA|FLATRATE|RENT
tm1492505,The Secret Agent,2025,movie,2,true,false,false,false,Disney+|Hulu,BUY|FLATRATE|RENT
tm863319,Now You See Me: Now You Don't,2025,movie,1,true,true,false,false,Starz,BUY|CINEMA|FLATRATE|RENT
tm1573545,Lurker,2025,movie,2,true,false,false,false,MUBI|Max,BUY|CINEMA|FLATRATE|RENT
tm1622477,It Was Just an Accident,2025,movie,2,true,false,false,false,Disney+|Hulu,BUY|CINEMA|FLATRATE|RENT
tm1646758,The Shadow's Edge,2025,movie,0,false,false,false,true,,CINEMA
tm1520381,The Accountant²,2025,movie,1,true,true,false,false,Amazon Prime Video,BUY|CINEMA|FLATRATE|RENT
tm1621849,A Private Life,2025,movie,0,false,false,false,false,,BUY|CINEMA|RENT
tm1621546,The Mastermind,2025,movie,1,true,true,false,false,MUBI,BUY|CINEMA|FLATRATE|RENT
tm1588246,Redux Redux,2025,movie,0,false,false,false,false,,BUY|CINEMA|RENT
tm1632240,The Stranger,2025,movie,0,false,false,true,false,,BUY|RENT
tm1622508,Two Prosecutors,2025,movie,0,false,false,true,false,,BUY
tm1471610,A Working Man,2025,movie,2,true,false,false,false,Amazon Prime Video|MGM+,BUY|CINEMA|FLATRATE|RENT
tm1641611,Trap House,2025,movie,1,true,true,false,false,Netflix,BUY|CINEMA|FLATRATE|RENT
tm1573778,The Perfect Neighbor,2025,movie,1,true,true,false,false,Netflix,FLATRATE
tm1535717,Strange Harvest,2025,movie,2,true,false,false,false,Disney+|Hulu,BUY|CINEMA|FLATRATE|RENT
tm1573547,Predators,2025,movie,1,true,true,false,false,Paramount+,BUY|FLATRATE|RENT
tm1411927,The Bad Guys 2,2025,movie,1,true,true,false,false,Netflix,BUY|CINEMA|FLATRATE|RENT
tm1598137,After the Hunt,2025,movie,1,true,true,false,false,Amazon Prime Video,CINEMA|FLATRATE
tm1897087,Stone Cold Fox,2025,movie,1,true,true,false,false,Netflix,BUY|CINEMA|FLATRATE|RENT
tm1238268,Thunderbolts*,2025,movie,1,true,true,false,false,Disney+,BUY|CINEMA|FLATRATE|RENT
tm1657341,Dhurandhar,2025,movie,1,true,true,false,false,Netflix,CINEMA|FLATRATE
tm1535244,The Partisan,2025,movie,1,true,true,false,false,Amazon Prime Video,ADS|BUY|FLATRATE|FREE|RENT
tm1635572,Hunting Season,2025,movie,0,false,false,true,false,,BUY|FREE|RENT
tm1641315,Girl in the Attic,2025,movie,3,true,false,false,false,Disney+|Hulu|Lifetime Movie Club,ADS|BUY|FLATRATE|FREE|RENT
tm1593177,The Thursday Murder Club,2025,movie,1,true,true,false,false,Netflix,FLATRATE
tm1331474,Adulthood,2025,movie,0,false,false,false,false,,BUY|CINEMA|RENT
tm1570880,Novocaine,2025,movie,3,true,false,false,false,Amazon Prime Video|MGM+|Paramount+,BUY|CINEMA|FLATRATE|RENT
tm1584963,Highest 2 Lowest,2025,movie,1,true,true,false,false,Apple TV+,CINEMA|FLATRATE
tm1623466,Sovereign,2025,movie,2,true,false,false,false,Disney+|Hulu,BUY|CINEMA|FLATRATE|RENT
tm1922453,Evil Influencer: The Jodi Hildebrandt Story,2025,movie,1,true,true,false,false,Netflix,FLATRATE
tm1899099,The Carman Family Deaths,2025,movie,1,true,true,false,false,Netflix,FLATRATE
tm1488884,Flight Risk,2025,movie,1,true,true,false,false,Max,BUY|CINEMA|FLATRATE|RENT
tm1624530,Rosemead,2025,movie,2,true,false,false,false,Disney+|Hulu,BUY|CINEMA|FLATRATE|FREE|RENT
tm1571479,Trigger Happy,2025,movie,1,true,true,false,false,Amazon Prime Video,ADS|BUY|FLATRATE|FREE|RENT
tm1605220,Con Mum,2025,movie,1,true,true,false,false,Netflix,FLATRATE
tm1660118,Stolen: Heist of the Century,2025,movie,1,true,true,false,false,Netflix,FLATRATE
ts414509,Your Friends & Neighbors,2025,show,1,true,true,false,false,Apple TV+,FLATRATE|FREE
ts421489,Paradise,2025,show,2,true,false,false,false,Disney+|Hulu,FLATRATE
ts353556,Daredevil: Born Again,2025,show,2,true,false,false,false,Disney+|Hulu,FLATRATE
ts463482,Patience,2025,show,0,false,false,true,false,,ADS|BUY|FLATRATE|FREE
ts424645,The Hunting Party,2025,show,2,true,false,false,false,Netflix|Peacock,ADS|BUY|FLATRATE|FREE
ts424640,MobLand,2025,show,1,true,true,false,false,Paramount+,BUY|FLATRATE
ts431016,Sheriff Country,2025,show,1,true,true,false,false,Paramount+,BUY|FLATRATE|FREE
ts421786,All Her Fault,2025,show,1,true,true,false,false,Peacock,BUY|FLATRATE
ts402399,Task,2025,show,1,true,true,false,false,Max,BUY|FLATRATE
ts392220,Dept. Q,2025,show,1,true,true,false,false,Netflix,FLATRATE
ts419796,Death by Lightning,2025,show,1,true,true,false,false,Netflix,FLATRATE
ts470781,Boston Blue,2025,show,1,true,true,false,false,Paramount+,BUY|FLATRATE|FREE
ts423074,This City Is Ours,2025,show,1,true,true,false,false,AMC+,FLATRATE
ts471639,Hollywood Demons,2025,show,4,true,false,false,false,Discovery+|Disney+|Hulu|Max,ADS|BUY|FLATRATE|FREE
ts445074,Dexter: Resurrection,2025,show,1,true,true,false,false,Paramount+,BUY|FLATRATE
ts371470,Black Rabbit,2025,show,1,true,true,false,false,Netflix,FLATRATE
ts431431,Adolescence,2025,show,1,true,true,false,false,Netflix,FLATRATE
ts460322,The Yogurt Shop Murders,2025,show,1,true,true,false,false,Max,FLATRATE
ts428898,Down Cemetery Road,2025,show,1,true,true,false,false,Apple TV+,FLATRATE
ts428071,Bookish,2025,show,0,false,false,true,false,,BUY|FLATRATE
ts488525,Last Night Out,2025,show,1,true,true,false,false,Amazon Prime Video,ADS|FLATRATE|FREE
ts461275,The Town,2025,show,1,true,true,false,false,Netflix,FLATRATE
ts412326,Ballard,2025,show,1,true,true,false,false,Amazon Prime Video,ADS|FLATRATE
ts370113,Watson,2025,show,1,true,true,false,false,Paramount+,BUY|FLATRATE|FREE
ts431207,UNTAMED,2025,show,1,true,true,false,false,Netflix,FLATRATE
ts461785,Smoke,2025,show,1,true,true,false,false,Apple TV+,FLATRATE
ts494358,Cocaine Quarterback: Signal-Caller for the Cartel,2025,show,1,true,true,false,false,Amazon Prime Video,ADS|FLATRATE
ts480855,The Gilgo Beach Killer: House of Secrets,2025,show,1,true,true,false,false,Peacock,FLATRATE
ts418549,Queen Mantis,2025,show,4,true,false,false,false,Kocowa|Netflix|OnDemandKorea|Rakuten Viki,ADS|FLATRATE
ts386474,Mandala Murders,2025,show,1,true,true,false,false,Netflix,FLATRATE
ts482477,Murder Most Puzzling,2025,show,0,false,false,true,false,,BUY|FLATRATE
ts490788,Ruby & Jodi: A Cult of Sin and Influence,2025,show,2,true,false,false,false,Discovery+|Max,ADS|BUY|FLATRATE
ts398502,Made in Korea,2025,show,2,true,false,false,false,Disney+|Hulu,ADS|FLATRATE
ts455280,Las mil muertes de Nora Dalmasso,2025,show,1,true,true,false,false,Netflix,FLATRATE
ts419713,To Kill a Monkey,2025,show,1,true,true,false,false,Netflix,FLATRATE
ts497693,Watching You,2025,show,2,true,false,false,false,Disney+|Hulu,FLATRATE
ts364076,A Thousand Blows,2025,show,2,true,false,false,false,Disney+|Hulu,FLATRATE
ts422426,Las muertas,2025,show,1,true,true,false,false,Netflix,FLATRATE
ts446948,In the Mud,2025,show,1,true,true,false,false,Netflix,FLATRATE
ts463814,Homicide Squad New Orleans,2025,show,4,true,false,false,false,A&E Crime Central|Disney+|Hulu|Netflix,ADS|BUY|FAST|FLATRATE|FREE
ts425619,Amsterdam Empire,2025,show,1,true,true,false,false,Netflix,FLATRATE
ts479117,Sara - Woman in the Shadows,2025,show,1,true,true,false,false,Netflix,FLATRATE
ts489970,Love Con Revenge,2025,show,1,true,true,false,false,Netflix,FLATRATE
ts413110,Code of Silence,2025,show,1,true,true,false,false,BritBox,FLATRATE
ts411644,Dope Girls,2025,show,1,true,true,false,false,Hulu,BUY|FLATRATE
ts425681,Skiftet,2025,show,1,true,true,false,false,Netflix,FLATRATE
tm358,Avatar: Fire and Ash,2025,movie,0,false,false,false,false,,BUY|CINEMA
tm1610272,Dust Bunny,2025,movie,1,true,true,false,false,Max,BUY|CINEMA|FLATRATE|RENT
tm1599337,Dracula: A Love Tale,2025,movie,0,false,false,true,false,,BUY|RENT
tm1203052,Wicked: For Good,2025,movie,1,true,true,false,false,Peacock,BUY|CINEMA|FLATRATE|RENT
tm1572695,Demon Slayer: Kimetsu no Yaiba Infinity Castle,2025,movie,0,false,false,false,true,,CINEMA
tm1628730,Arco,2025,movie,2,true,false,false,false,Disney+|Hulu,BUY|CINEMA|FLATRATE|RENT
tm1501899,The Life of Chuck,2025,movie,1,true,true,false,false,Hulu,BUY|CINEMA|FLATRATE|FREE|RENT
tm1444679,Frankenstein,2025,movie,1,true,true,false,false,Netflix,BUY|FLATRATE
tm1629655,Scarlet,2025,movie,1,true,true,false,false,Netflix,BUY|FLATRATE|RENT
tm1596099,Troll 2,2025,movie,1,true,true,false,false,Netflix,BUY|FLATRATE
tm1588215,It Ends,2025,movie,0,false,false,false,false,,
tm1658925,Red Sonja,2025,movie,0,false,false,false,false,,ADS|BUY|CINEMA|FREE|RENT
tm1522638,A Big Bold Beautiful Journey,2025,movie,1,true,true,false,false,Netflix,BUY|CINEMA|FLATRATE|RENT
tm1542361,Time Travel Is Dangerous!,2025,movie,1,true,true,false,false,Amazon Prime Video,ADS|BUY|CINEMA|FLATRATE|FREE|RENT
tm1276157,The SpongeBob Movie: Search for SquarePants,2025,movie,2,true,false,false,false,MGM+|Paramount+,BUY|CINEMA|FLATRATE|RENT
tm1574771,Death of a Unicorn,2025,movie,1,true,true,false,false,Max,BUY|CINEMA|FLATRATE|RENT
tm1612095,The Girl Who Cried Pearls,2025,movie,0,false,false,false,false,,
tm1591880,In Your Dreams,2025,movie,1,true,true,false,false,Netflix,CINEMA|FLATRATE
tm1563257,Fountain of Youth,2025,movie,1,true,true,false,false,Apple TV+,FLATRATE
tm1871421,Captain Tsunami,2025,movie,1,true,true,false,false,Amazon Prime Video,BUY|FLATRATE|RENT
tm1588201,A Knight's War,2025,movie,1,true,true,false,false,Amazon Prime Video,ADS|BUY|CINEMA|FLATRATE|FREE|RENT
tm1296239,Mr. K,2025,movie,1,true,true,false,false,Amazon Prime Video,BUY|CINEMA|FLATRATE|RENT
tm1658638,Deathstalker,2025,movie,2,true,false,false,false,AMC+|Shudder,BUY|FLATRATE|RENT
tm1254116,Elio,2025,movie,1,true,true,false,false,Disney+,BUY|CINEMA|FLATRATE|RENT
tm1510273,Freakier Friday,2025,movie,1,true,true,false,false,Disney+,BUY|CINEMA|FLATRATE|RENT
tm1565085,Miley Cyrus: Something Beautiful,2025,movie,2,true,false,false,false,Disney+|Hulu,BUY|CINEMA|FLATRATE|RENT
tm1478439,Gabby's Dollhouse: The Movie,2025,movie,1,true,true,false,false,Netflix,BUY|CINEMA|FLATRATE|RENT
tm1515053,Sketch,2025,movie,1,true,true,false,false,Angel Studios,BUY|CINEMA|FLATRATE|RENT
tm1570766,Ne Zha 2,2025,movie,1,true,true,false,false,Max,BUY|CINEMA|FLATRATE|RENT
tm1459313,The Twits,2025,movie,1,true,true,false,false,Netflix,CINEMA|FLATRATE
tm1474123,The King of Kings,2025,movie,1,true,true,false,false,Angel Studios,BUY|CINEMA|FLATRATE|RENT
tm1571507,BLKNWS: Terms & Conditions,2025,movie,0,false,false,false,false,,BUY|CINEMA|RENT
tm1648370,Luo Xiaohei zhan ji 2,2025,movie,0,false,false,false,false,,BUY|CINEMA|RENT
tm1536461,The Carpenter's Son,2025,movie,0,false,false,false,false,,BUY|CINEMA|FREE|RENT
tm1670264,100 Nights of Hero,2025,movie,2,true,false,false,false,AMC+|Sundance Now,BUY|CINEMA|FLATRATE|RENT
tm1649419,Omniscient Reader: The Prophecy,2025,movie,0,false,false,false,false,,ADS|BUY|CINEMA|FREE|RENT
tm1152298,KD: The Devil,2025,movie,0,false,false,false,false,,
tm836063,Dog Man,2025,movie,1,true,true,false,false,Netflix,BUY|CINEMA|FLATRATE|RENT
tm1638573,Dora and the Search for Sol Dorado,2025,movie,1,true,true,false,false,Paramount+,BUY|FLATRATE|RENT
ts349164,IT: Welcome to Derry,2025,show,1,true,true,false,false,Max,BUY|FLATRATE
ts449348,Devil May Cry,2025,show,1,true,true,false,false,Netflix,FLATRATE
ts390561,The Librarians: The Next Chapter,2025,show,0,false,false,true,false,,BUY|FREE
ts409856,Cashero,2025,show,1,true,true,false,false,Netflix,FLATRATE
ts436611,Talamasca: The Secret Order,2025,show,1,true,true,false,false,AMC+,ADS|BUY|FLATRATE
ts421817,The Copenhagen Test,2025,show,1,true,true,false,false,Peacock,BUY|FLATRATE
ts413339,King & Conqueror,2025,show,1,true,true,false,false,Amazon Prime Video,FLATRATE
ts437012,Gachiakuta,2025,show,1,true,true,false,false,Crunchyroll,BUY|FLATRATE
ts453571,The Beginning After the End,2025,show,1,true,true,false,false,Crunchyroll,BUY|FLATRATE
ts496268,Disney Twisted-Wonderland: The Animation,2025,show,2,true,false,false,false,Disney+|Hulu,FLATRATE
ts496991,Armorsaurs,2025,show,1,true,true,false,false,Disney+,FLATRATE
ts479883,Marry My Husband: Japan,2025,show,1,true,true,false,false,Amazon Prime Video,FLATRATE
ts465293,"Bon Appétit, Your Majesty",2025,show,1,true,true,false,false,Netflix,FLATRATE
ts235144,"Cóyotl, Hero and Beast",2025,show,1,true,true,false,false,Max,FLATRATE
ts476585,Shinjiteita Nakama-Tachi Ni Dungeon Okuchi De Korosarekaketa Ga Gift Mugen Gacha De Level 9999 No Nakama-Tachi O Te Ni Irete Moto Party Member to Sekai Ni Fukushuu & Zamaa! Shimasu!,2025,show,1,true,true,false,false,Hidive,FLATRATE
ts394659,Da Irueojiljini,2025,show,1,true,true,false,false,Netflix,FLATRATE
ts496023,Kurukshetra,2025,show,1,true,true,false,false,Netflix,FLATRATE
ts455249,Twelve,2025,show,2,true,false,false,false,Disney+|Hulu,FLATRATE
ts448569,May I Ask for One Final Thing?,2025,show,1,true,true,false,false,Crunchyroll,BUY|FLATRATE
ts409994,The Wayfinders,2025,show,1,true,true,false,false,Angel Studios,ADS|FLATRATE
ts401349,Newtopia,2025,show,1,true,true,false,false,Amazon Prime Video,FLATRATE
ts443633,Sanda,2025,show,1,true,true,false,false,Amazon Prime Video,FLATRATE
ts461952,Super Cube,2025,show,0,false,false,false,false,,
ts494750,Tatsuki Fujimoto 17-26,2025,show,1,true,true,false,false,Amazon Prime Video,FLATRATE
ts432739,Tougen Anki,2025,show,3,true,false,false,false,Amazon Prime Video|Crunchyroll|Netflix,ADS|FLATRATE
ts438018,Heavenly Ever After,2025,show,1,true,true,false,false,Netflix,FLATRATE
ts317584,Marvel Zombies,2025,show,1,true,true,false,false,Disney+,FLATRATE
ts269554,Ironheart,2025,show,1,true,true,false,false,Disney+,FLATRATE
ts308038,Sword of the Demon Hunter,2025,show,3,true,false,false,false,Disney+|Hidive|Hulu,FLATRATE
ts358222,Wolf King,2025,show,1,true,true,false,false,Netflix,FLATRATE
ts473389,Ansatsusha de Aru Ore no Status ga Yuusha yori mo Akiraka ni Tsuyoi no da ga,2025,show,1,true,true,false,false,Crunchyroll,BUY|FLATRATE
ts446801,Clevatess,2025,show,1,true,true,false,false,Crunchyroll,BUY|FLATRATE
ts371753,TO BE HERO X,2025,show,1,true,true,false,false,Crunchyroll,BUY|FLATRATE
ts466294,The Water Magician,2025,show,1,true,true,false,false,Crunchyroll,BUY|FLATRATE
ts423036,Nyaight of the Living Cat,2025,show,1,true,true,false,false,Crunchyroll,BUY|FLATRATE
ts398895,Lord of Mysteries,2025,show,1,true,true,false,false,Crunchyroll,BUY|FLATRATE
ts359950,Iyanu,2025,show,1,true,true,false,false,Max,FLATRATE
ts496555,Vampirina: Teenage Vampire,2025,show,1,true,true,false,false,Disney+,BUY|FLATRATE
ts493931,The Sisters Grimm,2025,show,1,true,true,false,false,Apple TV+,FLATRATE
ts345702,Charlotte's Web,2025,show,1,true,true,false,false,Max,FLATRATE
ts483027,The Wonderfully Weird World of Gumball,2025,show,2,true,false,false,false,Disney+|Hulu,FLATRATE
ts475209,Digimon Beatbreak,2025,show,3,true,false,false,false,Crunchyroll|Disney+|Hulu,FLATRATE
ts463836,Apocalypse Bringer Mynoghra: World Conquest Starts with the Civilization of Ruin,2025,show,1,true,true,false,false,Crunchyroll,BUY|FLATRATE
ts465658,Secrets of the Silent Witch,2025,show,1,true,true,false,false,Crunchyroll,BUY|FLATRATE
ts497580,Silence,2025,show,0,false,false,false,false,,
ts433314,The Thundermans: Undercover,2025,show,1,true,true,false,false,Paramount+,BUY|FLATRATE
ts452568,Witch Watch,2025,show,4,true,false,false,false,Crunchyroll|Disney+|Hulu|Netflix,BUY|FLATRATE
tm1248054,David,2025,movie,2,true,false,false,false,Angel Studios|Netflix,BUY|CINEMA|FLATRATE
tm1404210,Little Amélie or the Character of Rain,2025,movie,0,false,false,false,false,,BUY|CINEMA|RENT
tm1629068,The Love That Remains,2025,movie,1,true,true,false,false,Criterion Channel,BUY|CINEMA|FLATRATE|RENT
tm1571742,Come See Me in the Good Light,2025,movie,1,true,true,false,false,Apple TV+,FLATRATE
tm1676889,My Secret Santa,2025,movie,1,true,true,false,false,Netflix,FLATRATE
tm1591870,A Merry Little Ex-Mas,2025,movie,1,true,true,false,false,Netflix,FLATRATE
tm1854103,A Very Jonas Christmas Movie,2025,movie,1,true,true,false,false,Disney+,FLATRATE
tm1852931,The Family Plan 2,2025,movie,1,true,true,false,false,Apple TV+,FLATRATE
tm1855322,Playdate,2025,movie,1,true,true,false,false,Amazon Prime Video,BUY|FLATRATE|RENT
tm1637122,Forevergreen,2025,movie,0,false,false,false,false,,
tm1630490,Z-O-M-B-I-E-S 4: Dawn of the Vampires,2025,movie,1,true,true,false,false,Disney+,BUY|FLATRATE
tm1471529,A Foggy Tale,2025,movie,1,true,true,false,false,Netflix,FLATRATE
tm1675460,Caramelo,2025,movie,1,true,true,false,false,Netflix,FLATRATE
tm1656170,Buen Camino,2025,movie,1,true,true,false,false,Netflix,FLATRATE
tm1624551,My Mom Jayne,2025,movie,1,true,true,false,false,Max,BUY|CINEMA|FLATRATE|RENT
tm1482961,Night of the Zoopocalypse,2025,movie,0,false,false,false,false,,ADS|BUY|CINEMA|FREE|RENT
tm1167612,Smurfs,2025,movie,3,true,false,false,false,Amazon Prime Video|MGM+|Paramount+,BUY|CINEMA|FLATRATE|RENT
tm1637305,Frozen: The Hit Broadway Musical,2025,movie,1,true,true,false,false,Disney+,FLATRATE
tm1875364,Music Box: Happy and You Know It,2025,movie,1,true,true,false,false,Max,FLATRATE
tm1436631,Stitch Head,2025,movie,0,false,false,false,false,,BUY|CINEMA|RENT
tm1898911,A Pickleball Christmas,2025,movie,0,false,false,true,false,,BUY|FREE|RENT
tm1855986,Holiday Touchdown: A Bills Love Story,2025,movie,1,true,true,false,false,Hallmark+,FLATRATE
tm1573439,Selena y Los Dinos: A Family's Legacy,2025,movie,1,true,true,false,false,Netflix,FLATRATE
tm1188044,Lilo & Stitch,2025,movie,1,true,true,false,false,Disney+,BUY|CINEMA|FLATRATE|RENT
tm1141408,The Legend of Ochi,2025,movie,1,true,true,false,false,Max,BUY|CINEMA|FLATRATE|RENT
tm657921,"Alexander and the Terrible, Horrible, No Good, Very Bad Road Trip",2025,movie,1,true,true,false,false,Disney+,FLATRATE
tm1655715,Mistress Dispeller,2025,movie,0,false,false,false,false,,BUY|CINEMA|FREE|RENT
tm1525288,Pets on a Train,2025,movie,2,true,false,false,false,Disney+|Hulu,BUY|CINEMA|FLATRATE|FREE|RENT
tm1519871,Plankton: The Movie,2025,movie,1,true,true,false,false,Netflix,FLATRATE
tm1866513,A Wisconsin Christmas Pie,2025,movie,1,true,true,false,false,Pure Flix,ADS|FLATRATE|FREE
tm1636724,The Wildman of Shaggy Creek,2025,movie,1,true,true,false,false,Amazon Prime Video,ADS|BUY|CINEMA|FLATRATE|FREE|RENT
tm1667845,The Last Rhinos: A New Hope,2025,movie,2,true,false,false,false,Disney+|Hulu,ADS|FLATRATE
ts411513,Back to the Frontier,2025,show,1,true,true,false,false,Max,BUY|FLATRATE
ts486218,LEGO Masters Jr.,2025,show,0,false,false,true,false,,ADS|BUY
ts404172,BAT-FAM,2025,show,1,true,true,false,false,Amazon Prime Video,FLATRATE
ts519774,Mark Rober's CrunchLabs,2025,show,1,true,true,false,false,Netflix,FLATRATE
ts422671,The Bad Guys: Breaking In,2025,show,1,true,true,false,false,Netflix,FLATRATE
ts367535,The Nice Guy,2025,show,2,true,false,false,false,Disney+|Hulu,FLATRATE
ts499093,Sicily Express,2025,show,1,true,true,false,false,Netflix,FLATRATE
ts345628,Dr. Seuss's Horton!,2025,show,1,true,true,false,false,Netflix,FLATRATE
ts492333,Krypto Saves the Day!,2025,show,1,true,true,false,false,Max,FLATRATE
ts474932,Star Wars: Tales of the Underworld,2025,show,1,true,true,false,false,Disney+,FLATRATE
ts481856,Duck Dynasty: The Revival,2025,show,2,true,false,false,false,Disney+|Hulu,BUY|FLATRATE|FREE
ts464459,Providence Falls,2025,show,1,true,true,false,false,Hallmark+,BUY|FLATRATE
ts460772,Extraordinary World,2025,show,0,false,false,false,false,,
ts430767,Electric Bloom,2025,show,1,true,true,false,false,Disney+,BUY|FLATRATE
ts477096,LEGO Star Wars: Rebuild the Galaxy - Pieces of the Past,2025,show,1,true,true,false,false,Disney+,FLATRATE
ts488270,The Chosen Adventures,2025,show,1,true,true,false,false,Amazon Prime Video,BUY|FLATRATE
ts475202,Winx Club: The Magic is Back,2025,show,1,true,true,false,false,Netflix,FLATRATE
ts496148,TV We Love,2025,show,0,false,false,false,false,,FREE
ts392607,StuGo,2025,show,1,true,true,false,false,Disney+,BUY|FLATRATE
ts345627,"Dr. Seuss's Red Fish, Blue Fish",2025,show,1,true,true,false,false,Netflix,FLATRATE
ts269593,Win or Lose,2025,show,1,true,true,false,false,Disney+,FLATRATE
ts466449,Maimerodi to Kuromi,2025,show,1,true,true,false,false,Netflix,FLATRATE
ts392123,Extreme Makeover: Home Edition,2025,show,0,false,false,false,false,,
ts286469,Asterix & Obelix: The Big Fight,2025,show,1,true,true,false,false,Netflix,FLATRATE
ts398025,7 Bears,2025,show,1,true,true,false,false,Netflix,FLATRATE
ts468170,"Newly Rich, Newly Poor",2025,show,1,true,true,false,false,Netflix,FLATRATE
ts466037,Ms. Rachel,2025,show,1,true,true,false,false,Netflix,FLATRATE
ts459282,Gupi,2025,show,1,true,true,false,false,Netflix,FLATRATE
ts467010,Goldie,2025,show,1,true,true,false,false,Apple TV+,FLATRATE
ts452510,Iron Man and His Awesome Friends,2025,show,1,true,true,false,false,Disney+,BUY|FLATRATE|FREE
ts504431,LEGO Marvel Avengers: Strange Tails,2025,show,1,true,true,false,false,Disney+,FLATRATE
ts475880,Love Me to Death,2025,show,1,true,true,false,false,Netflix,FLATRATE
ts471066,Blippi's Job Show,2025,show,1,true,true,false,false,Netflix,FLATRATE
ts479418,Not a Box,2025,show,1,true,true,false,false,Apple TV+,FLATRATE
ts388693,Be@rbrick,2025,show,1,true,true,false,false,Apple TV+,FLATRATE
ts467396,Dog Days Out,2025,show,1,true,true,false,false,Netflix,FLATRATE
ts460538,Kimi to Idol Precure,2025,show,1,true,true,false,false,Crunchyroll,FLATRATE
ts350453,RoboGobo,2025,show,2,true,false,false,false,Disney+|Hulu,BUY|FLATRATE
tm1544080,The Housemaid,2025,movie,1,true,true,false,false,Starz,BUY|CINEMA|FLATRATE|RENT
tm1616046,Exit 8,2025,movie,0,false,false,true,false,,BUY|RENT
tm1542567,The Running Man,2025,movie,3,true,false,false,false,Amazon Prime Video|MGM+|Paramount+,BUY|CINEMA|FLATRATE|RENT
tm1617627,The Long Walk,2025,movie,1,true,true,false,false,Starz,BUY|CINEMA|FLATRATE|RENT
tm1589299,Keeper,2025,movie,1,true,true,false,false,Hulu,BUY|CINEMA|FLATRATE|RENT
tm1486839,Weapons,2025,movie,2,true,false,false,false,Amazon Prime Video|Max,BUY|CINEMA|FLATRATE|RENT
tm1461977,Sinners,2025,movie,2,true,false,false,false,Amazon Prime Video|Max,BUY|CINEMA|FLATRATE|RENT
tm1615816,Nuremberg,2025,movie,1,true,true,false,false,Netflix,BUY|CINEMA|FLATRATE|RENT
tm1674577,Descendent,2025,movie,3,true,false,false,false,AMC+|Disney+|Hulu,BUY|CINEMA|FLATRATE|RENT
tm1553857,Predator: Badlands,2025,movie,2,true,false,false,false,Disney+|Hulu,BUY|CINEMA|FLATRATE|RENT
tm1588292,Good Boy,2025,movie,4,true,false,false,false,AMC+|Disney+|Hulu|Shudder,BUY|FLATRATE|RENT
tm1483991,Sirât,2025,movie,1,true,true,false,false,Hulu,BUY|CINEMA|FLATRATE|RENT
tm1444647,28 Years Later,2025,movie,1,true,true,false,false,Netflix,BUY|CINEMA|FLATRATE|RENT
tm1287083,Ballerina,2025,movie,2,true,false,false,false,Max|Starz,BUY|CINEMA|FLATRATE|RENT
tm1403634,Black Phone 2,2025,movie,1,true,true,false,false,Netflix,BUY|CINEMA|FLATRATE|RENT
tm1581372,Die My Love,2025,movie,1,true,true,false,false,MUBI,BUY|CINEMA|FLATRATE|RENT
tm1486842,Companion,2025,movie,3,true,false,false,false,Acorn TV|Cinemax|Max,BUY|CINEMA|FLATRATE|RENT
tm1508603,The Gorge,2025,movie,1,true,true,false,false,Apple TV+,FLATRATE
tm1590373,Bring Her Back,2025,movie,3,true,false,false,false,Acorn TV|Cinemax|Max,BUY|CINEMA|FLATRATE|RENT
tm1588277,Hallow Road,2025,movie,1,true,true,false,false,Hulu,BUY|FLATRATE|RENT
tm1444882,Jurassic World: Rebirth,2025,movie,1,true,true,false,false,Netflix,BUY|FLATRATE|RENT
tm1212619,Shelby Oaks,2025,movie,2,true,false,false,false,Disney+|Hulu,BUY|CINEMA|FLATRATE|FREE|RENT
tm1628506,Sisu: Road to Revenge,2025,movie,1,true,true,false,false,Netflix,BUY|CINEMA|FLATRATE|RENT
tm1444674,Five Nights at Freddy's 2,2025,movie,1,true,true,false,false,Peacock,BUY|CINEMA|FLATRATE|RENT
tm1665945,Marama,2025,movie,0,false,false,false,false,,BUY|CINEMA|RENT
tm1514474,Black Bag,2025,movie,1,true,true,false,false,Amazon Prime Video,BUY|CINEMA|FLATRATE|RENT
tm1640485,The Home,2025,movie,3,true,false,false,false,Disney+|Hulu|Starz,BUY|CINEMA|FLATRATE|RENT
tm1599882,Dangerous Animals,2025,movie,4,true,false,false,false,AMC+|Disney+|Hulu|Shudder,BUY|CINEMA|FLATRATE|RENT
ts328603,Alien: Earth,2025,show,2,true,false,false,false,Disney+|Hulu,FLATRATE
ts434394,The Beast in Me,2025,show,1,true,true,false,false,Netflix,FLATRATE
ts448637,The Institute,2025,show,1,true,true,false,false,MGM+,FLATRATE
ts448640,The Girlfriend,2025,show,1,true,true,false,false,Amazon Prime Video,ADS|FLATRATE
ts373960,American Primeval,2025,show,1,true,true,false,false,Netflix,FLATRATE
ts474119,9-1-1: Nashville,2025,show,2,true,false,false,false,Disney+|Hulu,BUY|FLATRATE|FREE
ts396904,Lazarus,2025,show,1,true,true,false,false,Max,ADS|BUY|FLATRATE
ts386468,The Last Frontier,2025,show,1,true,true,false,false,Apple TV+,FLATRATE
ts419367,The Hunting Wives,2025,show,1,true,true,false,false,Netflix,BUY|FLATRATE
ts414792,The Last Anniversary,2025,show,2,true,false,false,false,AMC+|Acorn TV,BUY|FLATRATE|FREE
ts373545,We Were Liars,2025,show,1,true,true,false,false,Amazon Prime Video,ADS|FLATRATE
ts496270,True Haunting,2025,show,1,true,true,false,false,Netflix,FLATRATE
ts381061,The Terminal List: Dark Wolf,2025,show,1,true,true,false,false,Amazon Prime Video,ADS|FLATRATE
ts449681,The Assassin,2025,show,1,true,true,false,false,AMC+,BUY|FLATRATE
ts502995,Heaven,2025,show,1,true,true,false,false,Max,FLATRATE
ts436913,Wayward,2025,show,1,true,true,false,false,Netflix,FLATRATE
ts459556,The Family Next Door,2025,show,1,true,true,false,false,Acorn TV,BUY|FLATRATE
ts448738,Playing Gracie Darling,2025,show,1,true,true,false,false,Netflix,FLATRATE
ts463379,Under a Dark Sun,2025,show,1,true,true,false,false,Netflix,FLATRATE
ts456544,The Artist,2025,show,0,false,false,false,false,,
tm1240009,Hamnet,2025,movie,1,true,true,false,false,Peacock,BUY|CINEMA|FLATRATE|RENT
tm1626772,Song Sung Blue,2025,movie,1,true,true,false,false,Netflix,BUY|CINEMA|FLATRATE|RENT
tm1575425,Regretting You,2025,movie,3,true,false,false,false,Amazon Prime Video|MGM+|Paramount+,BUY|CINEMA|FLATRATE|RENT
tm1438775,The History of Sound,2025,movie,2,true,false,false,false,Hulu|MUBI,BUY|CINEMA|FLATRATE|RENT
tm1614987,The Chronology of Water,2025,movie,0,false,false,false,false,,BUY|CINEMA|RENT
tm1510212,Downton Abbey: The Grand Finale,2025,movie,1,true,true,false,false,Netflix,BUY|CINEMA|FLATRATE|RENT
tm1492529,Dreams,2025,movie,1,true,true,false,false,Starz,BUY|FLATRATE|RENT
tm1593181,The Wrong Paris,2025,movie,1,true,true,false,false,Netflix,FLATRATE
tm1588270,The Baltimorons,2025,movie,2,true,false,false,false,AMC+|Sundance Now,BUY|FLATRATE|RENT
tm1436121,A Nice Indian Boy,2025,movie,1,true,true,false,false,Hulu,BUY|CINEMA|FLATRATE|FREE|RENT
tm1591877,Champagne Problems,2025,movie,1,true,true,false,false,Netflix,FLATRATE
tm1573395,Plainclothes,2025,movie,1,true,true,false,false,MUBI,BUY|CINEMA|FLATRATE|RENT
tm1624499,The Best You Can,2025,movie,1,true,true,false,false,Netflix,BUY|FLATRATE|RENT
tm1572038,"Oh, Hi!",2025,movie,1,true,true,false,false,Netflix,BUY|CINEMA|FLATRATE|RENT
tm1530931,Hedda,2025,movie,1,true,true,false,false,Amazon Prime Video,CINEMA|FLATRATE
tm1856421,Maintenance Required,2025,movie,1,true,true,false,false,Amazon Prime Video,FLATRATE
tm1287356,Fixed,2025,movie,1,true,true,false,false,Netflix,BUY|CINEMA|FLATRATE
tm1573554,Sally,2025,movie,2,true,false,false,false,Disney+|Hulu,FLATRATE
tm1573785,Kiss of the Spider Woman,2025,movie,2,true,false,false,false,Disney+|Hulu,BUY|CINEMA|FLATRATE|RENT
tm1300369,The Threesome,2025,movie,1,true,true,false,false,Netflix,BUY|CINEMA|FLATRATE|RENT
tm1385359,Cannibal Mukbang,2025,movie,3,true,false,false,false,AMC+|Amazon Prime Video|Bloodstream,ADS|BUY|FLATRATE|FREE|RENT
tm1873002,Sidelined 2: Intercepted,2025,movie,0,false,false,false,false,,ADS
tm1656892,Fall for Me,2025,movie,1,true,true,false,false,Netflix,FLATRATE
tm1536227,Heart Eyes,2025,movie,1,true,true,false,false,Netflix,BUY|CINEMA|FLATRATE|RENT
tm1557110,My Fault: London,2025,movie,1,true,true,false,false,Amazon Prime Video,FLATRATE
tm1521788,On Swift Horses,2025,movie,1,true,true,false,false,Netflix,BUY|CINEMA|FLATRATE|RENT
ts502456,Heated Rivalry,2025,show,1,true,true,false,false,Max,BUY|FLATRATE
ts471030,Temptation Island,2025,show,1,true,true,false,false,Netflix,FLATRATE
ts461516,Jiao Yang Si Wo,2025,show,2,true,false,false,false,Netflix|Rakuten Viki,ADS|BUY|FLATRATE
ts486753,The Alibi,2025,show,1,true,true,false,false,Amazon Prime Video,FLATRATE
ts437809,Dear X,2025,show,1,true,true,false,false,Rakuten Viki,ADS|FLATRATE
ts475971,Better Late Than Single,2025,show,1,true,true,false,false,Netflix,FLATRATE
ts230557,The Narrow Road to the Deep North,2025,show,1,true,true,false,false,Amazon Prime Video,BUY|FLATRATE
ts414303,Ransom Canyon,2025,show,1,true,true,false,false,Netflix,FLATRATE
ts459837,Enfes Bir Aksam,2025,show,1,true,true,false,false,Netflix,FLATRATE
ts485272,Dusk Beyond the End of the World,2025,show,1,true,true,false,false,Hidive,FLATRATE
ts465567,Dynamite Kiss,2025,show,1,true,true,false,false,Netflix,FLATRATE
ts490671,Are You My First?,2025,show,2,true,false,false,false,Disney+|Hulu,FLATRATE
ts509150,A-i-dol A-i,2025,show,4,true,false,false,false,Kocowa|Netflix|OnDemandKorea|Rakuten Viki,ADS|FLATRATE
ts446739,Our Movie,2025,show,2,true,false,false,false,Disney+|Hulu,FLATRATE
ts457578,Our Unwritten Seoul,2025,show,1,true,true,false,false,Netflix,FLATRATE
ts465469,Surely Tomorrow,2025,show,1,true,true,false,false,Amazon Prime Video,FLATRATE
ts465285,Typhoon Family,2025,show,1,true,true,false,false,Netflix,FLATRATE
ts415464,Shafted,2025,show,1,true,true,false,false,Netflix,FLATRATE
ts504900,Miss Sophie: Same Procedure As Every Year,2025,show,1,true,true,false,false,Amazon Prime Video,FLATRATE
ts414986,Too Much,2025,show,1,true,true,false,false,Netflix,FLATRATE
ts425210,NCIS: Tony & Ziva,2025,show,1,true,true,false,false,Paramount+,BUY|FLATRATE
ts471042,Nice to Not Meet You,2025,show,1,true,true,false,false,Amazon Prime Video,FLATRATE
ts426068,Nan hong,2025,show,1,true,true,false,false,Netflix,FLATRATE
ts487759,Pernikahan Dini Gen Z,2025,show,1,true,true,false,false,Netflix,FLATRATE
ts441142,The Summer Hikaru Died,2025,show,1,true,true,false,false,Netflix,FLATRATE
ts459375,There's No Freaking Way I'll Be Your Lover! Unless...,2025,show,2,true,false,false,false,Amazon Prime Video|Rakuten Viki,ADS|FLATRATE
ts447933,The Divorce Insurance,2025,show,1,true,true,false,false,Amazon Prime Video,FLATRATE
ts425670,Diary of a Ditched Girl,2025,show,1,true,true,false,false,Netflix,FLATRATE
ts491137,Just Alice,2025,show,1,true,true,false,false,Netflix,FLATRATE
ts465470,Tastefully Yours,2025,show,1,true,true,false,false,Netflix,FLATRATE
ts400302,Love Scout,2025,show,1,true,true,false,false,Rakuten Viki,ADS|FLATRATE
ts450197,The Fragrant Flower Blooms with Dignity,2025,show,1,true,true,false,false,Netflix,FLATRATE
ts426366,FOREVER,2025,show,1,true,true,false,false,Netflix,FLATRATE
ts471754,Harmony Secret,2025,show,1,true,true,false,false,Netflix,FLATRATE
ts485137,Cinderella Closet,2025,show,1,true,true,false,false,Netflix,FLATRATE
ts465450,The Lady's Companion,2025,show,1,true,true,false,false,Netflix,FLATRATE
tm600251,Grainne Uaile: The Movie,2025,movie,0,false,false,false,false,,
tm476992,Munch i helvete,2025,movie,1,true,true,false,false,GuideDoc,FLATRATE
tm424293,Behind a Portrait. The Italian Treasures from Accademia Carrara,2025,movie,0,false,false,false,false,,FREE
tm199113,The Repairman,2025,movie,2,true,false,false,false,Amazon Prime Video|Runtime,ADS|BUY|FLATRATE|FREE|RENT
tm545046,Hunting The Stone: Suiseki in the West,2025,movie,0,false,false,false,false,,ADS|FREE
tm1358394,F1,2025,movie,1,true,true,false,false,Apple TV+,BUY|CINEMA|FLATRATE
tm1303572,Superman,2025,movie,1,true,true,false,false,Max,BUY|CINEMA|FLATRATE|RENT
tm1584952,Warfare,2025,movie,1,true,true,false,false,Max,BUY|CINEMA|FLATRATE|RENT
tm1618213,Primitive War,2025,movie,2,true,false,false,false,Disney+|Hulu,BUY|CINEMA|FLATRATE|FREE|RENT
tm1421681,Relay,2025,movie,1,true,true,false,false,Netflix,BUY|CINEMA|FLATRATE|RENT
tm1624600,Dead of Winter,2025,movie,1,true,true,false,false,Max,BUY|CINEMA|FLATRATE|RENT
tm1468910,TRON: Ares,2025,movie,1,true,true,false,false,Disney+,BUY|CINEMA|FLATRATE|RENT
tm839627,The Fantastic 4: First Steps,2025,movie,1,true,true,false,false,Disney+,BUY|CINEMA|FLATRATE|RENT
tm1584967,The Smashing Machine,2025,movie,1,true,true,false,false,Max,BUY|CINEMA|FLATRATE|RENT
tm1628731,Magellan,2025,movie,1,true,true,false,false,Criterion Channel,BUY|FLATRATE|RENT
tm1960383,DRAGN,2025,movie,1,true,true,false,false,Amazon Prime Video,BUY|CINEMA|FLATRATE|FREE|RENT
tm1656834,Xeno,2025,movie,1,true,true,false,false,Amazon Prime Video,ADS|BUY|CINEMA|FLATRATE|FREE|RENT
tm1649740,Ice Road: Vengeance,2025,movie,1,true,true,false,false,Netflix,BUY|CINEMA|FLATRATE|RENT
ts433871,The Pitt,2025,show,1,true,true,false,false,Max,FLATRATE
ts413258,The Count of Monte Cristo,2025,show,0,false,false,true,false,,BUY|FLATRATE
ts413259,Spartacus: House of Ashur,2025,show,1,true,true,false,false,Starz,BUY|FLATRATE
ts449535,Robin Hood,2025,show,1,true,true,false,false,MGM+,BUY|FLATRATE
ts404390,The Eternaut,2025,show,1,true,true,false,false,Netflix,FLATRATE
ts429857,Last Samurai Standing,2025,show,1,true,true,false,false,Netflix,FLATRATE
ts399820,Mercy for None,2025,show,1,true,true,false,false,Netflix,FLATRATE
ts435734,Pssica,2025,show,1,true,true,false,false,Netflix,FLATRATE
ts408302,Top Guns: The Next Generation,2025,show,2,true,false,false,false,Disney+|Hulu,BUY|FLATRATE
ts451589,Sandokan,2025,show,1,true,true,false,false,Netflix,FLATRATE
ts361081,Sakamoto Days,2025,show,1,true,true,false,false,Netflix,FLATRATE
ts461160,Public Disorder,2025,show,1,true,true,false,false,Netflix,FLATRATE
ts409302,Trigger,2025,show,1,true,true,false,false,Netflix,FLATRATE
ts404617,Butterfly,2025,show,1,true,true,false,false,Amazon Prime Video,FLATRATE
ts394585,The Bondsman,2025,show,1,true,true,false,false,Amazon Prime Video,ADS|FLATRATE
ts460688,Mobile Suit Gundam GQuuuuuuX,2025,show,1,true,true,false,false,Amazon Prime Video,FLATRATE
tm1658922,Virgin Punk: Clockwork Girl,2025,movie,0,false,false,false,true,,CINEMA
tm1620730,Predator: Killer of Killers,2025,movie,2,true,false,false,false,Disney+|Hulu,FLATRATE
tm1437000,Butterfly,2025,movie,0,false,false,false,false,,
tm1495609,Boys Go to Jupiter,2025,movie,1,true,true,false,false,Max,BUY|FLATRATE|RENT
tm1495624,The Thinking Game,2025,movie,1,true,true,false,false,Amazon Prime Video,BUY|FLATRATE|RENT
tm1588108,"Hoops, Hopes & Dreams",2025,movie,1,true,true,false,false,Hulu,FLATRATE
tm1556221,Mahavatar Narsimha,2025,movie,1,true,true,false,false,Netflix,CINEMA|FLATRATE
tm1612039,Batman Ninja vs. Yakuza League,2025,movie,1,true,true,false,false,Max,BUY|FLATRATE|RENT
tm1409564,The Witcher: Sirens of the Deep,2025,movie,1,true,true,false,false,Netflix,FLATRATE
tm1626242,100 METERS,2025,movie,1,true,true,false,false,Netflix,BUY|CINEMA|FLATRATE|RENT
tm1342668,Batman Azteca: Choque de Imperios,2025,movie,1,true,true,false,false,Max,BUY|FLATRATE|RENT
tm1591913,Lost in Starlight,2025,movie,1,true,true,false,false,Netflix,CINEMA|FLATRATE
tm1851882,JUJUTSU KAISEN: Execution,2025,movie,0,false,false,false,true,,CINEMA
tm307466,Sanatorium Under the Sign of the Hourglass,2025,movie,2,true,false,false,false,Night Flight Plus|OVID,BUY|FLATRATE|FREE|RENT
tm1516216,Mononoke the Movie: Chapter II - The Ashes of Rage,2025,movie,1,true,true,false,false,Netflix,FLATRATE
tm1924828,Stranger Things: Fireplace,2025,movie,1,true,true,false,false,Netflix,FLATRATE
tm1924842,Wednesday: Fireplace,2025,movie,1,true,true,false,false,Netflix,FLATRATE
tm1499495,Prep & Landing: The Snowball Protocol,2025,movie,1,true,true,false,false,Disney+,FLATRATE
tm1511072,Versailles no bara,2025,movie,1,true,true,false,false,Netflix,FLATRATE
tm1225925,Marcel et Monsieur Pagnol,2025,movie,0,false,false,false,false,,BUY|CINEMA|RENT
ts457763,Long Story Short,2025,show,1,true,true,false,false,Netflix,FLATRATE
ts407888,Women Wearing Shoulder Pads,2025,show,1,true,true,false,false,Max,ADS|BUY|FLATRATE
ts422903,New PANTY & STOCKING with GARTERBELT,2025,show,1,true,true,false,false,Amazon Prime Video,FLATRATE
ts437605,"Haha, You Clowns",2025,show,1,true,true,false,false,Max,ADS|BUY|FLATRATE
ts462221,City the Animation,2025,show,1,true,true,false,false,Amazon Prime Video,FLATRATE
ts502882,Fortnite x the Simpsons,2025,show,0,false,false,false,false,,
ts407466,Hero Without a Class: Who Even Needs Skills?!,2025,show,1,true,true,false,false,Hidive,FLATRATE
ts471712,Takopi's Original Sin,2025,show,1,true,true,false,false,Crunchyroll,BUY|FLATRATE
ts459902,Hell Teacher: Jigoku Sensei Nube,2025,show,1,true,true,false,false,Amazon Prime Video,ADS|FLATRATE
ts471074,A Star Brighter than the Sun,2025,show,1,true,true,false,false,Amazon Prime Video,FLATRATE
tm1586260,Sentimental Value,2025,movie,1,true,true,false,false,Hulu,BUY|CINEMA|FLATRATE|RENT
tm1659759,I Swear,2025,movie,0,false,false,false,false,,BUY|CINEMA|RENT
tm1573558,Train Dreams,2025,movie,1,true,true,false,false,Netflix,CINEMA|FLATRATE
tm1663871,The Testament of Ann Lee,2025,movie,2,true,false,false,false,Disney+|Hulu,BUY|FLATRATE|RENT
tm1573604,Omaha,2025,movie,0,false,false,false,false,,BUY|CINEMA|RENT
tm1605610,Resurrection,2025,movie,1,true,true,false,false,Criterion Channel,BUY|FLATRATE|RENT
ts393161,Pluribus,2025,show,1,true,true,false,false,Apple TV+,FLATRATE
ts422921,Amadeus,2025,show,1,true,true,false,false,Starz,FLATRATE
ts440423,Doc,2025,show,4,true,false,false,false,Disney+|FOX One|Hulu|Netflix,BUY|FLATRATE|FREE
ts422212,House of David,2025,show,2,true,false,false,false,Amazon Prime Video|Wonder Project,BUY|FLATRATE
ts495118,The Forsytes,2025,show,0,false,false,true,false,,BUY|FLATRATE
ts361169,Outlander: Blood of My Blood,2025,show,1,true,true,false,false,Starz,ADS|BUY|FLATRATE|FREE
tm1613945,Sound of Falling,2025,movie,1,true,true,false,false,MUBI,BUY|CINEMA|FLATRATE|RENT
tm1664581,Palestine 36,2025,movie,0,false,false,false,false,,BUY|CINEMA|RENT
tm1615879,Eleanor the Great,2025,movie,1,true,true,false,false,Netflix,BUY|CINEMA|FLATRATE|RENT
tm1571368,2000 Meters to Andriivka,2025,movie,1,true,true,false,false,PBS Documentaries,BUY|CINEMA|FLATRATE|RENT
tm1608209,Armed Only with a Camera: The Life and Death of Brent Renaud,2025,movie,1,true,true,false,false,Max,FLATRATE
tm1610864,The Last Breath of War,2025,movie,1,true,true,false,false,Amazon Prime Video,BUY|FLATRATE|FREE|RENT
tm1480657,Amrum,2025,movie,0,false,false,false,false,,BUY|CINEMA|RENT
tm1512572,Don't Let's Go to the Dogs Tonight,2025,movie,1,true,true,false,false,Netflix,BUY|FLATRATE|RENT
tm1666528,The Tank,2025,movie,1,true,true,false,false,Amazon Prime Video,FLATRATE
tm1653579,Beast of War,2025,movie,2,true,false,false,false,AMC+|Shudder,BUY|CINEMA|FLATRATE|RENT
tm1670755,Love+War,2025,movie,2,true,false,false,false,Disney+|Hulu,FLATRATE
tm1625406,Put Your Soul on Your Hand and Walk,2025,movie,1,true,true,false,false,Kino Film Collection,BUY|CINEMA|FLATRATE|FREE|RENT
tm1573428,Atropia,2025,movie,1,true,true,false,false,MUBI,BUY|CINEMA|FLATRATE|RENT
tm1577218,The World Will Tremble,2025,movie,1,true,true,false,false,Amazon Prime Video,ADS|BUY|CINEMA|FLATRATE|FREE|RENT
tm1441440,My Dead Friend Zoe,2025,movie,0,false,false,false,false,,BUY|CINEMA|RENT
tm1661970,Gold Rush Gang,2025,movie,1,true,true,false,false,Netflix,FLATRATE
tm1665943,Prisoner of War,2025,movie,1,true,true,false,false,Amazon Prime Video,ADS|BUY|CINEMA|FLATRATE|RENT
tm1519815,All the Lost Ones,2025,movie,1,true,true,false,false,Amazon Prime Video,ADS|BUY|CINEMA|FLATRATE|FREE|RENT
tm949498,Words of War,2025,movie,0,false,false,false,false,,ADS|BUY|CINEMA|RENT
tm1579755,Laws of Man,2025,movie,2,true,false,false,false,Disney+|Hulu,BUY|CINEMA|FLATRATE|RENT
tm1376291,William Tell,2025,movie,2,true,false,false,false,Disney+|Hulu,BUY|CINEMA|FLATRATE|FREE|RENT
tm1477837,Valiant One,2025,movie,2,true,false,false,false,Disney+|Hulu,BUY|CINEMA|FLATRATE|RENT
tm1669871,120 Bahadur,2025,movie,1,true,true,false,false,Amazon Prime Video,CINEMA|FLATRATE
tm1623693,"13 Days, 13 Nights",2025,movie,0,false,false,false,false,,BUY|CINEMA|FREE|RENT
tm1332577,Emergency,2025,movie,1,true,true,false,false,Netflix,CINEMA|FLATRATE
tm1393414,Sky Force,2025,movie,1,true,true,false,false,Amazon Prime Video,CINEMA|FLATRATE
tm1560530,Legends of the Condor Heroes: The Gallants,2025,movie,0,false,false,false,false,,BUY|CINEMA|RENT
tm1909657,Contamination,2025,movie,0,false,false,true,false,,BUY|FREE|RENT
tm1903833,Escobank,2025,movie,1,true,true,false,false,Amazon Prime Video,ADS|BUY|FLATRATE|FREE|RENT
tm1609265,War in the USA,2025,movie,0,false,false,true,false,,ADS|BUY|FREE|RENT
tm1508103,Creation of the Gods II: Demon Force,2025,movie,0,false,false,false,true,,CINEMA
tm1638003,Book of Joshua: Walls of Jericho,2025,movie,1,true,true,false,false,Amazon Prime Video,ADS|BUY|CINEMA|FLATRATE|FREE|RENT
tm1900228,Timur,2025,movie,1,true,true,false,false,Midnight Pulp,BUY|FLATRATE|RENT
tm1922335,Gezhi Town,2025,movie,0,false,false,false,true,,CINEMA
tm1874304,The War Between,2025,movie,1,true,true,false,false,Amazon Prime Video,ADS|BUY|FREE|RENT
tm1536723,731,2025,movie,0,false,false,false,false,,BUY|CINEMA|RENT
tm1650636,Dead to Rights,2025,movie,0,false,false,false,false,,ADS|BUY|CINEMA|FREE|RENT
tm1901532,Escape from the Outland,2025,movie,0,false,false,false,true,,CINEMA
tm1612248,The Codes of War,2025,movie,0,false,false,true,false,,ADS|BUY|FREE|RENT
tm1647221,Dongji Rescue,2025,movie,1,true,true,false,false,Hi-YAH,ADS|BUY|CINEMA|FLATRATE|RENT
tm1488592,Putin,2025,movie,0,false,false,false,false,,ADS|BUY|CINEMA|RENT
tm1518189,Ei koskaan yksin,2025,movie,0,false,false,false,false,,
tm1559516,Før mørket,2025,movie,0,false,false,false,false,,
ts506368,The American Revolution,2025,show,1,true,true,false,false,PBS Documentaries,BUY|FLATRATE|FREE
ts466239,Surviving Black Hawk Down,2025,show,1,true,true,false,false,Netflix,FLATRATE
ts374162,Zero Day,2025,show,1,true,true,false,false,Netflix,FLATRATE
ts438143,The Vendetta of An,2025,show,1,true,true,false,false,Netflix,FLATRATE
ts344044,Chief of War,2025,show,1,true,true,false,false,Apple TV+,FLATRATE
ts473467,Turning Point: The Vietnam War,2025,show,1,true,true,false,false,Netflix,FLATRATE
ts397792,Boots,2025,show,1,true,true,false,false,Netflix,FLATRATE
ts431360,Hostage,2025,show,1,true,true,false,false,Netflix,FLATRATE
ts434007,The Eastern Gate,2025,show,1,true,true,false,false,Max,FLATRATE
ts442005,Trespasses,2025,show,0,false,false,false,false,,
ts466640,Liberation: D-Day to Berlin,2025,show,1,true,true,false,false,Paramount+,BUY|FLATRATE
ts436935,Leviathan,2025,show,1,true,true,false,false,Netflix,FLATRATE
ts478547,The Echoes of Survivors: Inside Korea's Tragedies,2025,show,1,true,true,false,false,Netflix,FLATRATE
ts125626,Carême,2025,show,1,true,true,false,false,Apple TV+,FLATRATE
ts479288,The Sound and the Fury,2025,show,1,true,true,false,false,Amazon Prime Video,ADS|BUY|FLATRATE
ts468456,Miss Governor,2025,show,1,true,true,false,false,Netflix,FLATRATE
ts447839,Rise of the Raven,2025,show,0,false,false,false,false,,
ts413758,Legend of the Female General,2025,show,1,true,true,false,false,Rakuten Viki,ADS|FLATRATE
ts435344,Teogonia,2025,show,1,true,true,false,false,Crunchyroll,BUY|FLATRATE
ts466104,A Life's Worth,2025,show,0,false,false,true,false,,BUY|FLATRATE|RENT
ts476782,Mayasabha: Rise of the Titans,2025,show,0,false,false,false,false,,FLATRATE
ts446854,Dangerous Truth,2025,show,0,false,false,false,false,,FLATRATE
ts480147,Britain Under the Nazis: The Forgotten Occupation,2025,show,2,true,false,false,false,BBC Select|BritBox,FLATRATE
ts474258,War Machine: World War II,2025,show,1,true,true,false,false,PBS Documentaries,BUY|FLATRATE
ts363648,Truth & Treason,2025,show,2,true,false,false,false,Angel Studios|Wonder Project,FLATRATE
ts479240,Mengele Unveiled,2025,show,2,true,false,false,false,BBC Select|BritBox,FLATRATE
ts470601,Israel and the Palestinians: The Road to 7th October,2025,show,2,true,false,false,false,BBC Select|BritBox,FLATRATE
tm1588337,The Age of Disclosure,2025,movie,0,false,false,false,false,,BUY|CINEMA|RENT
tm1564843,Mr. Nobody Against Putin,2025,movie,1,true,true,false,false,Kino Film Collection,BUY|CINEMA|FLATRATE|FREE|RENT
tm1624622,Orwell: 2+2=5,2025,movie,2,true,false,false,false,Disney+|Hulu,BUY|FLATRATE|RENT
tm1588567,Strange Journey: The Story of Rocky Horror,2025,movie,0,false,false,true,false,,BUY|RENT
tm1676758,All the Empty Rooms,2025,movie,1,true,true,false,false,Netflix,FLATRATE
tm1628962,Room to Move,2025,movie,1,true,true,false,false,Netflix,FLATRATE
tm1664146,Stiller & Meara: Nothing Is Lost,2025,movie,1,true,true,false,false,Apple TV+,CINEMA|FLATRATE
tm1584960,The King of Color,2025,movie,1,true,true,false,false,Amazon Prime Video,ADS|BUY|CINEMA|RENT
tm1672772,Modern Whore,2025,movie,0,false,false,true,false,,BUY|RENT
tm1676899,Being Eddie,2025,movie,1,true,true,false,false,Netflix,FLATRATE
tm1458311,Cheech & Chong's Last Movie,2025,movie,1,true,true,false,false,Paramount+,BUY|CINEMA|FLATRATE|RENT
tm1624523,It's Dorothy!,2025,movie,1,true,true,false,false,Peacock,BUY|FLATRATE|RENT
tm1659984,Stans,2025,movie,1,true,true,false,false,Paramount+,CINEMA|FLATRATE
tm1581787,The Alabama Solution,2025,movie,1,true,true,false,false,Max,BUY|FLATRATE|RENT
tm1624560,Titan: The OceanGate Submersible Disaster,2025,movie,1,true,true,false,false,Netflix,FLATRATE
tm1440951,Secret Mall Apartment,2025,movie,1,true,true,false,false,Netflix,BUY|FLATRATE|RENT
tm1434894,Diane Warren: Relentless,2025,movie,0,false,false,false,false,,BUY|CINEMA|FREE|RENT
tm1644613,John Candy: I Like Me,2025,movie,1,true,true,false,false,Amazon Prime Video,CINEMA|FLATRATE
tm1661567,Sunday Best,2025,movie,1,true,true,false,false,Netflix,FLATRATE
tm1929858,"The Rise of the Red Hot Chili Peppers: Our Brother, Hillel",2025,movie,1,true,true,false,false,Netflix,FLATRATE
tm1909493,Frankenstein: The Anatomy Lesson,2025,movie,1,true,true,false,false,Netflix,FLATRATE
tm1630507,Jaws @ 50: The Definitive Inside Story,2025,movie,2,true,false,false,false,Disney+|Hulu,FLATRATE
tm1663665,Lilith Fair: Building a Mystery,2025,movie,2,true,false,false,false,Disney+|Hulu,CINEMA|FLATRATE
tm1304066,Caterpillar,2025,movie,1,true,true,false,false,Netflix,BUY|CINEMA|FLATRATE|RENT
tm1584796,Bill Burr: Drop Dead Years,2025,movie,2,true,false,false,false,Disney+|Hulu,FLATRATE
tm1519354,My Undesirable Friends: Part I - Last Air in Moscow,2025,movie,1,true,true,false,false,MUBI,FLATRATE
tm1917961,Ricky Gervais: Mortality,2025,movie,1,true,true,false,false,Netflix,FLATRATE
tm1571386,"It's Never Over, Jeff Buckley",2025,movie,1,true,true,false,false,Max,BUY|CINEMA|FLATRATE|RENT
tm1678436,Ask E. Jean,2025,movie,0,false,false,false,true,,CINEMA
tm1600873,The Twister: Caught in the Storm,2025,movie,1,true,true,false,false,Netflix,FLATRATE
tm1920088,Corey Feldman vs. the World,2025,movie,0,false,false,true,false,,BUY|RENT
tm1635849,Grenfell: Uncovered,2025,movie,1,true,true,false,false,Netflix,FLATRATE
tm1633572,Trainwreck: The Real Project X,2025,movie,1,true,true,false,false,Netflix,FLATRATE
tm1919066,Kevin Costner Presents: The First Christmas,2025,movie,1,true,true,false,false,Disney+,FLATRATE
tm1637043,Implosion: The Titanic Sub Disaster,2025,movie,2,true,false,false,false,Discovery+|Max,FLATRATE
tm1933399,Dave Chappelle: The Unstoppable...,2025,movie,1,true,true,false,false,Netflix,FLATRATE
tm1663879,Pompei: Below the Clouds,2025,movie,1,true,true,false,false,MUBI,CINEMA|FLATRATE
tm1638631,Trainwreck: P.I. Moms,2025,movie,1,true,true,false,false,Netflix,FLATRATE
tm1633618,Trainwreck: The Astroworld Tragedy,2025,movie,1,true,true,false,false,Netflix,FLATRATE
ts469300,Thomas Jefferson,2025,show,5,true,false,false,false,Amazon Prime Video|Disney+|HISTORY Vault|Hulu|Netflix,BUY|FLATRATE|FREE
ts476300,Tucci in Italy,2025,show,2,true,false,false,false,Disney+|Hulu,ADS|BUY|FLATRATE|FREE
ts489497,Fit for TV: The Reality of the Biggest Loser,2025,show,1,true,true,false,false,Netflix,FLATRATE
ts481562,Hazardous History with Henry Winkler,2025,show,3,true,false,false,false,Disney+|HISTORY Vault|Hulu,ADS|BUY|FLATRATE|FREE
ts421695,The Americas,2025,show,1,true,true,false,false,Peacock,ADS|BUY|FLATRATE
ts344465,Sitting Bull,2025,show,4,true,false,false,false,Disney+|HISTORY Vault|Hulu|Netflix,ADS|BUY|FLATRATE|FREE
ts488485,Death in Apartment 603: What Happened to Ellen Greenberg?,2025,show,2,true,false,false,false,Disney+|Hulu,FLATRATE
ts500159,MARINES,2025,show,1,true,true,false,false,Netflix,FLATRATE
ts468446,Katrina: Come Hell and High Water,2025,show,1,true,true,false,false,Netflix,FLATRATE
ts493969,Nightmares of Nature,2025,show,1,true,true,false,false,Netflix,FLATRATE
ts445047,Taurasi,2025,show,1,true,true,false,false,Amazon Prime Video,ADS|FLATRATE
ts478168,Call Her Alex,2025,show,2,true,false,false,false,Disney+|Hulu,FLATRATE
ts471094,Octopus!,2025,show,1,true,true,false,false,Amazon Prime Video,ADS|FLATRATE
ts470565,Gone Girls: The Long Island Serial Killer,2025,show,1,true,true,false,false,Netflix,FLATRATE
ts488334,Murder 360,2025,show,1,true,true,false,false,Paramount+,FLATRATE
ts496681,Mob War: Philadelphia vs. the Mafia,2025,show,1,true,true,false,false,Netflix,FLATRATE
ts466403,ROMCON: Who the F**k Is Jason Porter?,2025,show,1,true,true,false,false,Amazon Prime Video,FLATRATE
ts457702,Attack on London: Hunting the 7/7 Bombers,2025,show,1,true,true,false,false,Netflix,FLATRATE
ts473771,Earnhardt,2025,show,1,true,true,false,false,Amazon Prime Video,ADS|FLATRATE
ts459647,Pee-wee as Himself,2025,show,1,true,true,false,false,Max,BUY|FLATRATE
ts485120,Knife Edge: Chasing Michelin Stars,2025,show,1,true,true,false,false,Apple TV+,FLATRATE
ts485135,Her Last Broadcast: The Abduction of Jodi Huisentruit,2025,show,2,true,false,false,false,Disney+|Hulu,FLATRATE
ts493142,Thirst Trap: The Fame. The Fantasy. The Fallout.,2025,show,1,true,true,false,false,Paramount+,FLATRATE
ts476716,Fred and Rose West: A British Horror Story,2025,show,1,true,true,false,false,Netflix,FLATRATE
ts448835,Critical: Between Life and Death,2025,show,1,true,true,false,false,Netflix,FLATRATE
ts461868,SNL50: Beyond Saturday Night,2025,show,1,true,true,false,false,Peacock,BUY|FLATRATE
ts484412,Conversations with a Killer: The Son of Sam Tapes,2025,show,1,true,true,false,false,Netflix,FLATRATE
ts490674,Trainwreck: Storm Area 51,2025,show,1,true,true,false,false,Netflix,FLATRATE
ts477100,Cold Case: The Tylenol Murders,2025,show,1,true,true,false,false,Netflix,FLATRATE
ts429828,An Update on Our Family,2025,show,1,true,true,false,false,Max,FLATRATE
ts487801,Most Wanted: Teen Hacker,2025,show,1,true,true,false,false,Max,FLATRATE
ts484455,Survival Mode,2025,show,1,true,true,false,false,Peacock,BUY|FLATRATE|FREE
ts466501,American Manhunt: O.J. Simpson,2025,show,1,true,true,false,false,Netflix,FLATRATE
ts503001,The Rocky Mountain Mortician Murder,2025,show,2,true,false,false,false,Discovery+|Max,BUY|FLATRATE|FREE
ts462174,The Curious Case of...,2025,show,4,true,false,false,false,Discovery+|Disney+|Hulu|Max,ADS|BUY|FLATRATE|FREE
ts498935,The End of an Era,2025,show,1,true,true,false,false,Disney+,FLATRATE
ts475649,Gordon Ramsay's Secret Service,2025,show,2,true,false,false,false,Disney+|Hulu,ADS|BUY|FLATRATE
ts490987,Capturing Their Killer: The Girls on the High Bridge,2025,show,2,true,false,false,false,Disney+|Hulu,FLATRATE
tm1624186,The Plague,2025,movie,2,true,false,false,false,AMC+|Sundance Now,BUY|CINEMA|FLATRATE|RENT
tm1607159,Anniversary,2025,movie,2,true,false,false,false,Disney+|Hulu,BUY|CINEMA|FLATRATE|RENT
tm1546624,Until Dawn,2025,movie,1,true,true,false,false,Netflix,BUY|CINEMA|FLATRATE|RENT
tm1530902,Bone Lake,2025,movie,1,true,true,false,false,Netflix,BUY|CINEMA|FLATRATE|FREE|RENT
tm1491652,HIM,2025,movie,1,true,true,false,false,Netflix,BUY|CINEMA|FLATRATE|RENT
tm1324616,The Conjuring: Last Rites,2025,movie,2,true,false,false,false,Amazon Prime Video|Max,BUY|CINEMA|FLATRATE|RENT
tm1621543,Alpha,2025,movie,0,false,false,false,false,,BUY|CINEMA|RENT
tm1528624,World Without End,2025,movie,1,true,true,false,false,Amazon Prime Video,ADS|BUY|FLATRATE|FREE|RENT
tm1603322,What We Hide,2025,movie,1,true,true,false,false,Amazon Prime Video,ADS|BUY|CINEMA|FLATRATE|FREE|RENT
tm1588274,The Astronaut,2025,movie,1,true,true,false,false,Hulu,BUY|CINEMA|FLATRATE|RENT
tm1489197,The Strangers: Chapter 2,2025,movie,1,true,true,false,false,Starz,BUY|CINEMA|FLATRATE|RENT
tm1670907,Mudborn,2025,movie,1,true,true,false,false,Netflix,FLATRATE
tm1643851,Bare Skin,2025,movie,0,false,false,true,false,,ADS|BUY|FREE|RENT
tm1624681,Man Finds Tape,2025,movie,0,false,false,false,false,,BUY|CINEMA|FREE|RENT
tm1613631,Abraham's Boys: A Dracula Story,2025,movie,4,true,false,false,false,AMC+|Disney+|Hulu|Shudder,BUY|CINEMA|FLATRATE|RENT
tm1584435,Borderline,2025,movie,4,true,false,false,false,Amazon Prime Video|Magnolia Selects|Peacock|Warriors and Gangsters,ADS|BUY|CINEMA|FLATRATE|FREE|RENT
tm1659615,The Man in My Basement,2025,movie,2,true,false,false,false,Disney+|Hulu,CINEMA|FLATRATE
ts147885,Guts & Glory,2025,show,2,true,false,false,false,AMC+|Shudder,BUY|FLATRATE
ts492338,Human Specimens,2025,show,1,true,true,false,false,Amazon Prime Video,FLATRATE
ts431881,Andhera,2025,show,1,true,true,false,false,Amazon Prime Video,FLATRATE
ts487954,Let the Devil In,2025,show,1,true,true,false,false,MGM+,FLATRATE
ts434037,Revival,2025,show,0,false,false,true,false,,BUY
ts378431,Zomvivor,2025,show,1,true,true,false,false,Netflix,FLATRATE
ts500459,Expediente Vallecas,2025,show,1,true,true,false,false,Max,FLATRATE
ts431879,Khauf,2025,show,1,true,true,false,false,Amazon Prime Video,FLATRATE
ts423728,Tell Me Your Name,2025,show,1,true,true,false,false,Amazon Prime Video,FLATRATE
ts478310,Hell Motel,2025,show,2,true,false,false,false,AMC+|Shudder,ADS|BUY|FLATRATE|FREE
ts431419,Cassandra,2025,show,1,true,true,false,false,Netflix,FLATRATE
ts479463,The Trouble with Tessa,2025,show,2,true,false,false,false,Amazon Prime Video|Midnight Pulp,ADS|BUY|FLATRATE|FREE
ts454930,This Monster Wants to Eat Me,2025,show,1,true,true,false,false,Crunchyroll,FLATRATE
ts505099,Serial,2025,show,0,false,false,true,false,,ADS|BUY|FAST|FLATRATE
ts403267,BanG Dream! Ave Mujica,2025,show,1,true,true,false,false,Crunchyroll,FLATRATE
ts489194,Enigma Black Stage,2025,show,1,true,true,false,false,Netflix,FLATRATE
ts474264,Perfect Days,2025,show,0,false,false,false,false,,
ts396683,Khemjira,2025,show,2,true,false,false,false,Netflix|iQIYI,FLATRATE
ts459161,Bhog,2025,show,1,true,true,false,false,Hoichoi,FLATRATE
ts486438,The Tipsy Mystery,2025,show,0,false,false,false,false,,ADS
ts467509,Tiem an Cua Quy,2025,show,1,true,true,false,false,Netflix,FLATRATE
ts226623,Safehaven,2025,show,0,false,false,false,false,,ADS
ts460474,The Eunuch Maker,2025,show,0,false,false,false,false,,
ts480113,Andhar Maya,2025,show,0,false,false,false,false,,
ts459863,SIN3056843,2025,show,0,false,false,false,false,,FREE
ts459049,Bhootteriki,2025,show,1,true,true,false,false,Hoichoi,FLATRATE
ts475421,Found Footage Finds,2025,show,1,true,true,false,false,FOUND TV,ADS
ts461713,Donors,2025,show,0,false,false,true,false,,ADS|BUY
ts481876,Gone Missin,2025,show,0,false,false,false,false,,ADS
ts466141,Haunted Arkansas,2025,show,0,false,false,true,false,,BUY
tm1579406,Kokuhô,2025,movie,0,false,false,false,true,,CINEMA
tm1618647,Springsteen: Deliver Me from Nowhere,2025,movie,2,true,false,false,false,Disney+|Hulu,BUY|CINEMA|FLATRATE|RENT
tm1575723,Mirrors No. 3,2025,movie,0,false,false,false,false,,BUY|CINEMA|RENT
tm1516864,Paradise Records,2025,movie,0,false,false,true,false,,ADS|BUY|RENT
tm1860105,Ozzy: No Escape from Now,2025,movie,1,true,true,false,false,Paramount+,BUY|FLATRATE|RENT
tm1420033,Freaky Tales,2025,movie,1,true,true,false,false,Max,BUY|CINEMA|FLATRATE|RENT
tm1082627,Becoming Led Zeppelin,2025,movie,1,true,true,false,false,Netflix,BUY|CINEMA|FLATRATE|RENT
tm1579041,Eraserheads: Combo on the Run,2025,movie,1,true,true,false,false,Netflix,FLATRATE
tm1667915,Christopher: A Beautiful Real Life,2025,movie,1,true,true,false,false,Netflix,FLATRATE
tm1624467,Depeche Mode: M,2025,movie,1,true,true,false,false,Netflix,BUY|CINEMA|FLATRATE|RENT
tm1624480,Matter of Time,2025,movie,1,true,true,false,false,Netflix,CINEMA|FLATRATE
tm1624521,Music Box: Counting Crows: Have You Seen Me Lately?,2025,movie,1,true,true,false,false,Max,FLATRATE
tm1515499,Every Side of the Bed,2025,movie,0,false,false,false,false,,
tm1644043,You Got Gold: A Celebration of John Prine,2025,movie,0,false,false,false,true,,CINEMA
tm1658967,Wicked: One Wonderful Night,2025,movie,1,true,true,false,false,Peacock,FLATRATE
tm1867624,Bruce Springsteen: Nebraska Live,2025,movie,0,false,false,true,false,,BUY|RENT
tm1514690,One to One: John & Yoko,2025,movie,1,true,true,false,false,Max,BUY|CINEMA|FLATRATE|RENT
tm1417178,Latin Blood – The Ballad of Ney Matogrosso,2025,movie,1,true,true,false,false,Netflix,FLATRATE
tm1433769,Swamp Dogg Gets His Pool Painted,2025,movie,1,true,true,false,false,Amazon Prime Video,ADS|BUY|CINEMA|FLATRATE|FREE|RENT
tm1517584,Pavements,2025,movie,1,true,true,false,false,MUBI,BUY|FLATRATE|FREE|RENT
tm1570734,Opus,2025,movie,3,true,false,false,false,Acorn TV|Cinemax|Max,BUY|CINEMA|FLATRATE|RENT
tm1884115,Taylor Swift | The Eras Tour | The Final Show,2025,movie,1,true,true,false,false,Disney+,FLATRATE
ts491650,The Road,2025,show,1,true,true,false,false,Paramount+,FLATRATE|FREE
ts457156,Building the Band,2025,show,1,true,true,false,false,Netflix,FLATRATE
ts475323,Billy Joel: And So It Goes,2025,show,1,true,true,false,false,Max,FLATRATE
ts417012,Superstar,2025,show,1,true,true,false,false,Netflix,FLATRATE
ts501039,Seventeen: Our Chapter,2025,show,1,true,true,false,false,Disney+,FLATRATE
ts72640,Hitmakers,2025,show,1,true,true,false,false,Netflix,FLATRATE
ts462786,Into the Void,2025,show,1,true,true,false,false,Hulu,FLATRATE
ts497734,Simon Cowell: The Next Act,2025,show,1,true,true,false,false,Netflix,FLATRATE
ts465406,Aitana: Metamorphosis,2025,show,1,true,true,false,false,Netflix,FLATRATE
ts469122,"Juan Gabriel: I Must, I Can, I Will",2025,show,1,true,true,false,false,Netflix,FLATRATE
ts455575,Sean Combs: The Reckoning,2025,show,1,true,true,false,false,Netflix,FLATRATE
ts476208,Live Aid at 40: When Rock ’n’ Roll Took on the World,2025,show,1,true,true,false,false,Max,BUY|FLATRATE
ts423441,Glass Heart,2025,show,1,true,true,false,false,Netflix,FLATRATE
ts484682,Hip Hop Was Born Here,2025,show,1,true,true,false,false,Paramount+,BUY|FLATRATE
ts490747,SI-VIS: The Sound of Heroes,2025,show,1,true,true,false,false,Crunchyroll,FLATRATE
ts482344,Nelly & Ashanti: We Belong Together,2025,show,1,true,true,false,false,Peacock,FLATRATE
ts449284,The Roshans,2025,show,1,true,true,false,false,Netflix,FLATRATE
ts476548,Rhythm + Flow: Poland,2025,show,1,true,true,false,false,Netflix,FLATRATE
ts464449,Metropolitan Police Department Narcotics Control Division MOGURA,2025,show,1,true,true,false,false,Netflix,FLATRATE
ts465660,The Swift Effect,2025,show,1,true,true,false,false,Peacock,FLATRATE|FREE
ts457233,KAMITSUBAKI CITY UNDER CONSTRUCTION,2025,show,1,true,true,false,false,Crunchyroll,FLATRATE
ts437699,Princession Orchestra,2025,show,0,false,false,false,false,,
ts467057,Faces of Music,2025,show,0,false,false,false,false,,
ts482571,Mickey & Minnie's Holiday Songs: Halloween,2025,show,1,true,true,false,false,Disney+,FLATRATE
ts328014,Hype,2025,show,0,false,false,false,false,,FLATRATE
ts494014,Words + Music,2025,show,1,true,true,false,false,MGM+,FLATRATE
ts500267,La Trevi sin filtro,2025,show,1,true,true,false,false,ViX,ADS|FLATRATE|FREE
ts456430,Karaoke Iko!,2025,show,1,true,true,false,false,Crunchyroll,FLATRATE
ts477630,Tracklist Live,2025,show,0,false,false,false,false,,FLATRATE|FREE
ts483522,Towns in Tune,2025,show,0,false,false,false,false,,ADS|FREE
ts491616,"A Band Called LoveSong, the Music & Movement of the Jesus Revolution",2025,show,1,true,true,false,false,Amazon Prime Video,BUY|FLATRATE
ts481572,Coffee Shop Vibes,2025,show,0,false,false,false,false,,ADS|FREE
ts490473,Papás por siempre,2025,show,1,true,true,false,false,ViX,ADS|FLATRATE
tm1672738,Christy,2025,movie,1,true,true,false,false,Max,BUY|CINEMA|FLATRATE|RENT
tm1480931,Eephus,2025,movie,1,true,true,false,false,MUBI,BUY|CINEMA|FLATRATE|RENT
tm1857012,Who Killed the Montreal Expos?,2025,movie,1,true,true,false,false,Netflix,FLATRATE
tm1595626,The Track,2025,movie,1,true,true,false,false,Amazon Prime Video,BUY|FLATRATE|RENT
tm1468314,Faster,2025,movie,1,true,true,false,false,Amazon Prime Video,BUY|FLATRATE|FREE|RENT
tm1668308,Unraveling George,2025,movie,1,true,true,false,false,Max,FLATRATE
tm1490594,The Senior,2025,movie,1,true,true,false,false,Angel Studios,BUY|CINEMA|FLATRATE|RENT
tm1579225,Happy Gilmore 2,2025,movie,1,true,true,false,false,Netflix,FLATRATE
tm1541281,Queen of the Ring,2025,movie,0,false,false,false,false,,BUY|CINEMA|RENT
tm1914945,The Shuffle,2025,movie,1,true,true,false,false,Max,FLATRATE
tm1618635,WrestleMania IX: Becoming a Spectacle,2025,movie,0,false,false,false,false,,
tm1641656,Saipan,2025,movie,1,true,true,false,false,MUBI,BUY|FLATRATE|RENT
tm1926190,Elway,2025,movie,1,true,true,false,false,Netflix,FLATRATE
tm1594675,We Beat the Dream Team,2025,movie,1,true,true,false,false,Max,FLATRATE
tm1647034,Canelo Álvarez vs. Terence Crawford,2025,movie,1,true,true,false,false,Netflix,FLATRATE
tm1916266,Jake Paul vs. Anthony Joshua,2025,movie,1,true,true,false,false,Netflix,FLATRATE
tm1557384,Idli Kadai,2025,movie,1,true,true,false,false,Netflix,CINEMA|FLATRATE
tm1298858,The Match,2025,movie,1,true,true,false,false,Netflix,FLATRATE
tm1579214,Lefter: The Story of the Ordinarius,2025,movie,1,true,true,false,false,Netflix,FLATRATE
tm1628840,American Thunder: NASCAR to Le Mans,2025,movie,1,true,true,false,false,Amazon Prime Video,FLATRATE
tm1397447,Sitaare Zameen Par,2025,movie,0,false,false,false,true,,CINEMA|FLATRATE
tm1856470,Six Kings Slam 2025,2025,movie,1,true,true,false,false,Netflix,FLATRATE
tm1594585,Frozen Hot Boys,2025,movie,1,true,true,false,false,Netflix,FLATRATE
tm1606754,Katie Taylor vs. Amanda Serrano 3,2025,movie,1,true,true,false,false,Netflix,FLATRATE
tm1535451,Ídolos,2025,movie,0,false,false,false,false,,
tm1606656,Test,2025,movie,1,true,true,false,false,Netflix,FLATRATE
tm1626789,Vini Jr.,2025,movie,1,true,true,false,false,Netflix,FLATRATE
tm1855880,Champion,2025,movie,1,true,true,false,false,Netflix,CINEMA|FLATRATE
tm1599399,Bison Kaalamaadan,2025,movie,1,true,true,false,false,Netflix,FLATRATE
tm1656280,My Tennis Maestro,2025,movie,0,false,false,false,false,,
tm1664451,Agon,2025,movie,1,true,true,false,false,MUBI,FLATRATE
tm1591471,Uncredited: The Story of Passinho,2025,movie,1,true,true,false,false,Netflix,FLATRATE
tm1952016,Tyson Fury vs. Arslanbek Makhmudov,2025,movie,1,true,true,false,false,Netflix,FLATRATE
tm1861367,Christmas Gameday: Cowboys vs. Commanders,2025,movie,0,false,false,false,false,,
tm1585625,Thomas Müller - One of a Kind,2025,movie,1,true,true,false,false,Amazon Prime Video,FLATRATE
tm1519688,Sunshine,2025,movie,0,false,false,true,false,,BUY|RENT
tm1631138,WWE Crown Jewel 2025,2025,movie,2,true,false,false,false,Disney+|Netflix,CINEMA|FLATRATE
tm1667647,American Warrior,2025,movie,1,true,true,false,false,Amazon Prime Video,ADS|BUY|CINEMA|FLATRATE|FREE|RENT
tm1860487,UFC 321: Aspinall vs. Gane,2025,movie,0,false,false,false,true,,CINEMA
tm1674065,UFC 320: Ankalaev vs. Pereira 2,2025,movie,0,false,false,false,true,,CINEMA
tm1617906,UFC 316: Dvalishvili vs. O'Malley 2,2025,movie,0,false,false,false,true,,CINEMA
tm1573348,UFC 312: Du Plessis vs. Strickland 2,2025,movie,0,false,false,false,true,,CINEMA
tm1899788,UFC 323: Dvalishvili vs. Yan 2,2025,movie,0,false,false,false,true,,CINEMA
ts496021,Allen Iv3rson,2025,show,1,true,true,false,false,Amazon Prime Video,FLATRATE
ts456940,Celtics City,2025,show,1,true,true,false,false,Max,FLATRATE
ts483234,America's Team: The Gambler and His Cowboys,2025,show,1,true,true,false,false,Netflix,FLATRATE
ts489078,The Kingdom,2025,show,1,true,true,false,false,Disney+,FLATRATE
ts477953,F1: The Academy,2025,show,1,true,true,false,false,Netflix,FLATRATE
ts433969,The Winning Try,2025,show,1,true,true,false,false,Netflix,FLATRATE
ts433271,Court of Gold,2025,show,1,true,true,false,false,Netflix,FLATRATE
ts463155,SEC Football: Any Given Saturday,2025,show,1,true,true,false,false,Netflix,FLATRATE
ts478234,WWE: Unreal,2025,show,1,true,true,false,false,Netflix,FLATRATE
ts500557,Alex vs ARod,2025,show,1,true,true,false,false,Max,FLATRATE
ts451971,Necaxa,2025,show,2,true,false,false,false,Disney+|Hulu,BUY|FLATRATE|FREE
ts507498,I AM BOXER,2025,show,2,true,false,false,false,Disney+|Hulu,FLATRATE
ts474972,Race for the Crown,2025,show,1,true,true,false,false,Netflix,FLATRATE
ts464883,Kibic,2025,show,1,true,true,false,false,Netflix,FLATRATE
ts472181,First to the Finish,2025,show,1,true,true,false,false,Amazon Prime Video,FLATRATE
ts458401,Football Parents,2025,show,1,true,true,false,false,Netflix,FLATRATE
ts457703,Matchroom: The Greatest Showmen,2025,show,1,true,true,false,false,Netflix,FLATRATE
ts478842,Power Moves with Shaquille O'Neal,2025,show,1,true,true,false,false,Netflix,FLATRATE
ts457968,Umamusume: Cinderella Gray,2025,show,1,true,true,false,false,Amazon Prime Video,ADS|FLATRATE
ts441168,Olympo,2025,show,1,true,true,false,false,Netflix,FLATRATE
ts216228,Red Bull Soapbox Race,2025,show,2,true,false,false,false,Discovery+|Max,ADS|FLATRATE|FREE
ts420625,The Clubhouse: A Year with the Red Sox,2025,show,1,true,true,false,false,Netflix,FLATRATE
ts481578,Esports World Cup: Level Up,2025,show,1,true,true,false,false,Amazon Prime Video,FLATRATE
ts420354,Onside: Major League Soccer,2025,show,1,true,true,false,false,Apple TV+,FLATRATE
ts466197,Harlem Ice,2025,show,1,true,true,false,false,Disney+,FLATRATE
ts472163,Go!,2025,show,1,true,true,false,false,Netflix,FLATRATE
ts477612,Formula E: Driver,2025,show,1,true,true,false,false,Amazon Prime Video,ADS|FLATRATE
ts465449,Carlos Alcaraz: My Way,2025,show,1,true,true,false,false,Netflix,FLATRATE
ts487333,Adaptive,2025,show,1,true,true,false,false,Peacock,FLATRATE
ts487308,Built in Birmingham: Brady & the Blues,2025,show,1,true,true,false,false,Amazon Prime Video,FLATRATE
ts482780,The Home Team: New York Jets,2025,show,1,true,true,false,false,Amazon Prime Video,FLATRATE
ts408608,Medalist,2025,show,2,true,false,false,false,Disney+|Hulu,FLATRATE
ts493737,Countdown: Canelo vs. Crawford,2025,show,1,true,true,false,false,Netflix,FLATRATE
ts423996,The Greatest Rivalry: India vs Pakistan,2025,show,1,true,true,false,false,Netflix,FLATRATE
ts469655,For the Win: NWSL,2025,show,1,true,true,false,false,Amazon Prime Video,ADS|FLATRATE
ts473889,Fight for Glory: 2024 World Series,2025,show,1,true,true,false,false,Apple TV+,FLATRATE
ts468314,Real Madrid: How Could I Not Love You,2025,show,1,true,true,false,false,Amazon Prime Video,ADS|BUY|FLATRATE
ts377188,Turkey!,2025,show,1,true,true,false,false,Crunchyroll,FLATRATE
ts316052,Espartanos: Una historia real,2025,show,2,true,false,false,false,Disney+|Hulu,FLATRATE
ts459140,Catch Me at the Ballpark!,2025,show,1,true,true,false,false,Crunchyroll,FLATRATE
ts471214,Hands off: Sawaranaide Kotesashi-kun,2025,show,1,true,true,false,false,Crunchyroll,FLATRATE
ts460947,WWE's Greatest Moments,2025,show,0,false,false,true,false,,BUY|FLATRATE|FREE
ts467952,WWE Evolve,2025,show,0,false,false,false,false,,ADS
tm1614458,Kill Tony: Kill or Be Killed,2025,movie,1,true,true,false,false,Netflix,FLATRATE
tm1597501,SNL50: The Homecoming Concert,2025,movie,1,true,true,false,false,Peacock,FLATRATE
tm1853127,Caleb Hearon: Model Comedian,2025,movie,1,true,true,false,false,Max,FLATRATE
tm1635006,Netflix Tudum 2025,2025,movie,0,false,false,false,false,,
tm1613864,Guardians of the Galapagos,2025,movie,1,true,true,false,false,Disney+,FLATRATE
tm1490090,The 31st Annual Screen Actors Guild Awards,2025,movie,0,false,false,false,false,,
tm1886719,Victoria's Secret Fashion Show,2025,movie,1,true,true,false,false,Amazon Prime Video,FLATRATE
tm1916414,My Next Guest with David Letterman and Adam Sandler,2025,movie,1,true,true,false,false,Netflix,FLATRATE
tm1870462,Everybody Loves Raymond: 30th Anniversary Reunion,2025,movie,0,false,false,false,false,,
tm1624639,WWE Evolution 2025,2025,movie,0,false,false,false,false,,
tm1617172,An Oprah Winfrey Special: The Menopause Revolution,2025,movie,0,false,false,false,false,,
tm1606154,AEW Double or Nothing 2025,2025,movie,0,false,false,false,false,,
tm1921614,Jordan Klepper Fingers the Pulse: Give the Man a Prize,2025,movie,1,true,true,false,false,Paramount+,FLATRATE
tm1593536,The 12th Annual On Cinema Oscar Special,2025,movie,0,false,false,false,false,,
tm1665220,Alien Sharks: Death Down Under,2025,movie,2,true,false,false,false,Discovery+|Max,BUY|FLATRATE
tm1665843,Frankenshark,2025,movie,2,true,false,false,false,Discovery+|Max,BUY|FLATRATE
tm1576708,2025 Oscar Nominated Short Films: Live Action,2025,movie,0,false,false,false,false,,
tm1590374,The 67th Annual Grammy Awards,2025,movie,0,false,false,false,false,,
tm1517914,82nd Golden Globe Awards,2025,movie,0,false,false,false,false,,
tm1607699,BET Awards 2025,2025,movie,1,true,true,false,false,BET+,FLATRATE
tm1637167,Nickelodeon Kids' Choice Awards 2025,2025,movie,0,false,false,false,false,,
tm1647594,The 2025 Crunchyroll Anime Awards,2025,movie,0,false,false,false,false,,
tm1928543,TikTok Awards 2025,2025,movie,0,false,false,false,false,,ADS
tm1599926,14th AACTA Awards,2025,movie,1,true,true,false,false,Amazon Prime Video,FLATRATE
tm1917305,Miss Universe 2025,2025,movie,0,false,false,false,false,,FREE
tm1868441,Eli Manning Presents: The Undercovers,2025,movie,1,true,true,false,false,Amazon Prime Video,FLATRATE
tm1900696,Sidelined: Rewind with Noah and Siena,2025,movie,0,false,false,false,false,,ADS
ts475657,Castle Impossible,2025,show,4,true,false,false,false,Discovery+|Disney+|Hulu|Max,ADS|BUY|FLATRATE|FREE
ts460657,Baylen Out Loud,2025,show,4,true,false,false,false,Discovery+|Disney+|Hulu|Max,ADS|BUY|FLATRATE|FREE
ts470566,Million Dollar Secret,2025,show,1,true,true,false,false,Netflix,FLATRATE
ts476458,Love Island: Beyond the Villa,2025,show,1,true,true,false,false,Peacock,FLATRATE
ts449698,The Traitors,2025,show,0,false,false,false,false,,
ts460634,Extracted,2025,show,3,true,false,false,false,Disney+|FOX One|Hulu,BUY|FLATRATE|FREE
ts469169,Filthy Fortunes,2025,show,4,true,false,false,false,Discovery+|Disney+|Hulu|Max,BUY|FLATRATE|FREE
ts491749,Next Level Baker,2025,show,3,true,false,false,false,Disney+|FOX One|Hulu,ADS|BUY|FLATRATE|FREE
ts496790,JUST MAKEUP,2025,show,1,true,true,false,false,Amazon Prime Video,FLATRATE
ts490169,Physical: Asia,2025,show,1,true,true,false,false,Netflix,FLATRATE
ts470833,A Sorority Mom's Guide to Rush,2025,show,2,true,false,false,false,Disney+|Hulu,ADS|BUY|FLATRATE|FREE
ts477157,The Snake,2025,show,0,false,false,true,false,,ADS|BUY
ts476532,Final Draft,2025,show,1,true,true,false,false,Netflix,FLATRATE
ts507487,Members Only: Palm Beach,2025,show,1,true,true,false,false,Netflix,FLATRATE
ts479566,The Celebrity Traitors,2025,show,1,true,true,false,false,Peacock,FLATRATE
ts479235,99 to Beat,2025,show,2,true,false,false,false,FOX One|Hulu,ADS|FLATRATE|FREE
ts329496,Molly-Mae: Behind It All,2025,show,1,true,true,false,false,Amazon Prime Video,FLATRATE
ts477687,90 Day: Hunt for Love,2025,show,4,true,false,false,false,Discovery+|Disney+|Hulu|Max,BUY|FLATRATE|FREE
ts500966,Surviving Mormonism with Heather Gay,2025,show,1,true,true,false,false,Peacock,ADS|FLATRATE
ts485112,What's in the Box?,2025,show,1,true,true,false,false,Netflix,FLATRATE
ts445037,Wear Whatever the F You Want,2025,show,1,true,true,false,false,Amazon Prime Video,ADS|FLATRATE
ts473273,Polyfamily,2025,show,3,true,false,false,false,Discovery+|Disney+|Hulu,BUY|FLATRATE|FREE
ts470543,Medusa,2025,show,1,true,true,false,false,Netflix,FLATRATE
ts484580,Botched Presents: Plastic Surgery Rewind,2025,show,0,false,false,true,false,,ADS|BUY|FLATRATE|FREE
ts439402,Tom Green Country,2025,show,1,true,true,false,false,Amazon Prime Video,FLATRATE
ts489967,Next Gen Chef,2025,show,1,true,true,false,false,Netflix,FLATRATE
ts468243,KPOPPED,2025,show,1,true,true,false,false,Apple TV+,FLATRATE
ts494463,Inside: USA,2025,show,1,true,true,false,false,Netflix,FLATRATE
ts493027,Dish It Out,2025,show,1,true,true,false,false,Amazon Prime Video,ADS|FLATRATE
ts494357,Don't Date Brandon,2025,show,1,true,true,false,false,Paramount+,FLATRATE
ts445511,Sneaky Links: Dating After Dark,2025,show,1,true,true,false,false,Netflix,FLATRATE
ts477395,Love Thy Nader,2025,show,2,true,false,false,false,Disney+|Hulu,FLATRATE
ts474019,King of Drag,2025,show,0,false,false,false,false,,ADS|FLATRATE
ts506083,Good Sports with Kevin Hart and Kenan Thompson,2025,show,1,true,true,false,false,Amazon Prime Video,FLATRATE
ts476978,Crime Scene Zero,2025,show,1,true,true,false,false,Netflix,FLATRATE
ts465382,Hollywood Squares,2025,show,1,true,true,false,false,Paramount+,FLATRATE|FREE
tm1434941,Eden,2025,movie,1,true,true,false,false,Netflix,BUY|CINEMA|FLATRATE|RENT
tm1519057,Sarah's Oil,2025,movie,2,true,false,false,false,Amazon Prime Video|Wonder Project,BUY|CINEMA|FLATRATE|RENT
tm1663875,The Voice of Hind Rajab,2025,movie,2,true,false,false,false,Disney+|Hulu,BUY|CINEMA|FLATRATE|RENT
tm1646289,The Lost Bus,2025,movie,1,true,true,false,false,Apple TV+,CINEMA|FLATRATE
tm1523742,The Luckiest Man in America,2025,movie,4,true,false,false,false,AMC+|Disney+|Hulu|Sundance Now,BUY|CINEMA|FLATRATE|FREE|RENT
tm1636835,"Good Night, and Good Luck",2025,movie,1,true,true,false,false,Netflix,BUY|FLATRATE|RENT
tm1617587,New Wave,2025,movie,1,true,true,false,false,Netflix,CINEMA|FLATRATE
tm1573546,Peter Hujar's Day,2025,movie,1,true,true,false,false,Criterion Channel,BUY|CINEMA|FLATRATE|RENT
tm1618148,Truth & Treason,2025,movie,2,true,false,false,false,Angel Studios|Wonder Project,BUY|CINEMA|FLATRATE|RENT
tm1571390,The Librarians,2025,movie,0,false,false,false,false,,FLATRATE|FREE
tm1534162,Lilly,2025,movie,1,true,true,false,false,Netflix,BUY|CINEMA|FLATRATE|FREE|RENT
tm1679557,Harsens Island Revenge,2025,movie,1,true,true,false,false,Amazon Prime Video,ADS|BUY|CINEMA|FLATRATE|FREE|RENT
tm1650146,When We Went MAD!,2025,movie,0,false,false,true,false,,ADS|BUY|RENT
tm1326254,The Alto Knights,2025,movie,3,true,false,false,false,Acorn TV|Cinemax|Max,BUY|CINEMA|FLATRATE|RENT
tm1391648,UnBroken,2025,movie,1,true,true,false,false,Netflix,ADS|BUY|CINEMA|FLATRATE|FREE|RENT
tm1621926,Britain and the Blitz,2025,movie,1,true,true,false,false,Netflix,FLATRATE
tm1510259,Lilies Not for Me,2025,movie,3,true,false,false,false,Amazon Prime Video|Dekkoo|Paramount+,ADS|BUY|FLATRATE|FREE|RENT
tm1899647,The Stringer: The Man Who Took the Photo,2025,movie,1,true,true,false,false,Netflix,FLATRATE
tm1560315,Videoheaven,2025,movie,1,true,true,false,false,Criterion Channel,FLATRATE
tm1405675,Chhaava,2025,movie,1,true,true,false,false,Netflix,CINEMA|FLATRATE
ts275836,House of Guinness,2025,show,1,true,true,false,false,Netflix,FLATRATE
ts435385,The Seduction,2025,show,1,true,true,false,false,Max,FLATRATE
ts418903,Lockerbie: A Search for Truth,2025,show,1,true,true,false,false,Peacock,BUY|FLATRATE
ts467680,American Manhunt: Osama bin Laden,2025,show,1,true,true,false,false,Netflix,FLATRATE
ts473193,Oklahoma City Bombing: One Day in America,2025,show,2,true,false,false,false,Disney+|Hulu,BUY|FLATRATE
ts466134,Lockerbie: The Bombing of Pan Am 103,2025,show,1,true,true,false,false,Max,FLATRATE
ts383773,Kevin Costner's the West,2025,show,3,true,false,false,false,Disney+|HISTORY Vault|Hulu,BUY|FLATRATE|FREE
ts396691,The Murky Stream,2025,show,2,true,false,false,false,Disney+|Hulu,FLATRATE
ts471793,Secrets Declassified with David Duchovny,2025,show,3,true,false,false,false,Disney+|HISTORY Vault|Hulu,ADS|BUY|FLATRATE|FREE
ts471604,Mafia: Most Wanted,2025,show,1,true,true,false,false,Netflix,FLATRATE
ts478299,American Prince: JFK Jr.,2025,show,1,true,true,false,false,Max,BUY|FLATRATE
ts480960,Jane Austen: Rise of a Genius,2025,show,1,true,true,false,false,BritBox,FLATRATE
ts431774,Néro the Assassin,2025,show,1,true,true,false,false,Netflix,FLATRATE
ts404187,The Leopard,2025,show,1,true,true,false,false,Netflix,FLATRATE
ts502439,Gladiators: Warriors of the Ancient World,2025,show,2,true,false,false,false,Disney+|Hulu,FLATRATE
ts453590,Vietnam: The War That Changed America,2025,show,1,true,true,false,false,Apple TV+,FLATRATE
ts451614,A Hundred Memories,2025,show,1,true,true,false,false,Rakuten Viki,ADS|FLATRATE
ts422781,A Cruel Love: The Ruth Ellis Story,2025,show,1,true,true,false,false,BritBox,FLATRATE
ts493554,Seen & Heard: The History of Black Television,2025,show,1,true,true,false,false,Max,FLATRATE
ts388255,Tangeum,2025,show,1,true,true,false,false,Netflix,FLATRATE
ts326883,Washington Black,2025,show,2,true,false,false,false,Disney+|Hulu,FLATRATE
ts468315,Eyes on the Prize III: We Who Believe in Freedom Cannot Rest 1977-2015,2025,show,1,true,true,false,false,Max,FLATRATE
ts395432,Aema,2025,show,1,true,true,false,false,Netflix,FLATRATE
ts394487,Suspect: The Shooting of Jean Charles De Menezes,2025,show,2,true,false,false,false,Disney+|Hulu,FLATRATE
ts432783,Breslau,2025,show,2,true,false,false,false,Disney+|Hulu,FLATRATE
tm1527832,Two People Exchanging Saliva,2025,movie,0,false,false,false,false,,
tm1600703,One More Shot,2025,movie,1,true,true,false,false,Amazon Prime Video,BUY|FLATRATE|FREE|RENT
tm1299255,M3GAN 2.0,2025,movie,1,true,true,false,false,Netflix,BUY|CINEMA|FLATRATE|RENT
tm1505392,The Assessment,2025,movie,2,true,false,false,false,Disney+|Hulu,BUY|CINEMA|FLATRATE|FREE|RENT
tm1633867,Worldbreaker,2025,movie,0,false,false,false,false,,BUY|CINEMA|RENT
tm1680307,The Great Flood,2025,movie,1,true,true,false,false,Netflix,FLATRATE
tm1670315,Universal,2025,movie,1,true,true,false,false,Amazon Prime Video,ADS|BUY|FLATRATE|FREE|RENT
tm1465677,The Shrouds,2025,movie,1,true,true,false,false,Criterion Channel,BUY|CINEMA|FLATRATE|FREE|RENT
tm1600558,Marshmallow,2025,movie,4,true,false,false,false,AMC+|Amazon Prime Video|Paramount+|Shudder,ADS|BUY|CINEMA|FLATRATE|FREE|RENT
tm1610638,The Draw,2025,movie,0,false,false,true,false,,BUY|FREE|RENT
tm1953506,Portal in the Pines,2025,movie,1,true,true,false,false,Amazon Prime Video,ADS|BUY|FLATRATE|RENT
tm1571909,Ash,2025,movie,4,true,false,false,false,AMC+|Disney+|Hulu|Shudder,BUY|CINEMA|FLATRATE|FREE|RENT
tm1587742,Reflection in a Dead Diamond,2025,movie,2,true,false,false,false,AMC+|Shudder,BUY|FLATRATE|RENT
tm1573540,All That's Left of You,2025,movie,0,false,false,false,false,,BUY|CINEMA|RENT
tm1561485,O.T.H.E.R,2025,movie,2,true,false,false,false,AMC+|Shudder,BUY|FLATRATE|RENT
tm1636522,Our Times,2025,movie,1,true,true,false,false,Netflix,FLATRATE
ts448669,Love in the Clouds,2025,show,2,true,false,false,false,Netflix|Rakuten Viki,ADS|BUY|FLATRATE
ts307086,Demascus,2025,show,0,false,false,false,false,,ADS
ts460702,The Hot Spot,2025,show,1,true,true,false,false,Netflix,FLATRATE
tm1596961,Tornado,2025,movie,3,true,false,false,false,AMC+|Hulu|Sundance Now,BUY|CINEMA|FLATRATE|RENT
tm1666083,Killing Faith,2025,movie,2,true,false,false,false,Disney+|Hulu,BUY|CINEMA|FLATRATE|RENT
tm1621742,Broke,2025,movie,1,true,true,false,false,Netflix,BUY|FLATRATE|RENT
tm1311670,Americana,2025,movie,0,false,false,false,false,,BUY|CINEMA|RENT
tm1624616,Heads or Tails?,2025,movie,0,false,false,true,false,,BUY|RENT
tm1302396,In the Lost Lands,2025,movie,1,true,true,false,false,Hulu,BUY|CINEMA|FLATRATE|RENT
tm1909589,A Gunfighter's Deal,2025,movie,1,true,true,false,false,Amazon Prime Video,ADS|BUY|FLATRATE|FREE|RENT
tm1542258,Rust,2025,movie,0,false,false,false,false,,BUY|CINEMA|FREE|RENT
tm1316566,The Unholy Trinity,2025,movie,1,true,true,false,false,Hulu,BUY|CINEMA|FLATRATE|RENT
tm1489078,Gunslingers,2025,movie,1,true,true,false,false,Amazon Prime Video,BUY|CINEMA|FLATRATE|FREE|RENT
tm1199488,Tommyknockers,2025,movie,1,true,true,false,false,Amazon Prime Video,ADS|BUY|FLATRATE|FREE|RENT
tm1616796,Forgive Us All,2025,movie,1,true,true,false,false,Amazon Prime Video,ADS|BUY|FLATRATE|FREE|RENT
tm1436646,Manitou's Canoe,2025,movie,0,false,false,true,false,,BUY
tm1598973,Day of Reckoning,2025,movie,0,false,false,false,false,,ADS|BUY|CINEMA|RENT
tm1614457,Fall Is a Good Time to Die,2025,movie,0,false,false,true,false,,ADS|BUY|FREE|RENT
tm1621445,Broken Trail,2025,movie,2,true,false,false,false,Disney+|Hulu,BUY|FLATRATE|RENT
tm1534266,Eastern Western,2025,movie,0,false,false,false,false,,BUY|CINEMA|RENT
tm1627507,Django Undisputed,2025,movie,0,false,false,true,false,,BUY|RENT
tm1654192,Bury 'Em Deep,2025,movie,0,false,false,true,false,,ADS|BUY|RENT
tm1917675,Last Train to Fortune,2025,movie,0,false,false,false,false,,
tm1873506,Frontier Crucible,2025,movie,0,false,false,false,false,,BUY|CINEMA|RENT
tm1615888,Long Shadows,2025,movie,1,true,true,false,false,Amazon Prime Video,ADS|BUY|CINEMA|FLATRATE|FREE|RENT
tm1965480,Where the Wind Blows,2025,movie,0,false,false,true,false,,BUY|RENT
tm1862313,Cottonmouth,2025,movie,2,true,false,false,false,Amazon Prime Video|Midnight Pulp,ADS|BUY|FLATRATE|FREE|RENT
tm1636155,Resurrection Road,2025,movie,1,true,true,false,false,Starz,BUY|CINEMA|FLATRATE|RENT
tm1914338,Idaho Fallen,2025,movie,1,true,true,false,false,Amazon Prime Video,ADS|BUY|FLATRATE|FREE|RENT
tm1474335,Pinkerton,2025,movie,1,true,true,false,false,Amazon Prime Video,ADS|BUY|FLATRATE|RENT
tm1922960,A Town Called Purgatory,2025,movie,0,false,false,true,false,,ADS|BUY|RENT
tm1971275,Buffalo Daze,2025,movie,1,true,true,false,false,Amazon Prime Video,ADS|BUY|FLATRATE|FREE|RENT
tm1509616,Same Old West,2025,movie,0,false,false,false,false,,
tm1579515,Jesse James,2025,movie,1,true,true,false,false,Amazon Prime Video,ADS|FLATRATE
tm1587783,Guns of Redemption,2025,movie,0,false,false,false,false,,ADS|BUY|CINEMA|FLATRATE|RENT
tm1599013,Blood in Them Hills,2025,movie,0,false,false,true,false,,ADS|BUY|RENT
tm1319770,Butch Cassidy and the Wild Bunch,2025,movie,1,true,true,false,false,Amazon Prime Video,ADS|BUY|FLATRATE|RENT
tm1632269,Whispers of the Witching Hour,2025,movie,0,false,false,true,false,,ADS|BUY|FREE|RENT
tm1611309,Sod and Stubble,2025,movie,0,false,false,false,false,,ADS|BUY|CINEMA|RENT
tm1669368,The Wide West,2025,movie,0,false,false,true,false,,ADS|BUY|RENT
tm1611516,Stolen Time,2025,movie,0,false,false,true,false,,BUY|FREE
tm1054635,Britney Lost Her Phone,2025,movie,0,false,false,false,false,,ADS
tm1961361,Sundown,2025,movie,0,false,false,true,false,,ADS|BUY|FREE|RENT
tm1667922,Big Thunder Mountain Railroad | Disneyland Resort,2025,movie,1,true,true,false,false,Disney+,FLATRATE
tm1610786,Terror in the Valley,2025,movie,1,true,true,false,false,Bloodstream,FLATRATE|FREE
tm1350010,Slide,2025,movie,0,false,false,false,true,,CINEMA
tm1464464,Killin' Jim Kelly,2025,movie,1,true,true,false,false,Amazon Prime Video,ADS|BUY|FLATRATE|FREE|RENT
tm1588817,The Company of Thieves,2025,movie,0,false,false,true,false,,ADS|BUY|RENT
tm2882683,Hidden Creek,2025,movie,0,false,false,true,false,,ADS|BUY|FREE|RENT
ts387304,The Abandons,2025,show,1,true,true,false,false,Netflix,FLATRATE
ts297122,Maria: The Outlaw Legend,2025,show,2,true,false,false,false,Disney+|Hulu,FLATRATE
ts484747,Crossroad Springs,2025,show,1,true,true,false,false,Pure Flix,FLATRATE
ts484937,Liberty Gulch,2025,show,0,false,false,false,false,,FREE
tm1314959,The Ministry of Ungentlemanly Warfare,2024,movie,1,true,true,false,false,Peacock,ADS|BUY|CINEMA|FLATRATE|RENT
tm1471345,Anora,2024,movie,2,true,false,false,false,Disney+|Hulu,BUY|CINEMA|FLATRATE|FREE|RENT
tm1248166,The Fall Guy,2024,movie,0,false,false,false,false,,BUY|CINEMA|RENT
tm1400296,Kinds of Kindness,2024,movie,2,true,false,false,false,Disney+|Hulu,BUY|CINEMA|FLATRATE|RENT
tm1226583,Challengers,2024,movie,0,false,false,false,false,,ADS|BUY|CINEMA|RENT
tm1471602,The Apprentice,2024,movie,1,true,true,false,false,Amazon Prime Video,ADS|BUY|CINEMA|FLATRATE|RENT
tm915880,Despicable Me 4,2024,movie,1,true,true,false,false,Amazon Prime Video,BUY|CINEMA|FLATRATE|RENT
tm1448315,Snack Shack,2024,movie,1,true,true,false,false,MGM+,BUY|CINEMA|FLATRATE|RENT
tm1248245,Sonic the Hedgehog 3,2024,movie,3,true,false,false,false,Amazon Prime Video|MGM+|Paramount+,BUY|CINEMA|FLATRATE|RENT
tm1226178,Boy Kills World,2024,movie,2,true,false,false,false,Disney+|Hulu,BUY|CINEMA|FLATRATE|RENT
tm1496608,Empire Waist,2024,movie,1,true,true,false,false,Starz,BUY|CINEMA|FLATRATE|FREE|RENT
tm1419561,Kneecap,2024,movie,1,true,true,false,false,Hulu,BUY|CINEMA|FLATRATE|RENT
tm1334588,Beetlejuice Beetlejuice,2024,movie,2,true,false,false,false,Amazon Prime Video|Max,BUY|CINEMA|FLATRATE|RENT
tm1338718,Abigail,2024,movie,0,false,false,false,false,,BUY|CINEMA|RENT
tm1439898,Blink Twice,2024,movie,2,true,false,false,false,Amazon Prime Video|MGM+,ADS|BUY|CINEMA|FLATRATE|RENT
tm1425839,Wolfs,2024,movie,1,true,true,false,false,Apple TV+,BUY|CINEMA|FLATRATE
tm1425282,The Idea of You,2024,movie,1,true,true,false,false,Amazon Prime Video,BUY|CINEMA|FLATRATE|RENT
tm1350188,Upgraded,2024,movie,1,true,true,false,false,Amazon Prime Video,FLATRATE
tm1486201,The Supremes at Earl's All-You-Can-Eat,2024,movie,2,true,false,false,false,Disney+|Hulu,ADS|FLATRATE
tm1479250,Jane Austen's Period Drama,2024,movie,0,false,false,false,false,,FREE
tm1033751,If,2024,movie,2,true,false,false,false,Netflix|Paramount+,BUY|CINEMA|FLATRATE|RENT
tm1480943,Christmas Eve in Miller's Point,2024,movie,4,true,false,false,false,AMC+|Disney+|Hulu|Sundance Now,BUY|CINEMA|FLATRATE|RENT
tm1556698,Dear Santa,2024,movie,1,true,true,false,false,Paramount+,BUY|FLATRATE|RENT
tm1280371,La mesita del comedor,2024,movie,3,true,false,false,false,AMC+|Midnight Pulp|Shudder,ADS|BUY|CINEMA|FLATRATE|FREE|RENT
tm1230231,Ghostbusters: Frozen Empire,2024,movie,0,false,false,false,false,,BUY|CINEMA|FLATRATE|RENT
tm1445240,Your Monster,2024,movie,2,true,false,false,false,Amazon Prime Video|Netflix,ADS|BUY|CINEMA|FLATRATE|FREE|RENT
tm1471584,Misericordia,2024,movie,1,true,true,false,false,Criterion Channel,BUY|CINEMA|FLATRATE|FREE|RENT
tm1519692,A Thousand Cuts,2024,movie,1,true,true,false,false,Amazon Prime Video,BUY|FLATRATE|RENT
tm1421742,Fight or Flight,2024,movie,2,true,false,false,false,Bloodstream|Paramount+,BUY|CINEMA|FLATRATE|FREE|RENT
tm1425842,Fly Me to the Moon,2024,movie,1,true,true,false,false,Apple TV+,BUY|CINEMA|FLATRATE|RENT
tm1419479,A Different Man,2024,movie,3,true,false,false,false,Acorn TV|Cinemax|Max,BUY|CINEMA|FLATRATE|RENT
tm1397835,Lisa Frankenstein,2024,movie,0,false,false,false,false,,BUY|CINEMA|RENT
tm1419478,A Real Pain,2024,movie,0,false,false,false,false,,BUY|CINEMA|RENT
tm1678817,The Million Dollar Bet,2024,movie,1,true,true,false,false,Amazon Prime Video,BUY|FLATRATE|RENT
tm1433320,Audrey,2024,movie,1,true,true,false,false,Amazon Prime Video,ADS|BUY|FLATRATE|FREE|RENT
tm1474955,Don't Tell Mom the Babysitter's Dead,2024,movie,3,true,false,false,false,Amazon Prime Video|BET+|Paramount+,ADS|BUY|CINEMA|FLATRATE|FREE|RENT
tm1495628,Lake George,2024,movie,2,true,false,false,false,Disney+|Hulu,BUY|CINEMA|FLATRATE|FREE|RENT
tm1367408,Bad Boys: Ride or Die,2024,movie,2,true,false,false,false,Disney+|Hulu,BUY|CINEMA|FLATRATE|RENT
tm1111417,The Trouble with Jessica,2024,movie,2,true,false,false,false,Amazon Prime Video|OVID,ADS|BUY|CINEMA|FLATRATE|FREE|RENT
tm1067780,Borderlands,2024,movie,1,true,true,false,false,Starz,BUY|CINEMA|FLATRATE|RENT
tm1218568,Mean Girls,2024,movie,1,true,true,false,false,Paramount+,BUY|CINEMA|FLATRATE|RENT
tm1261680,Hundreds of Beavers,2024,movie,4,true,false,false,false,Amazon Prime Video|Cineverse|MUBI|Midnight Pulp,ADS|BUY|FLATRATE|FREE|RENT
tm1422047,It's What's Inside,2024,movie,1,true,true,false,false,Netflix,FLATRATE
tm1419493,Between the Temples,2024,movie,1,true,true,false,false,Netflix,BUY|CINEMA|FLATRATE|RENT
tm1420076,Thelma,2024,movie,2,true,false,false,false,Disney+|Hulu,BUY|CINEMA|FLATRATE|FREE|RENT
tm1519175,Holiday Touchdown: A Chiefs Love Story,2024,movie,1,true,true,false,false,Hallmark+,BUY|FLATRATE|FREE|RENT
tm1443452,Escape,2024,movie,0,false,false,false,false,,
tm1528662,Saturday Night,2024,movie,1,true,true,false,false,Netflix,BUY|CINEMA|FLATRATE|RENT
tm1476656,The Roast of Tom Brady,2024,movie,1,true,true,false,false,Netflix,FLATRATE
tm1453450,We Shall Not Be Moved,2024,movie,2,true,false,false,false,Disney+|Hulu,FLATRATE|FREE
ts422210,Georgie & Mandy's First Marriage,2024,show,1,true,true,false,false,Paramount+,BUY|FLATRATE|FREE
ts390185,High Potential,2024,show,2,true,false,false,false,Disney+|Hulu,BUY|FLATRATE|FREE
ts380380,Elsbeth,2024,show,1,true,true,false,false,Paramount+,BUY|FLATRATE|FREE
ts352693,ted,2024,show,1,true,true,false,false,Peacock,BUY|FLATRATE
ts438113,Pop Culture Jeopardy!,2024,show,2,true,false,false,false,Amazon Prime Video|Netflix,ADS|FLATRATE
ts438137,St. Denis Medical,2024,show,2,true,false,false,false,Netflix|Peacock,ADS|BUY|FLATRATE|FREE
ts418689,Ludwig,2024,show,1,true,true,false,false,BritBox,FLATRATE
ts412880,Murder Mindfully,2024,show,1,true,true,false,false,Netflix,FLATRATE
ts414407,Wild Cards,2024,show,1,true,true,false,false,Amazon Prime Video,BUY|FLATRATE|FREE
ts381233,A Man on the Inside,2024,show,1,true,true,false,false,Netflix,FLATRATE
ts258721,The Gentlemen,2024,show,1,true,true,false,false,Netflix,FLATRATE
ts383064,Nobody Wants This,2024,show,1,true,true,false,false,Netflix,FLATRATE
ts94765,Hazbin Hotel,2024,show,1,true,true,false,false,Amazon Prime Video,ADS|BUY|FLATRATE
ts432427,Happy's Place,2024,show,2,true,false,false,false,Netflix|Peacock,ADS|BUY|FLATRATE|FREE
ts83993,Avatar the Last Airbender,2024,show,1,true,true,false,false,Netflix,FLATRATE
ts229781,Sweetpea,2024,show,1,true,true,false,false,Starz,ADS|FLATRATE|FREE
ts282537,Baby Reindeer,2024,show,1,true,true,false,false,Netflix,FLATRATE
ts358688,Bodkin,2024,show,1,true,true,false,false,Netflix,FLATRATE
ts423344,Tires,2024,show,1,true,true,false,false,Netflix,FLATRATE
ts106821,Palm Royale,2024,show,1,true,true,false,false,Apple TV+,FLATRATE
ts323783,One Day,2024,show,1,true,true,false,false,Netflix,FLATRATE
ts305681,Bad Monkey,2024,show,1,true,true,false,false,Apple TV+,FLATRATE
ts436699,Inside,2024,show,1,true,true,false,false,Netflix,FLATRATE
ts382398,Big Mood,2024,show,0,false,false,true,false,,ADS|BUY
ts418188,Mahsun J,2024,show,0,false,false,false,false,,
ts407890,Envious,2024,show,1,true,true,false,false,Netflix,FLATRATE
ts272814,Mr. & Mrs. Smith,2024,show,1,true,true,false,false,Amazon Prime Video,ADS|FLATRATE
ts413191,Dandadan,2024,show,4,true,false,false,false,Crunchyroll|Disney+|Hulu|Netflix,ADS|BUY|FLATRATE
ts394265,"Thank You, Next",2024,show,1,true,true,false,false,Netflix,FLATRATE
ts448716,Have I Got News for You,2024,show,1,true,true,false,false,Max,FLATRATE|FREE
ts355614,English Teacher,2024,show,2,true,false,false,false,Disney+|Hulu,BUY|FLATRATE|FREE
ts273607,Interior Chinatown,2024,show,2,true,false,false,false,Disney+|Hulu,FLATRATE
ts215968,Those About to Die,2024,show,1,true,true,false,false,Peacock,FLATRATE
ts451444,"It's Florida, Man.",2024,show,1,true,true,false,false,Max,BUY|FLATRATE
ts437501,The Promised Land,2024,show,1,true,true,false,false,Angel Studios,FLATRATE
ts230423,My Lady Jane,2024,show,1,true,true,false,false,Amazon Prime Video,ADS|FLATRATE
ts317599,Agatha All Along,2024,show,1,true,true,false,false,Disney+,FLATRATE
ts439963,MILF of Norway,2024,show,1,true,true,false,false,Max,FLATRATE
ts351003,The Completely Made-Up Adventures of Dick Turpin,2024,show,1,true,true,false,false,Apple TV+,FLATRATE
ts427355,Dinosaur,2024,show,2,true,false,false,false,Disney+|Hulu,FLATRATE
ts362196,The Regime,2024,show,1,true,true,false,false,Max,BUY|FLATRATE
ts418437,Kuvvetli Bir Alkış,2024,show,1,true,true,false,false,Netflix,FLATRATE
ts417782,¿A qué estás esperando?,2024,show,0,false,false,false,false,,FLATRATE
ts300406,The Sympathizer,2024,show,1,true,true,false,false,Max,BUY|FLATRATE
ts349038,Kite Man: Hell Yeah!,2024,show,1,true,true,false,false,Max,BUY|FLATRATE
ts313494,Samuel,2024,show,1,true,true,false,false,Netflix,FLATRATE
ts414543,No Good Deed,2024,show,1,true,true,false,false,Netflix,FLATRATE
ts274019,Whiskey on the Rocks,2024,show,2,true,false,false,false,Disney+|Hulu,FLATRATE
ts434318,Baby Assassins Everyday!,2024,show,1,true,true,false,false,Max,FLATRATE
ts434312,Fantasmas,2024,show,1,true,true,false,false,Max,BUY|FLATRATE
tm1358983,The Beekeeper,2024,movie,1,true,true,false,false,Amazon Prime Video,BUY|CINEMA|FLATRATE|RENT
tm1277972,Longlegs,2024,movie,1,true,true,false,false,Hulu,BUY|CINEMA|FLATRATE|FREE|RENT
tm1509612,Babygirl,2024,movie,1,true,true,false,false,Max,BUY|CINEMA|FLATRATE|RENT
tm1527144,Juror #2,2024,movie,1,true,true,false,false,Max,BUY|CINEMA|FLATRATE|RENT
tm1264034,Trap,2024,movie,3,true,false,false,false,Acorn TV|Cinemax|Max,BUY|CINEMA|FLATRATE|RENT
tm1222367,Twilight of the Warriors: Walled In,2024,movie,1,true,true,false,false,Hi-YAH,ADS|BUY|CINEMA|FLATRATE|FREE|RENT
tm1255032,MaXXXine,2024,movie,0,false,false,false,false,,ADS|BUY|CINEMA|RENT
tm858787,Monkey Man,2024,movie,0,false,false,false,false,,BUY|CINEMA|RENT
tm1525353,Kill 'em All 2,2024,movie,1,true,true,false,false,Netflix,BUY|FLATRATE|RENT
tm1419491,Love Lies Bleeding,2024,movie,0,false,false,false,false,,ADS|BUY|CINEMA|RENT
tm1367756,The Bikeriders,2024,movie,0,false,false,false,false,,BUY|CINEMA|RENT
tm1510871,The Crow,2024,movie,1,true,true,false,false,Starz,BUY|CINEMA|FLATRATE|RENT
tm1507724,Cloud,2024,movie,1,true,true,false,false,Criterion Channel,BUY|FLATRATE|FREE|RENT
tm1533322,From Russia with Lev,2024,movie,0,false,false,false,true,,CINEMA
tm1461986,What Jennifer Did,2024,movie,1,true,true,false,false,Netflix,FLATRATE
tm1519835,The Last Republican,2024,movie,0,false,false,false,false,,BUY|CINEMA|RENT
tm1507771,Nice Girls,2024,movie,1,true,true,false,false,Netflix,FLATRATE
tm1536905,The Menendez Brothers,2024,movie,1,true,true,false,false,Netflix,FLATRATE
tm1551171,Green Bones,2024,movie,1,true,true,false,false,Netflix,FLATRATE
tm1514284,The Order,2024,movie,2,true,false,false,false,Disney+|Hulu,BUY|CINEMA|FLATRATE|RENT
tm1349032,Hit Man,2024,movie,1,true,true,false,false,Netflix,BUY|CINEMA|FLATRATE
tm1385989,The Last Stop in Yuma County,2024,movie,1,true,true,false,false,Paramount+,BUY|CINEMA|FLATRATE|FREE|RENT
tm1477321,Dane-ye anjir-e ma'abed,2024,movie,1,true,true,false,false,Hulu,BUY|CINEMA|FLATRATE|FREE|RENT
tm1332618,"LaRoy, Texas",2024,movie,1,true,true,false,false,MGM+,BUY|CINEMA|FLATRATE|RENT
tm1222840,Mob Land,2024,movie,2,true,false,false,false,Disney+|Hulu,BUY|CINEMA|FLATRATE|RENT
tm1531973,"Husband, Father, Killer: The Alyssa Pladl Story",2024,movie,3,true,false,false,false,Hulu|Lifetime Movie Club|Netflix,BUY|FLATRATE|FREE|RENT
tm1366375,Wicked Little Letters,2024,movie,2,true,false,false,false,Disney+|Hulu,BUY|CINEMA|FLATRATE|RENT
tm1332201,Fresh Kills,2024,movie,2,true,false,false,false,Disney+|Hulu,ADS|BUY|CINEMA|FLATRATE|FREE|RENT
tm1241329,Joker: Folie à Deux,2024,movie,1,true,true,false,false,Max,BUY|CINEMA|FLATRATE|RENT
tm1525929,Blood Star,2024,movie,1,true,true,false,false,Amazon Prime Video,ADS|BUY|FLATRATE|FREE|RENT
tm1520229,Dead Money,2024,movie,1,true,true,false,false,Amazon Prime Video,ADS|BUY|CINEMA|FLATRATE|FREE|RENT
tm1433902,"Lover, Stalker, Killer",2024,movie,1,true,true,false,false,Netflix,FLATRATE
tm1487418,Blackwater Lane,2024,movie,2,true,false,false,false,Amazon Prime Video|MovieSphere+,BUY|CINEMA|FLATRATE|RENT
tm1366985,Woman of the Hour,2024,movie,1,true,true,false,false,Netflix,BUY|CINEMA|FLATRATE
tm1384361,Wanted Man,2024,movie,2,true,false,false,false,Hulu|Netflix,BUY|CINEMA|FLATRATE|FREE|RENT
tm1515353,Untold: The Murder of Air McNair,2024,movie,1,true,true,false,false,Netflix,FLATRATE
tm1514953,Rebel Ridge,2024,movie,1,true,true,false,false,Netflix,CINEMA|FLATRATE
tm1535372,Absolution,2024,movie,2,true,false,false,false,Disney+|Hulu,BUY|CINEMA|FLATRATE|FREE|RENT
tm1477112,Carry-On,2024,movie,1,true,true,false,false,Netflix,CINEMA|FLATRATE
tm1481831,TMZ Presents: The Downfall of Diddy,2024,movie,0,false,false,true,false,,ADS|BUY|RENT
tm1517400,El jockey,2024,movie,2,true,false,false,false,Amazon Prime Video|MUBI,ADS|BUY|CINEMA|FLATRATE|FREE|RENT
tm1484282,The Girl with the Needle,2024,movie,1,true,true,false,false,MUBI,BUY|CINEMA|FLATRATE|RENT
tm1397505,The G,2024,movie,1,true,true,false,false,Amazon Prime Video,ADS|BUY|CINEMA|FLATRATE|RENT
ts379403,A Good Girl's Guide to Murder,2024,show,1,true,true,false,false,Netflix,BUY|FLATRATE
ts279807,Tracker,2024,show,3,true,false,false,false,Disney+|Hulu|Paramount+,ADS|BUY|FLATRATE|FREE
ts358923,Criminal Record,2024,show,1,true,true,false,false,Apple TV+,FLATRATE
ts354573,Sugar,2024,show,1,true,true,false,false,Apple TV+,FLATRATE
ts385816,The Day of the Jackal,2024,show,0,false,false,true,false,,BUY
ts449446,Matlock,2024,show,1,true,true,false,false,Paramount+,ADS|BUY|FLATRATE|FREE
ts416426,NCIS: Origins,2024,show,1,true,true,false,false,Paramount+,BUY|FLATRATE|FREE
ts371529,Cross,2024,show,1,true,true,false,false,Amazon Prime Video,ADS|FLATRATE
ts440633,Worst Ex Ever,2024,show,1,true,true,false,false,Netflix,FLATRATE
ts414531,After the Flood,2024,show,1,true,true,false,false,BritBox,FLATRATE
ts415183,Murder in a Small Town,2024,show,3,true,false,false,false,Disney+|FOX One|Hulu,BUY|FLATRATE|FREE
ts441863,American Godfathers: The Five Families,2024,show,5,true,false,false,false,A&E Crime Central|Disney+|HISTORY Vault|Hulu|Netflix,ADS|BUY|FLATRATE|FREE
ts328373,Presumed Innocent,2024,show,1,true,true,false,false,Apple TV+,FLATRATE
ts341776,The Penguin,2024,show,1,true,true,false,false,Max,BUY|FLATRATE
ts392054,The Marlow Murder Club,2024,show,0,false,false,true,false,,ADS|BUY|FLATRATE
ts404364,Blue Ridge,2024,show,1,true,true,false,false,Amazon Prime Video,ADS|BUY|FLATRATE
ts439697,Bodies in the Water,2024,show,2,true,false,false,false,Discovery+|Max,ADS|BUY|FLATRATE|FREE
ts404189,Black Doves,2024,show,1,true,true,false,false,Netflix,FLATRATE
ts418809,Return to Paradise,2024,show,1,true,true,false,false,BritBox,BUY|FLATRATE
ts386353,The Perfect Couple,2024,show,1,true,true,false,false,Netflix,FLATRATE
ts227860,Ripley,2024,show,1,true,true,false,false,Netflix,FLATRATE
ts451749,A Plan to Kill,2024,show,1,true,true,false,false,Peacock,ADS|BUY|FLATRATE|FREE
ts420044,Say Nothing,2024,show,2,true,false,false,false,Disney+|Hulu,FLATRATE
ts391377,Law & Order Toronto: Criminal Intent,2024,show,0,false,false,true,false,,BUY|FLATRATE|FREE
ts444162,The Body Next Door,2024,show,2,true,false,false,false,BBC Select|BritBox,FLATRATE
ts435043,Rebus,2024,show,0,false,false,true,false,,BUY|FLATRATE|RENT
ts452362,Ar y Ffin,2024,show,1,true,true,false,false,BritBox,FLATRATE
ts345331,Passenger,2024,show,1,true,true,false,false,BritBox,FLATRATE
ts416928,Hustlers Gamblers Crooks,2024,show,2,true,false,false,false,Discovery+|Max,BUY|FLATRATE|FREE
ts421383,Ellis,2024,show,2,true,false,false,false,AMC+|Acorn TV,BUY|FLATRATE|FREE
ts444010,Into the Fire: The Lost Daughter,2024,show,1,true,true,false,false,Netflix,FLATRATE
ts441164,Cowboy Cartel,2024,show,1,true,true,false,false,Apple TV+,FLATRATE
ts384125,Mademoiselle Holmes,2024,show,0,false,false,false,false,,ADS|FLATRATE
ts375745,Veronika,2024,show,1,true,true,false,false,Amazon Prime Video,ADS|FLATRATE|RENT
ts381119,Dexter: Original Sin,2024,show,1,true,true,false,false,Paramount+,ADS|BUY|FLATRATE|FREE
ts359144,Spacey Unmasked,2024,show,2,true,false,false,false,Discovery+|Max,FLATRATE
ts438666,Dirty Pop: The Boy Band Scam,2024,show,1,true,true,false,false,Netflix,FLATRATE
ts423927,Homicide,2024,show,1,true,true,false,false,Netflix,FLATRATE
ts442448,American Murder: Laci Peterson,2024,show,1,true,true,false,false,Netflix,FLATRATE
tm1431558,Francis Ford Coppola's Megalopolis: A Fable,2024,movie,0,false,false,false,false,,
tm244132,Wicked,2024,movie,1,true,true,false,false,Peacock,BUY|CINEMA|FLATRATE|RENT
tm1038290,Flow,2024,movie,1,true,true,false,false,Max,BUY|CINEMA|FLATRATE|RENT
tm307535,Nosferatu,2024,movie,1,true,true,false,false,Peacock,BUY|CINEMA|FLATRATE|RENT
tm1237500,Venom: The Last Dance,2024,movie,1,true,true,false,false,Netflix,BUY|CINEMA|FLATRATE|RENT
tm1159826,Transformers One,2024,movie,3,true,false,false,false,Amazon Prime Video|MGM+|Paramount+,BUY|CINEMA|FLATRATE|RENT
tm1232872,Godzilla x Kong: The New Empire,2024,movie,4,true,false,false,false,Acorn TV|Cinemax|Hulu|Max,BUY|CINEMA|FLATRATE|RENT
tm1439201,Lyvia's House,2024,movie,1,true,true,false,false,Amazon Prime Video,ADS|BUY|FLATRATE|RENT
tm1354880,Better Man,2024,movie,3,true,false,false,false,Amazon Prime Video|MGM+|Paramount+,BUY|FLATRATE|RENT
tm1308133,The Watchers,2024,movie,3,true,false,false,false,Acorn TV|Cinemax|Max,BUY|CINEMA|FLATRATE|RENT
tm1424449,Heresy,2024,movie,2,true,false,false,false,AMC+|Shudder,FLATRATE
tm1171312,The Lord of the Rings: The War of the Rohirrim,2024,movie,1,true,true,false,false,Max,BUY|CINEMA|FLATRATE|RENT
tm1462792,That Christmas,2024,movie,1,true,true,false,false,Netflix,CINEMA|FLATRATE
tm1522023,Happyend,2024,movie,1,true,true,false,false,Criterion Channel,BUY|FLATRATE|RENT
tm1200268,Red One,2024,movie,1,true,true,false,false,Amazon Prime Video,BUY|CINEMA|FLATRATE|RENT
tm1198661,Madame Web,2024,movie,1,true,true,false,false,Disney+,BUY|CINEMA|FLATRATE|RENT
tm1529579,Hot Frosty,2024,movie,1,true,true,false,false,Netflix,FLATRATE
tm1435143,Irish Wish,2024,movie,1,true,true,false,false,Netflix,CINEMA|FLATRATE
tm1419260,Sasquatch Sunset,2024,movie,0,false,false,false,false,,ADS|BUY|CINEMA|FREE|RENT
tm1249317,Kung Fu Panda 4,2024,movie,1,true,true,false,false,Amazon Prime Video,BUY|CINEMA|FLATRATE|RENT
tm1561226,Ba,2024,movie,1,true,true,false,false,Amazon Prime Video,ADS|BUY|FLATRATE|FREE|RENT
tm1338279,Pedro Paramo,2024,movie,1,true,true,false,false,Netflix,FLATRATE
tm918669,Spellbound,2024,movie,1,true,true,false,false,Netflix,CINEMA|FLATRATE
tm1372953,Vampire humaniste cherche suicidaire consentant,2024,movie,3,true,false,false,false,AMC+|MUBI|Shudder,BUY|CINEMA|FLATRATE|FREE|RENT
tm1480763,Parthenope,2024,movie,1,true,true,false,false,Max,BUY|CINEMA|FLATRATE|RENT
tm938861,The Garfield Movie,2024,movie,2,true,false,false,false,Disney+|Hulu,BUY|CINEMA|FLATRATE|RENT
tm1482650,A Samurai in Time,2024,movie,3,true,false,false,false,Amazon Prime Video|Cineverse|Midnight Pulp,ADS|BUY|FLATRATE|FREE|RENT
tm1254117,Inside Out 2,2024,movie,1,true,true,false,false,Disney+,BUY|CINEMA|FLATRATE|RENT
tm1559612,The Best Christmas Pageant Ever,2024,movie,1,true,true,false,false,Starz,BUY|CINEMA|FLATRATE|RENT
tm1449531,Justice League: Crisis on Infinite Earths Part Two,2024,movie,0,false,false,true,false,,BUY|RENT
tm1456575,Light,2024,movie,1,true,true,false,false,Amazon Prime Video,ADS|BUY|CINEMA|FLATRATE|RENT
tm1444532,Moana 2,2024,movie,1,true,true,false,false,Disney+,BUY|CINEMA|FLATRATE|RENT
tm1536130,Girl Haunts Boy,2024,movie,0,false,false,true,false,,BUY|RENT
tm1557983,The Sand Castle,2024,movie,1,true,true,false,false,Netflix,FLATRATE
tm1439464,Thelma the Unicorn,2024,movie,1,true,true,false,false,Netflix,CINEMA|FLATRATE
tm1376656,Ultraman: Rising,2024,movie,1,true,true,false,false,Netflix,CINEMA|FLATRATE
tm1367421,Hellboy: The Crooked Man,2024,movie,0,false,false,true,false,,BUY|RENT
tm1388246,Loups-Garous,2024,movie,1,true,true,false,false,Netflix,FLATRATE
tm1416064,Nightbitch,2024,movie,2,true,false,false,false,Disney+|Hulu,CINEMA|FLATRATE
tm463499,Dragonkeeper,2024,movie,2,true,false,false,false,Disney+|Hulu,BUY|CINEMA|FLATRATE|RENT
tm1535667,An Almost Christmas Story,2024,movie,1,true,true,false,false,Disney+,FLATRATE
tm1506831,Monster Summer,2024,movie,1,true,true,false,false,Paramount+,BUY|CINEMA|FLATRATE|FREE|RENT
tm828917,Jour de colère,2024,movie,0,false,false,true,false,,ADS|BUY|FREE|RENT
tm1349588,Orion and the Dark,2024,movie,1,true,true,false,false,Netflix,FLATRATE
ts359486,Solo Leveling,2024,show,1,true,true,false,false,Crunchyroll,BUY|FLATRATE
ts261022,3 Body Problem,2024,show,1,true,true,false,false,Netflix,FLATRATE
ts426107,Wistoria: Wand and Sword,2024,show,1,true,true,false,false,Crunchyroll,BUY|FLATRATE
ts410116,Sanctuary: A Witch's Tale,2024,show,2,true,false,false,false,AMC+|Netflix,ADS|BUY|FLATRATE|FREE
ts280422,Tomb Raider: The Legend of Lara Croft,2024,show,1,true,true,false,false,Netflix,FLATRATE
ts320501,Mato Seihei no Slave,2024,show,1,true,true,false,false,Hidive,BUY|FLATRATE
ts444251,Secret Level,2024,show,1,true,true,false,false,Amazon Prime Video,FLATRATE
ts410723,I Parry Everything,2024,show,3,true,false,false,false,Disney+|Hidive|Hulu,BUY|FLATRATE
ts316203,Selenkay,2024,show,1,true,true,false,false,Disney+,FLATRATE
ts394931,Fate/strange Fake,2024,show,1,true,true,false,false,Crunchyroll,BUY|FLATRATE
ts437539,Me,2024,show,1,true,true,false,false,Apple TV+,FLATRATE
ts420085,Wizards Beyond Waverly Place,2024,show,1,true,true,false,false,Disney+,BUY|FLATRATE
ts269546,The Acolyte,2024,show,1,true,true,false,false,Disney+,FLATRATE
ts380334,Creature Commandos,2024,show,1,true,true,false,false,Max,BUY|FLATRATE
ts372857,Fallen,2024,show,1,true,true,false,false,AMC+,ADS|BUY|FLATRATE
ts284140,WondLa,2024,show,1,true,true,false,false,Apple TV+,FLATRATE
ts276932,Ark: The Animated Series,2024,show,1,true,true,false,false,Paramount+,FLATRATE
ts403194,Masters of the Universe: Revolution,2024,show,1,true,true,false,false,Netflix,FLATRATE
ts438720,Ranma ½,2024,show,1,true,true,false,false,Netflix,FLATRATE
ts100104,One Hundred Years of Solitude,2024,show,1,true,true,false,false,Netflix,FLATRATE
ts432732,LEGO Star Wars: Rebuild the Galaxy,2024,show,1,true,true,false,false,Disney+,FLATRATE
ts397748,Tales of the Teenage Mutant Ninja Turtles,2024,show,2,true,false,false,false,Netflix|Paramount+,BUY|FLATRATE|FREE
ts407747,Dragon Ball DAIMA,2024,show,4,true,false,false,false,Crunchyroll|Disney+|Hulu|Netflix,BUY|FLATRATE
ts381761,Ishura,2024,show,2,true,false,false,false,Disney+|Hulu,FLATRATE
ts442732,Dream Productions,2024,show,1,true,true,false,false,Disney+,FLATRATE
ts392693,Sentai Daishikkaku,2024,show,2,true,false,false,false,Disney+|Hulu,FLATRATE
ts403974,High School Return of a Gangster,2024,show,2,true,false,false,false,Disney+|Hulu,FLATRATE
ts174232,Time Bandits,2024,show,1,true,true,false,false,Apple TV+,FLATRATE
ts363407,Delicious in Dungeon,2024,show,1,true,true,false,false,Netflix,FLATRATE
ts416186,Yong ye xing he,2024,show,2,true,false,false,false,Netflix|Rakuten Viki,ADS|FLATRATE
ts397995,Miss Night and Day,2024,show,1,true,true,false,false,Netflix,FLATRATE
ts432424,My Deer Friend Nokotan,2024,show,2,true,false,false,false,Amazon Prime Video|Crunchyroll,ADS|FLATRATE
ts94351,Kaos,2024,show,1,true,true,false,false,Netflix,FLATRATE
ts429336,The Atypical Family,2024,show,1,true,true,false,false,Netflix,FLATRATE
ts217115,Twilight of the Gods,2024,show,1,true,true,false,false,Netflix,FLATRATE
ts420052,GG Precinct,2024,show,1,true,true,false,false,Netflix,FLATRATE
ts329751,Renegade Nell,2024,show,1,true,true,false,false,Disney+,FLATRATE
ts411397,Sand Land: The Series,2024,show,2,true,false,false,false,Disney+|Hulu,FLATRATE
ts330301,Knuckles,2024,show,1,true,true,false,false,Paramount+,BUY|FLATRATE
ts386110,Jentry Chau vs the Underworld,2024,show,1,true,true,false,false,Netflix,FLATRATE
ts441134,Loner Life in Another World,2024,show,3,true,false,false,false,Disney+|Hidive|Hulu,BUY|FLATRATE
ts386952,Pauline,2024,show,2,true,false,false,false,Disney+|Hulu,FLATRATE
ts412709,Nozomanu Fushi no Bôkensha,2024,show,1,true,true,false,false,Crunchyroll,BUY|FLATRATE
ts427361,Star Wars: Tales of the Empire,2024,show,1,true,true,false,false,Disney+,FLATRATE
tm1425301,The Wild Robot,2024,movie,1,true,true,false,false,Peacock,BUY|CINEMA|FLATRATE|RENT
tm1288246,Unsung Hero,2024,movie,1,true,true,false,false,Peacock,ADS|BUY|CINEMA|FLATRATE|RENT
tm1524446,The Forge,2024,movie,1,true,true,false,false,Netflix,BUY|CINEMA|FLATRATE|RENT
tm1475410,Not Just a Goof,2024,movie,1,true,true,false,false,Disney+,FLATRATE
tm540300,Paddington in Peru,2024,movie,1,true,true,false,false,Netflix,BUY|CINEMA|FLATRATE|RENT
tm1538748,Big World,2024,movie,0,false,false,false,false,,ADS|BUY|CINEMA|RENT
tm1546895,Christmas in the Spotlight,2024,movie,0,false,false,true,false,,BUY|FREE|RENT
tm1424465,Eine Million Minuten,2024,movie,0,false,false,true,false,,BUY
tm1483165,Runt,2024,movie,1,true,true,false,false,Amazon Prime Video,ADS|BUY|FLATRATE|FREE|RENT
tm1083268,Depth of Field,2024,movie,1,true,true,false,false,Amazon Prime Video,ADS|BUY|FLATRATE|FREE|RENT
tm1449650,Bookworm,2024,movie,1,true,true,false,false,Amazon Prime Video,ADS|BUY|CINEMA|FLATRATE|FREE|RENT
tm1440122,Piece by Piece,2024,movie,1,true,true,false,false,Peacock,BUY|CINEMA|FLATRATE|RENT
tm1490648,You Gotta Believe,2024,movie,1,true,true,false,false,Netflix,BUY|CINEMA|FLATRATE|RENT
tm1486308,A Sudden Case of Christmas,2024,movie,1,true,true,false,false,Hulu,BUY|CINEMA|FLATRATE|FREE|RENT
tm1573431,Jamais sans mon psy,2024,movie,0,false,false,false,false,,
tm1164111,Wallace & Gromit: Vengeance Most Fowl,2024,movie,1,true,true,false,false,Netflix,CINEMA|FLATRATE
tm1519172,The Christmas Quest,2024,movie,1,true,true,false,false,Hallmark+,BUY|FLATRATE|FREE|RENT
tm1443747,The Neon Highway,2024,movie,1,true,true,false,false,Amazon Prime Video,ADS|BUY|CINEMA|RENT
tm1546690,Sing: Thriller,2024,movie,1,true,true,false,false,Netflix,FLATRATE
tm1425295,Yuck!,2024,movie,0,false,false,false,false,,
tm1101381,The Day the Earth Blew Up: A Looney Tunes Movie,2024,movie,1,true,true,false,false,Max,BUY|CINEMA|FLATRATE|RENT
tm1436036,Young Hearts,2024,movie,0,false,false,false,false,,BUY|CINEMA|FLATRATE|FREE|RENT
tm1105771,Mufasa: The Lion King,2024,movie,1,true,true,false,false,Disney+,BUY|CINEMA|FLATRATE|RENT
tm1482648,Harold and the Purple Crayon,2024,movie,2,true,false,false,false,Disney+|Hulu,BUY|FLATRATE|RENT
tm1224308,Akademia pana Kleksa,2024,movie,1,true,true,false,false,Netflix,FLATRATE
tm1334262,Saving Bikini Bottom: The Sandy Cheeks Movie,2024,movie,1,true,true,false,false,Netflix,FLATRATE
tm1555367,The Holiday Club,2024,movie,1,true,true,false,false,Amazon Prime Video,ADS|BUY|CINEMA|FLATRATE|RENT
tm1448833,How to Make Millions Before Grandma Dies,2024,movie,1,true,true,false,false,Netflix,BUY|CINEMA|FLATRATE|RENT
tm1512121,Lolo and the Kid,2024,movie,1,true,true,false,false,Netflix,FLATRATE
tm1558089,The Boy & the Octopus,2024,movie,0,false,false,false,false,,
tm1470162,The Present,2024,movie,2,true,false,false,false,Disney+|Hulu,BUY|FLATRATE|FREE|RENT
ts440400,Finding Mr. Christmas,2024,show,1,true,true,false,false,Hallmark+,BUY|FLATRATE
ts410846,Jurassic World: Chaos Theory,2024,show,1,true,true,false,false,Netflix,FLATRATE
ts452524,Wonder Pets: In the City,2024,show,1,true,true,false,false,Apple TV+,FLATRATE
ts420626,Secret World of Sound with David Attenborough,2024,show,1,true,true,false,false,Netflix,FLATRATE
ts353851,Star Wars: Skeleton Crew,2024,show,1,true,true,false,false,Disney+,BUY|FLATRATE
ts440035,Are You Sure?!,2024,show,1,true,true,false,false,Disney+,FLATRATE
ts444187,What's Next? The Future with Bill Gates,2024,show,1,true,true,false,false,Netflix,FLATRATE
ts424393,The Baxters,2024,show,1,true,true,false,false,Amazon Prime Video,ADS|FLATRATE
ts358243,Bad Dinosaurs,2024,show,1,true,true,false,false,Netflix,FLATRATE
ts441498,Romance in the House,2024,show,1,true,true,false,false,Netflix,FLATRATE
ts408875,Family by Choice,2024,show,1,true,true,false,false,Rakuten Viki,ADS|FLATRATE
ts352796,Invincible Fight Girl,2024,show,1,true,true,false,false,Max,ADS|BUY|FLATRATE
ts392697,Davey & Jonesie's Locker,2024,show,2,true,false,false,false,Disney+|Hulu,FLATRATE
ts446614,Saving Grace,2024,show,1,true,true,false,false,Amazon Prime Video,FLATRATE
ts451354,Light of My Lion,2024,show,2,true,false,false,false,Max|Netflix,FLATRATE
ts317683,The Spiderwick Chronicles,2024,show,0,false,false,false,false,,ADS
ts269598,Iwájú,2024,show,1,true,true,false,false,Disney+,FLATRATE
ts423148,The Fairly OddParents: A New Wish,2024,show,2,true,false,false,false,Netflix|Paramount+,BUY|FLATRATE
ts421128,Bargain Block: New Orleans,2024,show,2,true,false,false,false,Discovery+|Max,ADS|BUY|FLATRATE|FREE
ts433926,Darimi paemilli,2024,show,3,true,false,false,false,Kocowa|OnDemandKorea|Rakuten Viki,ADS|FLATRATE
ts444485,Lego Pixar: BrickToons,2024,show,1,true,true,false,false,Disney+,FLATRATE
ts329634,Megamind Rules!,2024,show,1,true,true,false,false,Peacock,FLATRATE
ts45485,We Are Family,2024,show,0,false,false,false,false,,
ts406080,Hot Wheels Let's Race,2024,show,1,true,true,false,false,Netflix,FLATRATE
ts439067,Yo Gabba GabbaLand!,2024,show,1,true,true,false,false,Apple TV+,FLATRATE
ts432340,Bluey Minisodes,2024,show,0,false,false,true,false,,BUY|FLATRATE
ts389993,Luz,2024,show,1,true,true,false,false,Netflix,FLATRATE
ts279941,Wayne Brady: The Family Remix,2024,show,2,true,false,false,false,Disney+|Hulu,BUY|FLATRATE
ts373891,Wonderboys: The Secret Treasure of Naples,2024,show,1,true,true,false,false,Disney+,FLATRATE
ts402998,Barbie Mysteries,2024,show,1,true,true,false,false,Netflix,FLATRATE
ts410494,Minyeowa Sunjeongnam,2024,show,3,true,false,false,false,Kocowa|OnDemandKorea|Rakuten Viki,ADS|FLATRATE
ts358219,Mermaid Magic,2024,show,1,true,true,false,false,Netflix,FLATRATE
ts369973,Ronja the Robber's Daughter,2024,show,0,false,false,false,false,,ADS|FLATRATE
ts318696,Primos,2024,show,1,true,true,false,false,Disney+,BUY|FLATRATE
ts327509,La partitura secreta,2024,show,1,true,true,false,false,Disney+,FLATRATE
ts358534,Zombies: The Re-Animated Series,2024,show,1,true,true,false,false,Disney+,BUY|FLATRATE
ts432116,Like Nastya,2024,show,2,true,false,false,false,Amazon Prime Video|Ryan and Friends Plus,ADS|BUY|FLATRATE|FREE
ts406084,Dee & Friends in Oz,2024,show,1,true,true,false,false,Netflix,FLATRATE
ts256786,Wonderoos,2024,show,1,true,true,false,false,Netflix,FLATRATE
ts446630,KLASS 95: The Power of Beauty,2024,show,1,true,true,false,false,Netflix,FLATRATE
ts407146,Gangnam Project,2024,show,1,true,true,false,false,Netflix,FLATRATE
tm1484207,The Substance,2024,movie,2,true,false,false,false,MUBI|Max,BUY|CINEMA|FLATRATE|RENT
tm1433824,Oddity,2024,movie,4,true,false,false,false,AMC+|Disney+|Hulu|Shudder,BUY|CINEMA|FLATRATE|FREE|RENT
tm1419476,I Saw the TV Glow,2024,movie,0,false,false,false,false,,ADS|BUY|CINEMA|FLATRATE|FREE|RENT
tm1287241,Twisters,2024,movie,2,true,false,false,false,Disney+|Hulu,BUY|CINEMA|FLATRATE|RENT
tm1349473,Alien: Romulus,2024,movie,2,true,false,false,false,Disney+|Hulu,BUY|CINEMA|FLATRATE|RENT
tm1415113,Civil War,2024,movie,0,false,false,false,false,,ADS|BUY|CINEMA|RENT
tm1382322,Strange Darling,2024,movie,1,true,true,false,false,Paramount+,BUY|CINEMA|FLATRATE|RENT
tm1492557,Heretic,2024,movie,3,true,false,false,false,Acorn TV|Cinemax|Max,BUY|CINEMA|FLATRATE|RENT
tm1286398,Afraid,2024,movie,2,true,false,false,false,Disney+|Hulu,BUY|CINEMA|FLATRATE|RENT
tm1457029,Conclave,2024,movie,1,true,true,false,false,Starz,BUY|CINEMA|FLATRATE|RENT
tm1459469,September 5,2024,movie,3,true,false,false,false,Amazon Prime Video|MGM+|Paramount+,BUY|CINEMA|FLATRATE|RENT
tm1329955,Speak No Evil,2024,movie,1,true,true,false,false,Starz,BUY|CINEMA|FLATRATE|RENT
tm1287858,Arcadian,2024,movie,4,true,false,false,false,AMC+|Disney+|Hulu|Shudder,BUY|CINEMA|FLATRATE|FREE|RENT
tm1389634,Smile 2,2024,movie,3,true,false,false,false,Amazon Prime Video|MGM+|Paramount+,BUY|CINEMA|FLATRATE|RENT
tm1496958,Subservience,2024,movie,0,false,false,true,false,,BUY|FREE|RENT
tm1340805,The Strangers: Chapter 1,2024,movie,2,true,false,false,false,Peacock|Starz,ADS|BUY|CINEMA|FLATRATE|RENT
tm1301774,The Count of Monte Cristo,2024,movie,1,true,true,false,false,MGM+,BUY|CINEMA|FLATRATE|FREE|RENT
tm1449628,Caddo Lake,2024,movie,1,true,true,false,false,Max,CINEMA|FLATRATE
tm1045421,Kraven the Hunter,2024,movie,1,true,true,false,false,Netflix,BUY|CINEMA|FLATRATE|RENT
tm1171106,Late Night with the Devil,2024,movie,4,true,false,false,false,AMC+|Disney+|Hulu|Shudder,BUY|CINEMA|FLATRATE|FREE|RENT
tm1334668,Imaginary,2024,movie,2,true,false,false,false,Peacock|Starz,ADS|BUY|CINEMA|FLATRATE|RENT
tm1069768,A Quiet Place: Day One,2024,movie,3,true,false,false,false,Amazon Prime Video|MGM+|Paramount+,BUY|CINEMA|FLATRATE|RENT
tm1305864,Land of Bad,2024,movie,1,true,true,false,false,Netflix,BUY|CINEMA|FLATRATE|RENT
tm1260609,Cuckoo,2024,movie,2,true,false,false,false,Disney+|Hulu,BUY|CINEMA|FLATRATE|FREE|RENT
tm1389228,The Shade,2024,movie,1,true,true,false,false,Amazon Prime Video,ADS|BUY|CINEMA|FLATRATE|RENT
tm1566887,Compulsion,2024,movie,1,true,true,false,false,Amazon Prime Video,ADS|BUY|CINEMA|FLATRATE|FREE|RENT
tm1425500,Road House,2024,movie,1,true,true,false,false,Amazon Prime Video,BUY|FLATRATE
tm1438363,Custom,2024,movie,1,true,true,false,false,Amazon Prime Video,BUY|FLATRATE|RENT
ts381175,The Agency,2024,show,1,true,true,false,false,Paramount+,BUY|FLATRATE
ts383353,Teacup,2024,show,1,true,true,false,false,Peacock,BUY|FLATRATE
ts424549,Dark Matter,2024,show,1,true,true,false,false,Apple TV+,FLATRATE
ts364001,A Gentleman in Moscow,2024,show,1,true,true,false,false,Paramount+,BUY|FLATRATE
ts360283,The Walking Dead: The Ones Who Live,2024,show,1,true,true,false,false,AMC+,BUY|FLATRATE|FREE
ts320076,Disclaimer,2024,show,1,true,true,false,false,Apple TV+,FLATRATE
ts375565,Red Eye,2024,show,2,true,false,false,false,Disney+|Hulu,BUY|FLATRATE
ts435602,The Creep Tapes,2024,show,2,true,false,false,false,AMC+|Shudder,BUY|FLATRATE
ts433270,Mistletoe Murders,2024,show,1,true,true,false,false,Hallmark+,BUY|FLATRATE
ts397570,Ángela,2024,show,1,true,true,false,false,Netflix,FLATRATE
ts411991,The Accident,2024,show,1,true,true,false,false,Netflix,FLATRATE
ts469996,Tales from the Void,2024,show,1,true,true,false,false,Amazon Prime Video,ADS|BUY|FLATRATE
ts366203,Joko Anwar's Nightmares and Daydreams,2024,show,1,true,true,false,false,Netflix,FLATRATE
ts453684,Cold Case: Who Killed JonBenét Ramsey,2024,show,1,true,true,false,false,Netflix,FLATRATE
ts422802,Crooks,2024,show,1,true,true,false,false,Netflix,FLATRATE
tm1354941,It Ends with Us,2024,movie,2,true,false,false,false,Disney+|Hulu,BUY|CINEMA|FLATRATE|RENT
tm1406900,We Live in Time,2024,movie,3,true,false,false,false,Acorn TV|Cinemax|Max,BUY|CINEMA|FLATRATE|RENT
tm1549979,Mon Potongo,2024,movie,0,false,false,false,false,,
tm1529577,Our Little Secret,2024,movie,1,true,true,false,false,Netflix,CINEMA|FLATRATE
tm1455939,Find Me Falling,2024,movie,1,true,true,false,false,Netflix,FLATRATE
tm1527111,Lonely Planet,2024,movie,1,true,true,false,false,Netflix,FLATRATE
tm1459908,Tell Me What You Want,2024,movie,0,false,false,true,false,,ADS|BUY|RENT
tm1365695,La bête,2024,movie,1,true,true,false,false,Criterion Channel,ADS|BUY|CINEMA|FLATRATE|FREE|RENT
tm1444527,Mother of the Bride,2024,movie,1,true,true,false,false,Netflix,CINEMA|FLATRATE
tm1409414,Miller's Girl,2024,movie,0,false,false,false,false,,BUY|CINEMA|RENT
tm1222114,Emmanuelle,2024,movie,0,false,false,true,false,,BUY|FLATRATE|RENT
tm1517623,Sidelined: The QB and Me,2024,movie,0,false,false,false,false,,ADS
tm1419628,Good Bad Things,2024,movie,3,true,false,false,false,Amazon Prime Video|Disney+|Hulu,ADS|BUY|FLATRATE|FREE|RENT
tm1429008,Música,2024,movie,1,true,true,false,false,Amazon Prime Video,CINEMA|FLATRATE
tm1420041,My Old Ass,2024,movie,1,true,true,false,false,Amazon Prime Video,CINEMA|FLATRATE
tm1538838,Guilty Pleasure,2024,movie,1,true,true,false,false,Netflix,FLATRATE
tm1467951,Turtles All the Way Down,2024,movie,1,true,true,false,false,Max,FLATRATE
tm1235927,All We Imagine as Light,2024,movie,1,true,true,false,false,Criterion Channel,BUY|CINEMA|FLATRATE|FREE|RENT
tm1529578,The Merry Gentlemen,2024,movie,1,true,true,false,false,Netflix,FLATRATE
tm1299154,Players,2024,movie,1,true,true,false,false,Netflix,CINEMA|FLATRATE
tm1568081,The Grinch That Stole Bitches,2024,movie,0,false,false,true,false,,BUY|FREE|RENT
tm1492169,Queer,2024,movie,3,true,false,false,false,Acorn TV|Cinemax|Max,BUY|CINEMA|FLATRATE|RENT
tm1354845,How to Date Billy Walsh,2024,movie,1,true,true,false,false,Amazon Prime Video,FLATRATE
tm1471350,Grand Tour,2024,movie,1,true,true,false,false,MUBI,BUY|CINEMA|FLATRATE|RENT
tm1419516,Skywalkers: A Love Story,2024,movie,1,true,true,false,false,Netflix,CINEMA|FLATRATE
tm1334281,Reverse the Curse,2024,movie,2,true,false,false,false,Disney+|Hulu,BUY|CINEMA|FLATRATE|FREE|RENT
tm1285734,Sometimes I Think About Dying,2024,movie,1,true,true,false,false,MUBI,BUY|FLATRATE|FREE|RENT
tm1432754,Dreams,2024,movie,1,true,true,false,false,Criterion Channel,BUY|FLATRATE|RENT
ts390593,Maxton Hall – The World Between Us,2024,show,1,true,true,false,false,Amazon Prime Video,ADS|FLATRATE
ts405477,Like Water for Chocolate,2024,show,1,true,true,false,false,Max,BUY|FLATRATE
ts381452,Love Is Blind: UK,2024,show,1,true,true,false,false,Netflix,FLATRATE
ts445732,Affair,2024,show,1,true,true,false,false,Netflix,FLATRATE
ts416854,The Art of Joy,2024,show,0,false,false,false,false,,
ts435901,The Boyfriend,2024,show,1,true,true,false,false,Netflix,FLATRATE
ts374719,Love Is Blind: Sweden,2024,show,1,true,true,false,false,Netflix,FLATRATE
ts390144,Hairaki,2024,show,1,true,true,false,false,Netflix,FLATRATE
ts383340,Inganno,2024,show,1,true,true,false,false,Netflix,FLATRATE
ts440678,Son-hae Bo-gi Silh-eo-seo,2024,show,1,true,true,false,false,Amazon Prime Video,FLATRATE
ts391890,Hwain Gamunui Seukaendeul,2024,show,2,true,false,false,false,Disney+|Hulu,FLATRATE
ts433753,RU,2024,show,0,false,false,false,false,,
ts385073,Máxima,2024,show,0,false,false,false,false,,
ts367274,Belgravia: The Next Chapter,2024,show,1,true,true,false,false,MGM+,BUY|FLATRATE
ts387708,Desperate Lies,2024,show,1,true,true,false,false,Netflix,FLATRATE
ts415091,Love Next Door,2024,show,1,true,true,false,false,Netflix,FLATRATE
ts407032,STHLM Blackout,2024,show,1,true,true,false,false,Amazon Prime Video,FLATRATE
ts355061,Truelove,2024,show,1,true,true,false,false,Acorn TV,FLATRATE
ts398372,Mr. Plankton,2024,show,1,true,true,false,false,Netflix,FLATRATE
ts458737,Nevertheless: The Shapes of Love,2024,show,1,true,true,false,false,Netflix,FLATRATE
ts455474,The Road Trip,2024,show,0,false,false,false,false,,ADS
ts306412,Heeramandi: The Diamond Bazaar,2024,show,1,true,true,false,false,Netflix,FLATRATE
ts393560,Zai Bao Xue Shi Fen,2024,show,2,true,false,false,false,Netflix|Rakuten Viki,ADS|BUY|FLATRATE
ts406316,Alya Sometimes Hides Her Feelings in Russian,2024,show,1,true,true,false,false,Crunchyroll,BUY|FLATRATE
ts396767,The Trunk,2024,show,1,true,true,false,false,Netflix,FLATRATE
ts381428,Flex x Cop,2024,show,2,true,false,false,false,Disney+|Hulu,FLATRATE
ts400490,Sejak,2024,show,1,true,true,false,false,Netflix,FLATRATE
ts444112,Yakuza Fiancé: Raise wa Tanin ga Ii,2024,show,1,true,true,false,false,Crunchyroll,BUY|FLATRATE
ts384161,Doctor Slump,2024,show,1,true,true,false,false,Netflix,FLATRATE
ts361082,Blue Box,2024,show,1,true,true,false,false,Netflix,FLATRATE
ts368709,Frankly Speaking,2024,show,1,true,true,false,false,Netflix,FLATRATE
ts106330,The Tattooist of Auschwitz,2024,show,1,true,true,false,false,Peacock,FLATRATE
tm534055,Skin in the Game,2024,movie,1,true,true,false,false,Amazon Prime Video,ADS|BUY|FLATRATE|FREE|RENT
tm464462,Portraits,2024,movie,0,false,false,true,false,,ADS|BUY|FREE|RENT
tm1133934,Dune: Part Two,2024,movie,1,true,true,false,false,Max,BUY|CINEMA|FLATRATE|RENT
tm1003750,Furiosa: A Mad Max Saga,2024,movie,3,true,false,false,false,Acorn TV|Cinemax|Max,BUY|CINEMA|FLATRATE|RENT
tm1314896,Gladiator II,2024,movie,3,true,false,false,false,Amazon Prime Video|MGM+|Paramount+,BUY|CINEMA|FLATRATE|RENT
tm1505434,The Return,2024,movie,1,true,true,false,false,Paramount+,BUY|CINEMA|FLATRATE|FREE|RENT
tm1408906,Arthur the King,2024,movie,2,true,false,false,false,Peacock|Starz,ADS|BUY|FLATRATE|RENT
tm1482831,Homestead,2024,movie,1,true,true,false,false,Angel Studios,BUY|CINEMA|FLATRATE|RENT
tm1433599,Air Force One Down,2024,movie,1,true,true,false,false,Amazon Prime Video,ADS|BUY|CINEMA|FLATRATE|RENT
tm1501279,La nuit se traîne,2024,movie,2,true,false,false,false,Disney+|Hulu,BUY|CINEMA|FLATRATE|FREE|RENT
tm1424026,River of Blood,2024,movie,1,true,true,false,false,Amazon Prime Video,ADS|BUY|CINEMA|FLATRATE|FREE|RENT
tm1401833,Lights Out,2024,movie,3,true,false,false,false,Amazon Prime Video|Disney+|Hulu,ADS|BUY|CINEMA|FLATRATE|FREE|RENT
tm1532742,Classified,2024,movie,2,true,false,false,false,Disney+|Hulu,BUY|FLATRATE|RENT
tm843068,Deadpool & Wolverine,2024,movie,1,true,true,false,false,Disney+,BUY|CINEMA|FLATRATE|RENT
tm1455761,Cash Out,2024,movie,1,true,true,false,false,Hulu,BUY|CINEMA|FLATRATE|RENT
tm1474981,My Spy The Eternal City,2024,movie,1,true,true,false,false,Amazon Prime Video,FLATRATE
ts265779,Fallout,2024,show,1,true,true,false,false,Amazon Prime Video,ADS|BUY|FLATRATE
ts416258,Shōgun,2024,show,2,true,false,false,false,Disney+|Hulu,FLATRATE
ts314377,Dune: Prophecy,2024,show,1,true,true,false,false,Max,BUY|FLATRATE
ts295169,On the Roam,2024,show,1,true,true,false,false,Max,FLATRATE
ts41331,Masters of the Air,2024,show,1,true,true,false,false,Apple TV+,FLATRATE
ts317435,X-Men '97,2024,show,1,true,true,false,false,Disney+,FLATRATE
ts365566,Kaiju No. 8,2024,show,1,true,true,false,false,Crunchyroll,BUY|FLATRATE
ts107615,Nautilus,2024,show,2,true,false,false,false,AMC+|Acorn TV,FLATRATE
ts438324,Chun Hua Yan,2024,show,2,true,false,false,false,Netflix|Rakuten Viki,ADS|FLATRATE
ts453913,Expedition Files,2024,show,4,true,false,false,false,Discovery+|Disney+|Hulu|Max,BUY|FLATRATE|FREE
ts419709,Furies,2024,show,1,true,true,false,false,Netflix,FLATRATE
ts436716,Homestead: The Series,2024,show,1,true,true,false,false,Angel Studios,FLATRATE
ts384815,Citadel: Honey Bunny,2024,show,1,true,true,false,false,Amazon Prime Video,FLATRATE
ts426345,Acma:Game,2024,show,1,true,true,false,false,Amazon Prime Video,FLATRATE
ts373166,A Shop for Killers,2024,show,2,true,false,false,false,Disney+|Hulu,FLATRATE
ts381349,The Madness,2024,show,1,true,true,false,false,Netflix,FLATRATE
tm1435686,Grand Theft Hamlet,2024,movie,1,true,true,false,false,MUBI,CINEMA|FLATRATE
tm1464109,Look Back,2024,movie,1,true,true,false,false,Amazon Prime Video,CINEMA|FLATRATE
tm1567542,I Am What I Am 2,2024,movie,0,false,false,false,false,,
tm1287700,Memoir of a Snail,2024,movie,4,true,false,false,false,AMC+|Disney+|Hulu|Sundance Now,BUY|CINEMA|FLATRATE|FREE|RENT
tm1391224,The Speedway Murders,2024,movie,2,true,false,false,false,Disney+|Hulu,BUY|CINEMA|FLATRATE|RENT
tm1380903,Stopmotion,2024,movie,4,true,false,false,false,AMC+|Disney+|Hulu|Shudder,BUY|CINEMA|FLATRATE|FREE|RENT
tm1366450,Wander to Wonder,2024,movie,0,false,false,false,false,,
tm1470968,Overlord Sei Oukoku-hen,2024,movie,2,true,false,false,false,Crunchyroll|Netflix,CINEMA|FLATRATE
tm1547188,Watchmen: Chapter II,2024,movie,1,true,true,false,false,Max,BUY|FLATRATE|RENT
tm1390117,HAIKYU!! The Dumpster Battle,2024,movie,0,false,false,false,false,,BUY|CINEMA|FLATRATE
tm1419549,The Remarkable Life of Ibelin,2024,movie,1,true,true,false,false,Netflix,CINEMA|FLATRATE
tm1421194,Demon Slayer: Kimetsu no Yaiba -To the Hashira Training,2024,movie,0,false,false,false,false,,BUY|CINEMA
tm1204019,Knight of Fortune,2024,movie,0,false,false,false,false,,
tm1481715,May the 12th Be with You,2024,movie,0,false,false,false,false,,
tm235398,Abruptio,2024,movie,5,true,false,false,false,Bloodstream|Darkroom|FlixFling|IndiePix Unlimited|Troma NOW,ADS|BUY|FLATRATE|FREE|RENT
tm1542133,One Piece Fan Letter,2024,movie,1,true,true,false,false,Netflix,FLATRATE
tm1487215,South Park: The End of Obesity,2024,movie,1,true,true,false,false,Paramount+,BUY|FLATRATE|RENT
tm1364909,Watchmen: Chapter I,2024,movie,1,true,true,false,false,Max,BUY|FLATRATE|RENT
tm1184170,Pachyderm,2024,movie,0,false,false,true,false,,BUY|FREE
tm1521819,The Bad Guys: Haunted Heist,2024,movie,1,true,true,false,false,Netflix,FLATRATE
tm1573307,The Simpsons: O C'mon All Ye Faithful,2024,movie,0,false,false,false,false,,
tm1515213,Baby Invasion,2024,movie,0,false,false,true,false,,BUY|RENT
tm1537106,The Most Wonderful Time of the Year,2024,movie,0,false,false,false,false,,
ts372214,Universal Basic Guys,2024,show,3,true,false,false,false,Disney+|FOX One|Hulu,BUY|FLATRATE|FREE
ts353674,The Second Best Hospital in the Galaxy,2024,show,1,true,true,false,false,Amazon Prime Video,ADS|FLATRATE
ts372260,Asaf,2024,show,1,true,true,false,false,Netflix,FLATRATE
ts366872,In the Know,2024,show,1,true,true,false,false,Peacock,BUY|FLATRATE
ts411186,Terminator Zero,2024,show,1,true,true,false,false,Netflix,FLATRATE
ts287820,Batman: Caped Crusader,2024,show,1,true,true,false,false,Amazon Prime Video,ADS|BUY|FLATRATE
ts441488,Chi. Chikyuu no Undou ni Tsuite,2024,show,1,true,true,false,false,Netflix,FLATRATE
ts396462,Ninja Kamui,2024,show,1,true,true,false,false,Max,ADS|BUY|FLATRATE
ts436548,Tokyo Override,2024,show,1,true,true,false,false,Netflix,FLATRATE
ts318225,Grimsburg,2024,show,0,false,false,true,false,,BUY
ts389317,Wind Breaker,2024,show,2,true,false,false,false,Crunchyroll|Netflix,BUY|FLATRATE
ts406072,Kinnikuman Perfect Origin Arc,2024,show,1,true,true,false,false,Netflix,FLATRATE
tm1508945,A Complete Unknown,2024,movie,1,true,true,false,false,Max,BUY|CINEMA|FLATRATE|RENT
tm1394467,Horizon: An American Saga - Chapter 1,2024,movie,4,true,false,false,false,Acorn TV|Amazon Prime Video|Cinemax|Max,BUY|CINEMA|FLATRATE|RENT
tm1373227,Daddio,2024,movie,2,true,false,false,false,Disney+|Hulu,BUY|CINEMA|FLATRATE|RENT
tm1515223,The Brutalist,2024,movie,1,true,true,false,false,Max,BUY|CINEMA|FLATRATE|RENT
tm1477335,perfectly a strangeness,2024,movie,1,true,true,false,false,Criterion Channel,FLATRATE|FREE
tm1318902,Ordinary Angels,2024,movie,1,true,true,false,false,Peacock,ADS|BUY|CINEMA|FLATRATE|RENT
tm1375802,Sing Sing,2024,movie,4,true,false,false,false,Acorn TV|Cinemax|History Vault|Max,BUY|FLATRATE|RENT
tm1436487,Small Things Like These,2024,movie,2,true,false,false,false,Disney+|Hulu,BUY|CINEMA|FLATRATE|RENT
tm1394455,Horizon: An American Saga - Chapter 2,2024,movie,0,false,false,false,false,,
tm1515031,I'm Still Here,2024,movie,1,true,true,false,false,Netflix,BUY|CINEMA|FLATRATE|RENT
ts363990,Rivals,2024,show,2,true,false,false,false,Disney+|Hulu,FLATRATE
ts329867,Landman,2024,show,1,true,true,false,false,Paramount+,BUY|FLATRATE
ts409008,Brilliant Minds,2024,show,3,true,false,false,false,Disney+|Hulu|Peacock,ADS|BUY|FLATRATE|FREE
ts423032,The Listeners,2024,show,1,true,true,false,false,Starz,FLATRATE
ts396821,The Hardacres,2024,show,1,true,true,false,false,BritBox,FLATRATE
ts421736,Beauty in Black,2024,show,1,true,true,false,false,Netflix,FLATRATE
ts369190,Mary & George,2024,show,1,true,true,false,false,Starz,ADS|FLATRATE
tm1373615,The Teacher,2024,movie,1,true,true,false,false,Amazon Prime Video,ADS|BUY|FLATRATE|FREE|RENT
tm1348549,Lee,2024,movie,1,true,true,false,false,Hulu,BUY|CINEMA|FLATRATE|FREE|RENT
tm1522242,Riefenstahl,2024,movie,1,true,true,false,false,Kino Film Collection,BUY|CINEMA|FLATRATE|FREE|RENT
tm1276444,The Last Front,2024,movie,1,true,true,false,false,Amazon Prime Video,ADS|BUY|CINEMA|FLATRATE|FREE|RENT
tm816531,Harbin,2024,movie,2,true,false,false,false,Disney+|Hulu,ADS|BUY|CINEMA|FLATRATE|FREE|RENT
tm1498431,Operation Undead,2024,movie,2,true,false,false,false,Amazon Prime Video|Hi-YAH,ADS|BUY|FLATRATE|FREE|RENT
tm1527170,Blitz,2024,movie,1,true,true,false,false,Apple TV+,CINEMA|FLATRATE
tm1298541,The Six Triple Eight,2024,movie,1,true,true,false,false,Netflix,CINEMA|FLATRATE
tm1523907,Dirty Angels,2024,movie,1,true,true,false,false,Starz,BUY|CINEMA|FLATRATE|RENT
tm1340755,Nr. 24,2024,movie,1,true,true,false,false,Netflix,FLATRATE
tm1419550,Porcelain War,2024,movie,0,false,false,false,false,,BUY|CINEMA|RENT
tm1207260,Irena's Vow,2024,movie,1,true,true,false,false,Paramount+,BUY|CINEMA|FLATRATE|FREE|RENT
tm969452,Gunner,2024,movie,0,false,false,false,false,,BUY|CINEMA|RENT
tm1366621,Hollywoodgate,2024,movie,0,false,false,false,false,,BUY|CINEMA|RENT
tm1308436,Kiss the Future,2024,movie,1,true,true,false,false,Paramount+,BUY|CINEMA|FLATRATE|RENT
tm1416459,Amaran,2024,movie,1,true,true,false,false,Netflix,CINEMA|FLATRATE
tm1342448,Escape from Germany,2024,movie,2,true,false,false,false,Amazon Prime Video|Angel Studios,ADS|BUY|CINEMA|FLATRATE|FREE|RENT
tm1281341,Stockholm Bloodbath,2024,movie,1,true,true,false,false,Starz,ADS|BUY|CINEMA|FLATRATE|FREE|RENT
tm1378137,The Boy in the Woods,2024,movie,1,true,true,false,false,Amazon Prime Video,ADS|BUY|FLATRATE|FREE|RENT
tm1526763,Uprising,2024,movie,1,true,true,false,false,Netflix,FLATRATE
tm1423805,Führer und Verführer,2024,movie,1,true,true,false,false,Amazon Prime Video,ADS|BUY|CINEMA|FLATRATE|FREE|RENT
tm1452725,The Bloody Hundredth,2024,movie,1,true,true,false,false,Apple TV+,FLATRATE
tm1340720,Captain Miller,2024,movie,2,true,false,false,false,Amazon Prime Video|Sun Nxt,BUY|CINEMA|FLATRATE|RENT
tm1369888,The Convert,2024,movie,2,true,false,false,false,Disney+|Hulu,BUY|CINEMA|FLATRATE|FREE|RENT
tm1359258,Chandu Champion,2024,movie,1,true,true,false,false,Amazon Prime Video,CINEMA|FLATRATE
tm1468614,The Commandant's Shadow,2024,movie,1,true,true,false,false,Max,CINEMA|FLATRATE
tm1471477,The Damned,2024,movie,0,false,false,true,false,,BUY|RENT
tm1424464,Invasie,2024,movie,0,false,false,false,false,,ADS|BUY|CINEMA|RENT
tm1417668,Pendekar Awang: Darah Indera Gajah,2024,movie,1,true,true,false,false,Netflix,FLATRATE
tm1141849,Nelly & Nadine,2024,movie,1,true,true,false,false,Amazon Prime Video,ADS|BUY|FLATRATE|RENT
tm1524353,Long Gone Heroes,2024,movie,0,false,false,false,false,,ADS|BUY|CINEMA|RENT
tm1338803,Ka Whawhai Tonu,2024,movie,2,true,false,false,false,Magnolia Selects|Warriors and Gangsters,ADS|BUY|FLATRATE|FREE|RENT
tm1481667,Conquer: Lahad Datu,2024,movie,1,true,true,false,false,Netflix,FLATRATE
tm1438889,"In Liebe, Eure Hilde",2024,movie,0,false,false,false,false,,
tm1364507,Quisling: The Final Days,2024,movie,1,true,true,false,false,Amazon Prime Video,ADS|BUY|CINEMA|FLATRATE|FREE|RENT
tm1218475,Before Dawn,2024,movie,1,true,true,false,false,Paramount+,BUY|CINEMA|FLATRATE|RENT
tm1489100,D-Day: 80th Anniversary,2024,movie,2,true,false,false,false,Cineverse|DocuramaFilms,ADS|BUY|FLATRATE|FREE|RENT
tm1481706,Murder Company,2024,movie,1,true,true,false,false,Paramount+,BUY|CINEMA|FLATRATE|FREE|RENT
tm1500758,Vejen hjem,2024,movie,1,true,true,false,false,Amazon Prime Video,ADS|BUY|FLATRATE|RENT
tm1526993,Sunray: Fallen Soldier,2024,movie,1,true,true,false,false,Amazon Prime Video,ADS|BUY|CINEMA|FLATRATE|RENT
tm815383,Dick Dynamite: 1944,2024,movie,1,true,true,false,false,Amazon Prime Video,ADS|BUY|CINEMA|FLATRATE|FREE|RENT
tm1496912,Klitschko: More Than a Fight,2024,movie,0,false,false,true,false,,BUY
tm1352843,Stella. Ein leben.,2024,movie,1,true,true,false,false,Film Movement Plus,BUY|FLATRATE|FREE|RENT
tm875091,Battle for the Western Front,2024,movie,1,true,true,false,false,Amazon Prime Video,ADS|BUY|FLATRATE|FREE|RENT
tm1446097,Onmyoji Zero,2024,movie,1,true,true,false,false,Amazon Prime Video,FLATRATE
tm1473212,¿Es el enemigo? La película de Gila,2024,movie,0,false,false,false,false,,
ts437754,The Great War,2024,show,1,true,true,false,false,Netflix,BUY|FLATRATE
ts368881,M. Il figlio del secolo,2024,show,1,true,true,false,false,MUBI,FLATRATE
ts455081,Churchill at War,2024,show,1,true,true,false,false,Netflix,FLATRATE
ts460375,Renaissance: The Blood and the Beauty,2024,show,1,true,true,false,false,PBS Documentaries,BUY|FLATRATE
ts392845,IC 814: The Kandahar Hijack,2024,show,1,true,true,false,false,Netflix,FLATRATE
ts349244,We Were the Lucky Ones,2024,show,2,true,false,false,false,Disney+|Hulu,FLATRATE
ts330875,The New Look,2024,show,1,true,true,false,false,Apple TV+,FLATRATE
ts439432,One Day in October,2024,show,1,true,true,false,false,Max,FLATRATE
ts432093,Secrets & Spies: A Nuclear Game,2024,show,1,true,true,false,false,Max,FLATRATE
ts398643,Paris Has Fallen,2024,show,2,true,false,false,false,Disney+|Hulu,FLATRATE
ts395020,Gundam: Requiem for Vengeance,2024,show,1,true,true,false,false,Netflix,FLATRATE
ts400628,The Way,2024,show,0,false,false,false,false,,
ts387537,The Whirlwind,2024,show,1,true,true,false,false,Netflix,FLATRATE
ts427799,The Proof Is Out There: Military Mysteries,2024,show,1,true,true,false,false,HISTORY Vault,BUY|FLATRATE|FREE
ts411739,100 Years of War,2024,show,1,true,true,false,false,Amazon Prime Video,ADS|BUY|FLATRATE|FREE
ts435279,Erased: World War 2's Heroes of Color,2024,show,1,true,true,false,false,Disney+,BUY|FLATRATE
ts419282,The Silent Service,2024,show,1,true,true,false,false,Amazon Prime Video,FLATRATE
ts412659,Conflict,2024,show,0,false,false,false,false,,
ts418053,Pulang Araw,2024,show,0,false,false,false,false,,
ts392896,Freedom at Midnight,2024,show,0,false,false,false,false,,FLATRATE
ts452464,"Rideau de fer, l'occupation soviétique",2024,show,1,true,true,false,false,Amazon Prime Video,ADS|BUY|FLATRATE
ts410146,La lunga notte,2024,show,0,false,false,false,false,,
ts410148,Marconi,2024,show,0,false,false,false,false,,
ts463061,The Prisoner,2024,show,1,true,true,false,false,AD tv,ADS
ts453269,Hitler's British Island,2024,show,1,true,true,false,false,Xive TV Documentaries,FLATRATE
ts430963,Baahubali: Crown of Blood,2024,show,1,true,true,false,false,Hulu,FLATRATE
ts422620,Lost U-Boats of WWII,2024,show,1,true,true,false,false,HISTORY Vault,ADS|BUY|FLATRATE|FREE
ts441993,Doppelganger. The Double,2024,show,1,true,true,false,false,Max,FLATRATE
ts445859,The Zelensky Story,2024,show,0,false,false,true,false,,ADS|BUY|RENT
ts427176,Dante: Inferno to Paradise,2024,show,1,true,true,false,false,PBS Documentaries,BUY|FLATRATE
ts380254,Mameli - Il ragazzo che sognò l'Italia,2024,show,0,false,false,false,false,,
ts435145,Hitler's Handmaidens,2024,show,0,false,false,false,false,,
ts435406,D-Day: The Unheard Tapes,2024,show,1,true,true,false,false,HISTORY Vault,ADS|BUY|FLATRATE|FREE
ts445874,Defending Europe,2024,show,0,false,false,true,false,,BUY
ts442397,Military Machines: Nazi Germany in WWII,2024,show,1,true,true,false,false,Amazon Prime Video,BUY|FLATRATE
ts445318,Pacific Inferno: Warriors of WW2,2024,show,1,true,true,false,false,Amazon Prime Video,ADS|BUY|FLATRATE
tm1536333,Viva Verdi,2024,movie,0,false,false,true,false,,RENT
tm1419575,DEVO,2024,movie,1,true,true,false,false,Netflix,FLATRATE
tm1547897,The Devil Is Busy,2024,movie,1,true,true,false,false,Max,FLATRATE
tm1482726,Rite Here Rite Now,2024,movie,1,true,true,false,false,Amazon Prime Video,ADS|BUY|CINEMA|FLATRATE|FREE|RENT
tm1455783,Bad River,2024,movie,0,false,false,false,false,,ADS|BUY|CINEMA|RENT
tm1486190,The Rubber-Keyed Wonder,2024,movie,1,true,true,false,false,Amazon Prime Video,BUY|FLATRATE|RENT
tm1198871,Butterfly in the Sky,2024,movie,1,true,true,false,false,Wonder Project,BUY|FLATRATE|RENT
tm1100750,The Irritable Heart,2024,movie,1,true,true,false,false,Amazon Prime Video,ADS|BUY|FLATRATE|RENT
tm1517590,2073,2024,movie,1,true,true,false,false,Max,BUY|CINEMA|FLATRATE|FREE|RENT
tm1338747,Bread & Roses,2024,movie,1,true,true,false,false,Apple TV+,FLATRATE
tm1436382,No Other Land,2024,movie,0,false,false,false,false,,BUY|CINEMA|RENT
tm1522611,Martha,2024,movie,1,true,true,false,false,Netflix,CINEMA|FLATRATE
tm1527760,The White House Effect,2024,movie,1,true,true,false,false,Netflix,FLATRATE
tm1482474,The Quilters,2024,movie,1,true,true,false,false,Netflix,FLATRATE
tm1438071,Architecton,2024,movie,1,true,true,false,false,Max,BUY|CINEMA|FLATRATE|RENT
tm1479149,I'm Your Venus,2024,movie,1,true,true,false,false,Netflix,FLATRATE
tm1550957,Buy Now! The Shopping Conspiracy,2024,movie,1,true,true,false,false,Netflix,FLATRATE
tm1389391,God & Country,2024,movie,0,false,false,false,false,,ADS|BUY|CINEMA|FREE|RENT
tm1462161,The Blue Angels,2024,movie,1,true,true,false,false,Amazon Prime Video,CINEMA|FLATRATE
tm1545000,"Your Friend, Nate Bargatze",2024,movie,1,true,true,false,false,Netflix,FLATRATE
tm1534802,Death by Numbers,2024,movie,0,false,false,false,false,,BUY|CINEMA|RENT
tm1547499,The Lost Children,2024,movie,1,true,true,false,false,Netflix,FLATRATE
tm1481679,I Am: Celine Dion,2024,movie,1,true,true,false,false,Amazon Prime Video,CINEMA|FLATRATE
tm1548056,The Final Copy of Ilon Specht,2024,movie,2,true,false,false,false,AMC+|Amazon Prime Video,FLATRATE|FREE
tm1419474,Look into My Eyes,2024,movie,3,true,false,false,false,Acorn TV|Cinemax|Max,BUY|FLATRATE|RENT
tm1530190,Endurance,2024,movie,1,true,true,false,false,Disney+,FLATRATE
tm1525290,Music by John Williams,2024,movie,1,true,true,false,false,Disney+,CINEMA|FLATRATE
tm1484142,Federer: Twelve Final Days,2024,movie,1,true,true,false,false,Amazon Prime Video,CINEMA|FLATRATE
tm1495985,Group Therapy,2024,movie,1,true,true,false,false,Amazon Prime Video,FLATRATE
tm1522012,Road Diary: Bruce Springsteen and The E Street Band,2024,movie,2,true,false,false,false,Disney+|Hulu,FLATRATE
tm1475211,¡Casa bonita mi amor!,2024,movie,1,true,true,false,false,Paramount+,FLATRATE
tm1546089,Wicked: The Real Story,2024,movie,1,true,true,false,false,Peacock,ADS|BUY|FLATRATE|FREE|RENT
tm1366197,In Restless Dreams: The Music of Paul Simon,2024,movie,0,false,false,false,false,,BUY|CINEMA|RENT
tm1374238,Sorry/Not Sorry,2024,movie,0,false,false,false,false,,BUY|CINEMA|FREE|RENT
tm1510997,Inside the Mind of a Dog,2024,movie,1,true,true,false,false,Netflix,FLATRATE
tm1459209,The Hobby: Tales from the Tabletop,2024,movie,1,true,true,false,false,Amazon Prime Video,ADS|BUY|FLATRATE|FREE|RENT
tm1539624,Kaizen,2024,movie,2,true,false,false,false,Disney+|Hulu,FLATRATE
ts429197,AMERICA'S SWEETHEARTS: Dallas Cowboys Cheerleaders,2024,show,1,true,true,false,false,Netflix,FLATRATE
ts418853,The Secret Lives of Mormon Wives,2024,show,2,true,false,false,false,Disney+|Hulu,FLATRATE
ts440417,In the Eye of the Storm,2024,show,2,true,false,false,false,Discovery+|Max,BUY|FLATRATE|FREE
ts414263,The Power of Film,2024,show,1,true,true,false,false,Max,FLATRATE
ts444263,Nöthin' But a Good Time: The Uncensored Story of '80s Hair Metal,2024,show,1,true,true,false,false,Paramount+,FLATRATE
ts432729,Toughest Forces on Earth,2024,show,1,true,true,false,false,Netflix,FLATRATE
ts272704,OceanXplorers,2024,show,1,true,true,false,false,Disney+,BUY|FLATRATE
ts389182,Mafia Spies,2024,show,1,true,true,false,false,Paramount+,FLATRATE
ts329649,Omnivore,2024,show,1,true,true,false,false,Apple TV+,FLATRATE
ts430100,The Stanford Prison Experiment: Unlocking the Truth,2024,show,1,true,true,false,false,Disney+,ADS|BUY|FLATRATE|FREE
ts459547,Girls Gone Wild: The Untold Story,2024,show,1,true,true,false,false,Peacock,FLATRATE
ts475438,CTRL+ALT+DESIRE,2024,show,1,true,true,false,false,Paramount+,FLATRATE
ts441748,Dark Side of Reality TV,2024,show,0,false,false,true,false,,BUY|FLATRATE|FREE
ts426703,Martin Scorsese Presents: The Saints,2024,show,0,false,false,false,false,,FLATRATE
ts448348,Asia,2024,show,2,true,false,false,false,Discovery+|Max,BUY|FLATRATE
ts433811,Cult Massacre: One Day in Jonestown,2024,show,2,true,false,false,false,Disney+|Hulu,ADS|FLATRATE|FREE
ts429602,Billy Corgan's Adventures in Carnyland,2024,show,2,true,false,false,false,Amazon Prime Video|Peacock,ADS|BUY|FLATRATE
ts439416,In Cold Water: The Shelter Bay Mystery,2024,show,1,true,true,false,false,Amazon Prime Video,FLATRATE
ts427115,Mammals,2024,show,3,true,false,false,false,Discovery+|Max|Planet Earth,BUY|FLATRATE
ts441734,Pokémon: Trainer Tour,2024,show,1,true,true,false,false,Amazon Prime Video,FLATRATE
ts422998,Renovation Aloha,2024,show,2,true,false,false,false,Discovery+|Max,ADS|BUY|FLATRATE|FREE
ts445712,The Tailor of Sin City,2024,show,2,true,false,false,false,AMC+|Sundance Now,ADS|BUY|FLATRATE|FREE
ts424808,Unlocked: A Jail Experiment,2024,show,1,true,true,false,false,Netflix,FLATRATE
ts445437,Starting 5,2024,show,1,true,true,false,false,Netflix,FLATRATE
ts434230,Who Killed WCW?,2024,show,0,false,false,true,false,,BUY|FLATRATE|FREE
ts416319,Jonathan & Jesus,2024,show,1,true,true,false,false,Amazon Prime Video,BUY|FLATRATE
ts447524,Aaron Rodgers: Enigma,2024,show,1,true,true,false,false,Netflix,FLATRATE
ts446251,The Real Murders on Elm Street,2024,show,2,true,false,false,false,Discovery+|Max,ADS|BUY|FLATRATE|FREE
ts454547,Glitter and Greed: The Lisa Frank Story,2024,show,1,true,true,false,false,Amazon Prime Video,ADS|FLATRATE
ts450247,Les mythes vikings,2024,show,0,false,false,false,false,,ADS
ts429658,Fallen Idols: Nick and Aaron Carter,2024,show,2,true,false,false,false,Discovery+|Max,ADS|BUY|FLATRATE|FREE
ts428987,99,2024,show,1,true,true,false,false,Amazon Prime Video,FLATRATE
ts453106,Philly Homicide,2024,show,1,true,true,false,false,Peacock,ADS|BUY|FLATRATE|FREE
tm1532820,MadS,2024,movie,2,true,false,false,false,AMC+|Shudder,BUY|CINEMA|FLATRATE|FREE|RENT
tm1340833,Birdeater,2024,movie,2,true,false,false,false,AMC+|Shudder,ADS|BUY|CINEMA|FLATRATE|FREE|RENT
tm1224087,Håndtering av udøde,2024,movie,2,true,false,false,false,Disney+|Hulu,BUY|CINEMA|FLATRATE|FREE|RENT
tm1163921,Gui cai zhi dao,2024,movie,1,true,true,false,false,Netflix,BUY|FLATRATE
tm1529583,The Pickleball Murders,2024,movie,1,true,true,false,false,Amazon Prime Video,ADS|BUY|FLATRATE|RENT
tm1533060,Mr. Crocket,2024,movie,2,true,false,false,false,Disney+|Hulu,FLATRATE
tm1348997,Little Bites,2024,movie,4,true,false,false,false,AMC+|Disney+|Hulu|Shudder,BUY|CINEMA|FLATRATE|FREE|RENT
tm1470863,Never Let Go,2024,movie,1,true,true,false,false,Starz,BUY|CINEMA|FLATRATE|RENT
tm1457367,Woken,2024,movie,1,true,true,false,false,Amazon Prime Video,ADS|BUY|FLATRATE|FREE|RENT
tm1504524,They Call Her Death,2024,movie,4,true,false,false,false,AMC+|Amazon Prime Video|Night Flight Plus|Shudder,ADS|BUY|FLATRATE|FREE|RENT
tm1100101,Salem's Lot,2024,movie,1,true,true,false,false,Max,FLATRATE
tm1309487,El llanto,2024,movie,2,true,false,false,false,AMC+|Shudder,BUY|FLATRATE|RENT
tm1435313,Azrael,2024,movie,4,true,false,false,false,AMC+|Disney+|Hulu|Shudder,BUY|CINEMA|FLATRATE|FREE|RENT
ts282525,The Edge of Sleep,2024,show,0,false,false,false,false,,ADS
ts423129,Grotesquerie,2024,show,2,true,false,false,false,Disney+|Hulu,BUY|FLATRATE
ts402330,Light Shop,2024,show,2,true,false,false,false,Disney+|Hulu,FLATRATE
ts440122,Angkhan Khlumpong: Extreme,2024,show,1,true,true,false,false,Netflix,FLATRATE
ts444173,Killer Cakes,2024,show,1,true,true,false,false,Amazon Prime Video,ADS|FLATRATE
ts387452,Monsters: The Lyle and Erik Menendez Story,2024,show,1,true,true,false,false,Netflix,FLATRATE
ts363180,Hysteria!,2024,show,1,true,true,false,false,Peacock,BUY|FLATRATE
ts363917,Parasyte: The Grey,2024,show,1,true,true,false,false,Netflix,FLATRATE
ts112049,The Red King,2024,show,1,true,true,false,false,AMC+,BUY|FLATRATE
ts309453,Dead Boy Detectives,2024,show,1,true,true,false,false,Netflix,BUY|FLATRATE
ts406444,The Judge from Hell,2024,show,2,true,false,false,false,Disney+|Hulu,FLATRATE
ts220202,Uzumaki,2024,show,1,true,true,false,false,Max,ADS|BUY|FLATRATE|FREE
ts298992,The Grimm Variations,2024,show,1,true,true,false,false,Netflix,FLATRATE
ts450770,Don't Come Home,2024,show,1,true,true,false,false,Netflix,FLATRATE
ts112755,Ghost Moms,2024,show,0,false,false,false,false,,ADS
ts424515,Inspector Rishi,2024,show,1,true,true,false,false,Amazon Prime Video,FLATRATE
ts441840,Horror's Greatest,2024,show,2,true,false,false,false,AMC+|Shudder,ADS|FLATRATE
ts408573,Generation Z,2024,show,1,true,true,false,false,Amazon Prime Video,ADS|FLATRATE|FREE
ts396725,1992,2024,show,1,true,true,false,false,Netflix,FLATRATE
ts417199,Santuario,2024,show,0,false,false,false,false,,FLATRATE
ts459609,Harikatha,2024,show,1,true,true,false,false,Hulu,FLATRATE
ts447497,1000 Babies,2024,show,1,true,true,false,false,Hulu,FLATRATE
ts353217,Boku no Itoshii Youkai Girlfriend,2024,show,1,true,true,false,false,Amazon Prime Video,FLATRATE
ts415632,Midnight Feature,2024,show,2,true,false,false,false,Amazon Prime Video|FOUND TV,ADS|BUY|FLATRATE|FREE
ts420469,The Spirealm,2024,show,1,true,true,false,false,Rakuten Viki,ADS|FLATRATE
ts475976,El extraño retorno de Diana Salazar,2024,show,1,true,true,false,false,ViX,ADS|FLATRATE|FREE
ts450662,Lockdown Zone: Level X,2024,show,0,false,false,false,false,,
ts438701,Travel for Ghosts,2024,show,0,false,false,false,false,,ADS|FREE
ts454821,Scare Tactics,2024,show,0,false,false,true,false,,BUY|FREE
ts455133,Nikosh Chhaya,2024,show,1,true,true,false,false,Hoichoi,FLATRATE
ts395077,The Lair: OnlyFangs,2024,show,1,true,true,false,false,Here TV,FLATRATE
ts479154,Three Mirrors Creature's Flashes of Flesh,2024,show,0,false,false,false,false,,FREE
ts456592,10 PM,2024,show,1,true,true,false,false,Amazon Prime Video,FLATRATE
ts450012,Horror Candy,2024,show,0,false,false,false,false,,ADS|FREE
ts460991,The Haunted Season,2024,show,2,true,false,false,false,AMC+|Shudder,FLATRATE
ts441171,Undead Mysteries,2024,show,0,false,false,false,false,,ADS
ts445327,My Haunted Hometown,2024,show,2,true,false,false,false,Discovery+|Max,ADS|FLATRATE|FREE
ts410553,Soul Sista Chronicles,2024,show,0,false,false,true,false,,ADS|BUY|FREE
ts328977,Bloody Legends Lost Season,2024,show,1,true,true,false,false,FOUND TV,ADS|BUY|FREE
ts433449,Sem Break,2024,show,0,false,false,false,false,,FREE
tm1487488,Director's Cut,2024,movie,3,true,false,false,false,AMC+|Amazon Prime Video|Shudder,ADS|BUY|CINEMA|FLATRATE|FREE|RENT
tm1183916,Bob Marley: One Love,2024,movie,2,true,false,false,false,Netflix|Paramount+,BUY|CINEMA|FLATRATE|RENT
tm1553686,The Miner's Son,2024,movie,0,false,false,true,false,,ADS|BUY|RENT
tm1545764,Music Box: Yacht Rock: A DOCKumentary,2024,movie,1,true,true,false,false,Max,FLATRATE
tm1554819,Jamie Foxx: What Had Happened Was...,2024,movie,1,true,true,false,false,Netflix,FLATRATE
tm1535789,A Nonsense Christmas with Sabrina Carpenter,2024,movie,1,true,true,false,false,Netflix,FLATRATE
tm1419576,Luther: Never Too Much,2024,movie,1,true,true,false,false,Max,BUY|CINEMA|FLATRATE|RENT
tm1418816,Back to Black,2024,movie,0,false,false,false,false,,BUY|CINEMA|RENT
tm1517399,Maria,2024,movie,1,true,true,false,false,Netflix,CINEMA|FLATRATE
tm1530330,Tom Petty: Heartbreakers Beach Party,2024,movie,1,true,true,false,false,Paramount+,CINEMA|FLATRATE
tm1444953,Dead Mail,2024,movie,2,true,false,false,false,AMC+|Shudder,BUY|FLATRATE|RENT
tm1450804,ABBA: Against the Odds,2024,movie,2,true,false,false,false,BBC Select|BritBox,BUY|FLATRATE
tm1433790,Songs from the Hole,2024,movie,1,true,true,false,false,Netflix,CINEMA|FLATRATE
tm1525093,PAGTATAG! The Documentary,2024,movie,1,true,true,false,false,Netflix,FLATRATE
tm1522038,Elton John: Never Too Late,2024,movie,1,true,true,false,false,Disney+,CINEMA|FLATRATE
tm1433846,The World According to Allee Willis,2024,movie,2,true,false,false,false,Disney+|Hulu,BUY|CINEMA|FLATRATE|FREE|RENT
tm1569280,Wham!: Last Christmas Unwrapped,2024,movie,0,false,false,true,false,,BUY|RENT
tm1588816,Instruments of a Beating Heart,2024,movie,0,false,false,false,false,,FREE
tm1563969,Nate Bargatze's Nashville Christmas,2024,movie,0,false,false,false,false,,
tm1528489,Hevimpi reissu,2024,movie,3,true,false,false,false,AMC+|Amazon Prime Video|Shudder,ADS|BUY|CINEMA|FLATRATE|FREE|RENT
tm1419546,Soundtrack to a Coup d'État,2024,movie,1,true,true,false,false,Kino Film Collection,BUY|CINEMA|FLATRATE|FREE|RENT
tm1495638,Ol' Dirty Bastard: A Tale of Two Dirtys,2024,movie,2,true,false,false,false,Disney+|Hulu,BUY|FLATRATE|FREE|RENT
tm1546109,Beatles '64,2024,movie,1,true,true,false,false,Disney+,FLATRATE
tm1366580,Hate to Love: Nickelback,2024,movie,1,true,true,false,false,Netflix,BUY|CINEMA|FLATRATE|RENT
tm1284522,Indigo Girls: It's Only Life After All,2024,movie,1,true,true,false,false,Netflix,BUY|FLATRATE|FREE|RENT
tm1521812,Paul Anka: His Way,2024,movie,1,true,true,false,false,Max,FLATRATE
tm1515114,The End,2024,movie,2,true,false,false,false,Disney+|Hulu,BUY|CINEMA|FLATRATE|FREE|RENT
tm1450940,Olivia Rodrigo: GUTS World Tour,2024,movie,1,true,true,false,false,Netflix,FLATRATE
tm1419460,Destroy All Neighbors,2024,movie,2,true,false,false,false,AMC+|Shudder,BUY|CINEMA|FLATRATE|FREE|RENT
tm1455805,ZEF - The Story of Die Antwoord,2024,movie,1,true,true,false,false,Amazon Prime Video,ADS|BUY|FLATRATE|FREE|RENT
tm1444518,A King Like Me,2024,movie,1,true,true,false,false,Netflix,FLATRATE
tm1537109,"Rachel Bloom: Death, Let Me Do My Special",2024,movie,1,true,true,false,false,Netflix,FLATRATE
ts380413,Lolla: The Story of Lollapalooza,2024,show,1,true,true,false,false,Paramount+,FLATRATE
ts380428,Hanno ucciso l'Uomo Ragno - La leggendaria storia degli 833,2024,show,0,false,false,false,false,,
ts425518,Kaulitz Hills - Senf aus Hollywood,2024,show,1,true,true,false,false,Netflix,FLATRATE
ts432035,Taylor Swift vs. Scooter Braun,2024,show,2,true,false,false,false,Discovery+|Max,FLATRATE
ts418111,"Thank You, Goodnight: The Bon Jovi Story",2024,show,2,true,false,false,false,Disney+|Hulu,FLATRATE
ts392355,Rhythm + Flow Italy,2024,show,1,true,true,false,false,Netflix,FLATRATE
ts220927,The Vince Staples Show,2024,show,1,true,true,false,false,Netflix,FLATRATE
ts422026,Hope on the Street,2024,show,1,true,true,false,false,Amazon Prime Video,FLATRATE
ts436926,How Music Got Free,2024,show,1,true,true,false,false,Paramount+,FLATRATE
ts405487,AGT Fantasy League,2024,show,0,false,false,false,false,,
ts446547,The Tragically Hip: No Dress Rehearsal,2024,show,1,true,true,false,false,Amazon Prime Video,FLATRATE
ts420786,Stax: Soulsville USA,2024,show,1,true,true,false,false,Max,FLATRATE
ts396687,Lovely Runner,2024,show,1,true,true,false,false,Rakuten Viki,ADS|FLATRATE
ts419247,OSHINOKO,2024,show,1,true,true,false,false,Amazon Prime Video,FLATRATE
ts400750,Camden,2024,show,2,true,false,false,false,Disney+|Hulu,FLATRATE
ts401358,Pop Star Academy: KATSEYE,2024,show,1,true,true,false,false,Netflix,FLATRATE
ts444528,K-Pop Idols,2024,show,1,true,true,false,false,Apple TV+,FLATRATE
ts372843,Everybody Still Hates Chris,2024,show,1,true,true,false,false,Paramount+,BUY|FLATRATE
ts273257,Choir,2024,show,1,true,true,false,false,Disney+,FLATRATE
ts426657,In Restless Dreams: The Music of Paul Simon,2024,show,1,true,true,false,false,MGM+,FLATRATE
ts381732,"So Long, Marianne",2024,show,0,false,false,false,false,,
ts408493,Fem,2024,show,1,true,true,false,false,Dekkoo,FLATRATE
ts456392,< JUNG KOOK: I AM STILL > THE ORIGINAL,2024,show,1,true,true,false,false,Disney+,FLATRATE
ts459087,as1one: The Israeli-Palestinian Pop Music Journey,2024,show,1,true,true,false,false,Paramount+,FLATRATE
ts448411,Rhythm + Flow: Brazil,2024,show,1,true,true,false,false,Netflix,FLATRATE
ts435908,Deb's House,2024,show,1,true,true,false,false,ALLBLK,BUY|FLATRATE|FREE
ts427458,Melissa Etheridge: I'm Not Broken,2024,show,1,true,true,false,false,Paramount+,FLATRATE
ts453974,GEN MEX,2024,show,1,true,true,false,false,Amazon Prime Video,FLATRATE
ts403080,It's All Country,2024,show,2,true,false,false,false,Disney+|Hulu,FLATRATE
ts310810,DORA,2024,show,1,true,true,false,false,Paramount+,BUY|FLATRATE|FREE
ts383572,Who Is She,2024,show,2,true,false,false,false,Kocowa|OnDemandKorea,FLATRATE
ts423982,Papás por Conveniencia,2024,show,0,false,false,false,false,,FLATRATE
ts420452,Himitsu no AiPri,2024,show,0,false,false,false,false,,
ts417931,Sasayaku You ni Koi wo Utau,2024,show,1,true,true,false,false,Hidive,BUY|FLATRATE
ts415958,Girls Band Cry,2024,show,1,true,true,false,false,Crunchyroll,BUY|FLATRATE|FREE
ts422755,Namib,2024,show,1,true,true,false,false,Rakuten Viki,ADS|FLATRATE
ts342391,James Brown: Say It Loud,2024,show,0,false,false,true,false,,ADS|BUY|FLATRATE|FREE
ts447971,Mozart: Rise of a Genius,2024,show,1,true,true,false,false,UP Faith & Family,FLATRATE
ts433543,Girls on Fire,2024,show,2,true,false,false,false,OnDemandKorea|Rakuten Viki,ADS|FLATRATE
ts60087,Gospel,2024,show,1,true,true,false,false,PBS Documentaries,BUY|FLATRATE
ts475688,Recorded Live at Analog,2024,show,0,false,false,false,false,,ADS|FLATRATE|FREE
ts412000,Ace of Base - All That She Wants,2024,show,0,false,false,true,false,,BUY|FLATRATE|RENT
ts417735,Kings from Queens: The Run DMC Story,2024,show,1,true,true,false,false,Peacock,FLATRATE
ts443359,Made in Korea: The K-Pop Experience,2024,show,0,false,false,false,false,,ADS
ts17881,Audio-Files,2024,show,0,false,false,false,false,,FREE
ts443129,Biography: Alice Cooper,2024,show,0,false,false,true,false,,BUY
ts450484,Reggaeton: The Sound That Conquered the World,2024,show,1,true,true,false,false,Peacock,FLATRATE
ts515985,Moon Girl and Devil Dinosaur: Moon Girl's Lab,2024,show,1,true,true,false,false,Disney+,FLATRATE
ts440499,Barbie Doll Adventures,2024,show,1,true,true,false,false,Amazon Prime Video,FLATRATE
tm1449185,The Fire Inside,2024,movie,2,true,false,false,false,Amazon Prime Video|MGM+,BUY|CINEMA|FLATRATE|RENT
tm1125511,The Beautiful Game,2024,movie,1,true,true,false,false,Netflix,FLATRATE
tm1515051,Rez Ball,2024,movie,1,true,true,false,false,Netflix,CINEMA|FLATRATE
tm1519442,Boxer,2024,movie,1,true,true,false,false,Netflix,FLATRATE
tm1479183,Bionic,2024,movie,1,true,true,false,false,Netflix,FLATRATE
tm1457202,Jake Paul vs. Mike Tyson,2024,movie,1,true,true,false,false,Netflix,FLATRATE
tm1467552,Tracing the Divide,2024,movie,1,true,true,false,false,Amazon Prime Video,ADS|FLATRATE
tm864594,Young Woman and the Sea,2024,movie,1,true,true,false,false,Disney+,CINEMA|FLATRATE
tm1263336,The Underdoggs,2024,movie,1,true,true,false,false,Amazon Prime Video,BUY|CINEMA|FLATRATE
tm1514986,Unstoppable,2024,movie,1,true,true,false,false,Amazon Prime Video,FLATRATE
tm1471258,The Final: Attack on Wembley,2024,movie,1,true,true,false,false,Netflix,FLATRATE
tm1459431,Sweet Dreams,2024,movie,1,true,true,false,false,Amazon Prime Video,ADS|BUY|CINEMA|FLATRATE|RENT
tm1366040,Day of the Fight,2024,movie,1,true,true,false,false,Paramount+,BUY|FLATRATE|RENT
tm1494425,Backspot,2024,movie,0,false,false,false,false,,BUY|CINEMA|FREE|RENT
tm1366024,Tatami,2024,movie,0,false,false,false,false,,BUY|CINEMA|RENT
tm1314223,The Long Game,2024,movie,1,true,true,false,false,Netflix,BUY|FLATRATE|RENT
tm1417137,Sixty Minutes,2024,movie,1,true,true,false,false,Netflix,FLATRATE
tm1480294,Final Heat,2024,movie,1,true,true,false,false,Amazon Prime Video,ADS|BUY|FLATRATE|FREE|RENT
tm1389784,Under Paris,2024,movie,1,true,true,false,false,Netflix,FLATRATE
tm1435590,Giannis: The Marvelous Journey,2024,movie,1,true,true,false,false,Amazon Prime Video,CINEMA|FLATRATE
tm1286482,The Champion,2024,movie,1,true,true,false,false,Netflix,FLATRATE
tm1375766,Copa 71,2024,movie,0,false,false,false,false,,BUY|CINEMA|FREE|RENT
tm1504276,NBC's Paris Olympics Opening Ceremony in IMAX,2024,movie,0,false,false,false,true,,CINEMA
tm1388115,Hard Miles,2024,movie,1,true,true,false,false,Angel Studios,ADS|BUY|CINEMA|FLATRATE|FREE|RENT
tm832562,Maidaan,2024,movie,1,true,true,false,false,Amazon Prime Video,CINEMA|FLATRATE
tm1438774,GG (Good Game),2024,movie,1,true,true,false,false,Netflix,FLATRATE
tm1130716,Mr. & Mrs. Mahi,2024,movie,1,true,true,false,false,Netflix,CINEMA|FLATRATE
tm1545282,Vijay 69,2024,movie,1,true,true,false,false,Netflix,FLATRATE
tm1481625,Julie zwijgt,2024,movie,0,false,false,false,false,,BUY|CINEMA|FREE|RENT
tm1522534,Rhythm Masters: A Mickey Hart Experience,2024,movie,1,true,true,false,false,Disney+,FLATRATE
tm1449094,Little Wing,2024,movie,1,true,true,false,false,Paramount+,BUY|FLATRATE|RENT
tm1541457,It's All Over: The Kiss That Changed Spanish Football,2024,movie,1,true,true,false,false,Netflix,FLATRATE
tm1335917,Open Heart,2024,movie,1,true,true,false,false,Netflix,FLATRATE
tm1354883,Race for Glory - Audi vs Lancia,2024,movie,0,false,false,false,false,,ADS|BUY|CINEMA|RENT
tm1430422,Lubber Pandhu,2024,movie,1,true,true,false,false,Hulu,BUY|CINEMA|FLATRATE|RENT
tm1421861,The Netflix Slam,2024,movie,1,true,true,false,false,Netflix,FLATRATE
tm1436124,The Unbreakable Tatiana Suarez,2024,movie,1,true,true,false,false,Max,FLATRATE
tm1463618,Hanma Baki VS Kengan Ashura,2024,movie,1,true,true,false,false,Netflix,FLATRATE
tm1509912,Moon,2024,movie,1,true,true,false,false,MUBI,FLATRATE
ts431833,Receiver,2024,show,1,true,true,false,false,Netflix,FLATRATE
ts447605,The Comeback: 2004 Boston Red Sox,2024,show,1,true,true,false,false,Netflix,FLATRATE
ts353030,Clipped,2024,show,2,true,false,false,false,Disney+|Hulu,FLATRATE
ts451312,Game 7,2024,show,1,true,true,false,false,Amazon Prime Video,FLATRATE
ts456506,It's in the Game: Madden NFL,2024,show,1,true,true,false,false,Amazon Prime Video,ADS|FLATRATE
ts359439,Gokuaku Joou,2024,show,1,true,true,false,false,Netflix,FLATRATE
ts449768,Countdown: Paul vs Tyson,2024,show,1,true,true,false,false,Netflix,FLATRATE
ts400278,Full Speed,2024,show,1,true,true,false,false,Amazon Prime Video,FLATRATE
ts411511,Roller Jam,2024,show,1,true,true,false,false,Max,FLATRATE
ts450817,FaceOff: Inside the NHL,2024,show,1,true,true,false,false,Amazon Prime Video,FLATRATE
ts306797,American Sports Story,2024,show,2,true,false,false,false,Disney+|Hulu,BUY|FLATRATE
ts433105,"Bronx Zoo '90: Crime, Chaos and Baseball",2024,show,1,true,true,false,false,Peacock,FLATRATE
ts395897,The Cage,2024,show,1,true,true,false,false,Netflix,FLATRATE
ts440029,Charlie Hustle & the Matter of Pete Rose,2024,show,1,true,true,false,false,Max,FLATRATE
ts430034,Garouden: The Way of the Lone Wolf,2024,show,1,true,true,false,false,Netflix,FLATRATE
ts450833,Clutch: The NBA Playoffs,2024,show,1,true,true,false,false,Disney+,FLATRATE
ts446524,Rugged Rugby: Conquer or Die,2024,show,1,true,true,false,false,Netflix,FLATRATE
ts446202,Evolution of the Black Quarterback,2024,show,1,true,true,false,false,Amazon Prime Video,ADS|FLATRATE
ts433250,Simone Biles Rising,2024,show,1,true,true,false,false,Netflix,FLATRATE
ts260873,Senna,2024,show,1,true,true,false,false,Netflix,FLATRATE
ts414618,Rising Impact,2024,show,1,true,true,false,false,Netflix,FLATRATE
ts447604,Polo,2024,show,1,true,true,false,false,Netflix,FLATRATE
ts378711,Six Nations: Full Contact,2024,show,1,true,true,false,false,Netflix,FLATRATE
ts414419,The Last Round,2024,show,1,true,true,false,false,Amazon Prime Video,FLATRATE
ts445655,Mr. McMahon,2024,show,1,true,true,false,false,Netflix,FLATRATE
ts382257,LALIGA: All Access,2024,show,1,true,true,false,false,Netflix,FLATRATE
ts360892,La Máquina,2024,show,2,true,false,false,false,Disney+|Hulu,FLATRATE
ts418431,The Money Game,2024,show,1,true,true,false,false,Amazon Prime Video,FLATRATE
ts430608,The Mothers of Penguins,2024,show,1,true,true,false,false,Netflix,FLATRATE
ts435994,Sprint,2024,show,1,true,true,false,false,Netflix,FLATRATE
ts409093,Messi's World Cup: The Rise of a Legend,2024,show,1,true,true,false,false,Apple TV+,FLATRATE
ts439080,Ángel Di María: Breaking Down the Wall,2024,show,1,true,true,false,false,Netflix,FLATRATE
ts449126,Courtois: The Return of the Number 1,2024,show,1,true,true,false,false,Amazon Prime Video,ADS|BUY|FLATRATE
ts331187,The Dynasty,2024,show,1,true,true,false,false,Apple TV+,FLATRATE
ts451686,Luis Enrique: You Have No F****** Idea,2024,show,0,false,false,false,false,,
ts459945,PULISIC,2024,show,1,true,true,false,false,Paramount+,FLATRATE
ts390555,In the Arena: Serena Williams,2024,show,1,true,true,false,false,Disney+,FLATRATE
ts455054,Saudi Pro League: Kickoff,2024,show,1,true,true,false,false,Netflix,FLATRATE
ts460170,A Team Called SPAIN: The Road to the Fourth Win,2024,show,1,true,true,false,false,Amazon Prime Video,FLATRATE
ts417105,Tonbo!,2024,show,1,true,true,false,false,Amazon Prime Video,ADS|FLATRATE
ts426318,Together: Treble Winners,2024,show,1,true,true,false,false,Netflix,FLATRATE
ts443220,Uninterrupted's Top Class Tennis,2024,show,1,true,true,false,false,Amazon Prime Video,ADS|FLATRATE
tm1468819,My Next Guest with David Letterman and John Mulaney,2024,movie,1,true,true,false,false,Netflix,FLATRATE
tm1577468,Squid Game: Fireplace,2024,movie,1,true,true,false,false,Netflix,FLATRATE
tm1341971,The 30th Annual Screen Actors Guild Awards,2024,movie,0,false,false,false,false,,
tm1499800,Chestnut vs. Kobayashi: Unfinished Beef,2024,movie,1,true,true,false,false,Netflix,FLATRATE
tm1452139,Chappelle's Home Team - Donnell Rawlings: A New Day,2024,movie,1,true,true,false,false,Netflix,FLATRATE
tm1412340,81st Golden Globe Awards,2024,movie,0,false,false,false,false,,
tm1575090,2024 Back That Year Up with Kevin Hart & Kenan Thompson,2024,movie,1,true,true,false,false,Peacock,FLATRATE
tm1419688,"I'm ""George Lucas"": A Connor Ratliff Story",2024,movie,0,false,false,true,false,,BUY|RENT
tm1441253,Meet Me in Rome,2024,movie,0,false,false,false,false,,ADS
tm1535339,"An Oprah Special: The Presleys - Elvis, Lisa Marie and Riley",2024,movie,0,false,false,false,false,,
tm837459,Five Gold Rings,2024,movie,1,true,true,false,false,Hallmark+,FLATRATE
tm1530314,Colin Jost & Michael Che Present: New York After Dark,2024,movie,1,true,true,false,false,Peacock,FLATRATE
tm1500470,Spyral,2024,movie,0,false,false,false,false,,
tm1461646,"An Oprah Special: Shame, Blame and the Weight Loss Revolution",2024,movie,1,true,true,false,false,Disney+,FLATRATE
tm1356645,Verified,2024,movie,0,false,false,false,false,,ADS
tm1571364,TMZ Investigates: Liam Payne: Who's to Blame?,2024,movie,0,false,false,true,false,,ADS|BUY|FREE|RENT
tm1559427,The Real Tax Bosses of Texas,2024,movie,0,false,false,false,false,,ADS
tm1619237,Paranormal Encounters at the Miami YMCA,2024,movie,0,false,false,false,false,,FREE
tm1509244,Wet Dreams,2024,movie,0,false,false,false,false,,FREE
ts114104,The Floor,2024,show,2,true,false,false,false,FOX One|Hulu,ADS|BUY|FLATRATE|FREE
ts426186,24 in 24: Last Chef Standing,2024,show,2,true,false,false,false,Discovery+|Max,ADS|BUY|FLATRATE|FREE
ts430913,Zillow Gone Wild,2024,show,2,true,false,false,false,Discovery+|Max,ADS|BUY|FLATRATE|FREE
ts425724,The Valley,2024,show,1,true,true,false,false,Peacock,BUY|FLATRATE|FREE
ts453647,The Last Woodsmen,2024,show,4,true,false,false,false,Discovery+|Disney+|Hulu|Max,BUY|FLATRATE|FREE
ts421349,Culinary Class Wars,2024,show,1,true,true,false,false,Netflix,FLATRATE
ts438507,Harry Potter: Wizards of Baking,2024,show,2,true,false,false,false,Discovery+|Max,ADS|BUY|FLATRATE|FREE
ts431822,Beast Games,2024,show,1,true,true,false,false,Amazon Prime Video,ADS|FLATRATE
ts445845,Scariest House in America,2024,show,2,true,false,false,false,Discovery+|Max,ADS|BUY|FLATRATE|FREE
ts423084,The McBee Dynasty: Real American Cowboys,2024,show,1,true,true,false,false,Peacock,BUY|FLATRATE|FREE
ts414670,The Trust,2024,show,1,true,true,false,false,Netflix,FLATRATE
ts412528,Agents of Mystery,2024,show,1,true,true,false,false,Netflix,FLATRATE
ts418408,The Influencer,2024,show,1,true,true,false,false,Netflix,FLATRATE
ts420050,Vanderpump Villa,2024,show,2,true,false,false,false,Disney+|Hulu,FLATRATE
ts396266,Deal or No Deal Island,2024,show,1,true,true,false,false,Peacock,FLATRATE
ts420989,The Golden Bachelorette,2024,show,0,false,false,true,false,,BUY
ts434526,Owning Manhattan,2024,show,1,true,true,false,false,Netflix,FLATRATE
ts446250,Cabin in the Woods,2024,show,2,true,false,false,false,Discovery+|Max,ADS|BUY|FLATRATE|FREE
ts408408,The 1% Club (US),2024,show,1,true,true,false,false,Amazon Prime Video,BUY|FLATRATE
ts420839,Wildcard Kitchen,2024,show,2,true,false,false,false,Discovery+|Max,ADS|BUY|FLATRATE|FREE
ts448258,Last Bite Hotel,2024,show,2,true,false,false,false,Discovery+|Max,ADS|BUY|FLATRATE|FREE
ts436600,Forbidden Love,2024,show,3,true,false,false,false,Discovery+|Kocowa|Max,BUY|FLATRATE|FREE
ts428747,The Anonymous,2024,show,0,false,false,false,false,,FLATRATE|FREE
ts417608,After Midnight,2024,show,0,false,false,false,false,,
ts428336,Gypsy Rose: Life After Lock Up,2024,show,4,true,false,false,false,Amazon Prime Video|Disney+|Hulu|Lifetime Movie Club,ADS|BUY|FLATRATE|FREE
ts424229,The Magic Prank Show with Justin Willman,2024,show,1,true,true,false,false,Netflix,FLATRATE
ts446549,Elisabeth Rioux: Unfiltered,2024,show,1,true,true,false,false,Amazon Prime Video,FLATRATE
ts453058,Uzak Sehir,2024,show,1,true,true,false,false,Peacock,FLATRATE
ts411558,The Great Indian Kapil Show,2024,show,1,true,true,false,false,Netflix,FLATRATE
ts401806,Love Island: All Stars,2024,show,1,true,true,false,false,Peacock,FLATRATE
tm1405561,Caligula: The Ultimate Cut,2024,movie,0,false,false,false,false,,BUY|CINEMA|FREE
tm825171,Rob Peace,2024,movie,1,true,true,false,false,Netflix,BUY|CINEMA|FLATRATE|RENT
tm533814,The Book of Clarence,2024,movie,2,true,false,false,false,Disney+|Hulu,BUY|CINEMA|FLATRATE|RENT
tm1571741,Embassy of the Free Mind,2024,movie,1,true,true,false,false,Amazon Prime Video,BUY|FLATRATE|FREE|RENT
tm1522009,Joy,2024,movie,1,true,true,false,false,Netflix,CINEMA|FLATRATE
tm1349035,Finally Dawn,2024,movie,1,true,true,false,false,Amazon Prime Video,ADS|BUY|CINEMA|FLATRATE|FREE|RENT
tm1438918,Des Teufels Bad,2024,movie,2,true,false,false,false,AMC+|Shudder,BUY|CINEMA|FLATRATE|RENT
tm1286104,Firebrand,2024,movie,2,true,false,false,false,Disney+|Hulu,BUY|CINEMA|FLATRATE|RENT
tm1450631,Apollo 13: Survival,2024,movie,1,true,true,false,false,Netflix,FLATRATE
tm1101725,Reagan,2024,movie,0,false,false,false,false,,BUY|CINEMA|RENT
tm1412203,Bonhoeffer: Pastor. Spy. Assassin,2024,movie,1,true,true,false,false,Angel Studios,BUY|CINEMA|FLATRATE|RENT
tm1365333,Cabrini,2024,movie,1,true,true,false,false,Angel Studios,BUY|CINEMA|FLATRATE|RENT
tm1553496,Saint-Ex,2024,movie,0,false,false,false,false,,
tm1592353,Drop Dead City,2024,movie,0,false,false,true,false,,RENT
tm1463101,An American Bombing: The Road to April 19th,2024,movie,1,true,true,false,false,Max,FLATRATE
tm1527779,"Carville: Winning Is Everything, Stupid",2024,movie,0,false,false,false,false,,BUY|CINEMA|RENT
tm1231634,Shirley,2024,movie,1,true,true,false,false,Netflix,CINEMA|FLATRATE
tm1439904,The Harlem Hellfighters: Unsung Heroes,2024,movie,1,true,true,false,false,Netflix,ADS|BUY|FLATRATE|FREE|RENT
tm1517396,Vermiglio,2024,movie,1,true,true,false,false,Criterion Channel,BUY|CINEMA|FLATRATE|FREE|RENT
tm1487297,America's Burning,2024,movie,1,true,true,false,false,Amazon Prime Video,BUY|CINEMA|FLATRATE|RENT
tm1451198,Kingudamu 4: Daishôgun no kikan,2024,movie,1,true,true,false,false,Netflix,FLATRATE
tm1455698,Mysteries of the Terracotta Warriors,2024,movie,1,true,true,false,false,Netflix,FLATRATE
tm1539238,11 no Zokugun,2024,movie,1,true,true,false,false,Hi-YAH,ADS|BUY|FLATRATE|FREE|RENT
tm1379831,Baltimore,2024,movie,0,false,false,false,false,,BUY|CINEMA|RENT
ts322378,Manhunt,2024,show,1,true,true,false,false,Apple TV+,FLATRATE
ts386368,Shardlake,2024,show,2,true,false,false,false,Disney+|Hulu,FLATRATE
ts424120,Testament: The Story of Moses,2024,show,1,true,true,false,false,Netflix,FLATRATE
ts418197,Elkhorn,2024,show,2,true,false,false,false,Amazon Prime Video|Runtime,ADS|BUY|FLATRATE
ts433327,Pirates: Behind the Legends,2024,show,1,true,true,false,false,Disney+,ADS|FLATRATE|FREE
ts365480,Uncle Samsik,2024,show,2,true,false,false,false,Disney+|Hulu,FLATRATE
ts451504,Abandoned Railways from Above,2024,show,1,true,true,false,false,Amazon Prime Video,ADS|FLATRATE
ts344267,Franklin,2024,show,1,true,true,false,false,Apple TV+,FLATRATE
ts423062,ARA San Juan: El submarino que desapareció,2024,show,1,true,true,false,false,Netflix,FLATRATE
ts432579,The Decameron,2024,show,1,true,true,false,false,Netflix,FLATRATE
ts458255,Lost Treasures of the Bible,2024,show,2,true,false,false,false,Disney+|Hulu,ADS|BUY|FLATRATE|FREE
ts367161,Supersex,2024,show,1,true,true,false,false,Netflix,FLATRATE
ts370029,Children of the Church Steps,2024,show,1,true,true,false,false,Netflix,FLATRATE
ts417785,Valle Salvaje,2024,show,0,false,false,false,false,,
ts448155,Cromañon,2024,show,1,true,true,false,false,Amazon Prime Video,FLATRATE
ts317510,Cristóbal Balenciaga,2024,show,2,true,false,false,false,Disney+|Hulu,FLATRATE
ts385232,Nige jôzu no wakagimi,2024,show,1,true,true,false,false,Crunchyroll,BUY|FLATRATE
ts404429,Judge Dee's Mystery,2024,show,1,true,true,false,false,Netflix,FLATRATE
ts432353,Hitler and the Nazis: Evil on Trial,2024,show,1,true,true,false,false,Netflix,FLATRATE
ts424584,Becoming Karl Lagerfeld,2024,show,2,true,false,false,false,Disney+|Hulu,FLATRATE
ts424153,Mysteries Unearthed with Danny Trejo,2024,show,3,true,false,false,false,Disney+|HISTORY Vault|Hulu,BUY|FLATRATE|FREE
ts393852,Secuestro del vuelo 601,2024,show,1,true,true,false,false,Netflix,FLATRATE
ts444674,Golden Kamuy -The Hunt of Prisoners in Hokkaido-,2024,show,1,true,true,false,false,Netflix,FLATRATE
ts363135,Vow of Silence: The Assassination of Annie Mae,2024,show,2,true,false,false,false,Disney+|Hulu,FLATRATE
tm1524174,Rich Flu,2024,movie,0,false,false,true,false,,BUY|RENT
tm1433803,Lola,2024,movie,0,false,false,true,false,,BUY|RENT
tm1087250,Distant,2024,movie,0,false,false,false,false,,
tm1514444,Year 10,2024,movie,2,true,false,false,false,Amazon Prime Video|Bloodstream,ADS|BUY|CINEMA|FLATRATE|FREE|RENT
tm1265635,Kingdom of the Planet of the Apes,2024,movie,2,true,false,false,false,Disney+|Hulu,BUY|CINEMA|FLATRATE|RENT
tm1071988,Time Cut,2024,movie,1,true,true,false,false,Netflix,FLATRATE
tm1507990,Hell Hole,2024,movie,2,true,false,false,false,AMC+|Shudder,BUY|FLATRATE|RENT
tm1546551,The Trail,2024,movie,1,true,true,false,false,IndiePix Unlimited,ADS|BUY|FLATRATE|FREE|RENT
tm1475932,Werewolves,2024,movie,2,true,false,false,false,Disney+|Hulu,BUY|CINEMA|FLATRATE|RENT
tm1534094,Mountain Shark,2024,movie,1,true,true,false,false,Amazon Prime Video,ADS|BUY|FLATRATE|RENT
tm1427685,Vampire Zombies... From Space!,2024,movie,3,true,false,false,false,IndiePix Unlimited|Midnight Pulp|Troma NOW,ADS|BUY|FLATRATE|FREE|RENT
tm1492101,Elevation,2024,movie,3,true,false,false,false,Acorn TV|Cinemax|Max,BUY|CINEMA|FLATRATE|RENT
tm1296228,Talchul: Project Silence,2024,movie,2,true,false,false,false,Amazon Prime Video|Rakuten Viki,ADS|BUY|CINEMA|FLATRATE|FREE|RENT
tm1536685,The Fix,2024,movie,1,true,true,false,false,Amazon Prime Video,ADS|BUY|FLATRATE|FREE|RENT
tm1444847,Y2K,2024,movie,3,true,false,false,false,Acorn TV|Cinemax|Max,BUY|CINEMA|FLATRATE|RENT
tm1386943,The Hyperborean,2024,movie,1,true,true,false,false,Amazon Prime Video,BUY|FLATRATE|FREE|RENT
tm1436120,Code 8 Part II,2024,movie,1,true,true,false,false,Netflix,FLATRATE
tm1482556,El hoyo 2,2024,movie,1,true,true,false,false,Netflix,FLATRATE
tm1416434,Slingshot,2024,movie,1,true,true,false,false,Paramount+,BUY|CINEMA|FLATRATE|FREE|RENT
tm1514153,Rebel Moon — Part One: Director’s Cut,2024,movie,1,true,true,false,false,Netflix,FLATRATE
ts433872,Earth Abides,2024,show,1,true,true,false,false,MGM+,FLATRATE
ts367870,Families Like Ours,2024,show,1,true,true,false,false,Netflix,FLATRATE
ts329082,Jongmalui Babo,2024,show,1,true,true,false,false,Netflix,FLATRATE
ts429685,Desde el mañana,2024,show,2,true,false,false,false,Disney+|Hulu,FLATRATE
ts447354,OUT THERE: Crimes of the Paranormal,2024,show,2,true,false,false,false,Disney+|Hulu,FLATRATE
ts330653,Sunny,2024,show,1,true,true,false,false,Apple TV+,FLATRATE
ts370654,Citadel: Diana,2024,show,1,true,true,false,false,Amazon Prime Video,FLATRATE
tm1374272,The Dead Don't Hurt,2024,movie,1,true,true,false,false,Paramount+,BUY|CINEMA|FLATRATE|FREE|RENT
tm1297596,The Thicket,2024,movie,1,true,true,false,false,Amazon Prime Video,ADS|BUY|CINEMA|FLATRATE|FREE|RENT
tm1471885,Place of Bones,2024,movie,0,false,false,false,false,,ADS|BUY|CINEMA|RENT
tm1373904,The Outlaws,2024,movie,2,true,false,false,false,Amazon Prime Video|Paramount+,ADS|BUY|FLATRATE|FREE|RENT
tm1208214,Golden Kamuy,2024,movie,1,true,true,false,false,Netflix,FLATRATE
tm1495571,Desert Fiends,2024,movie,1,true,true,false,false,Amazon Prime Video,ADS|BUY|FLATRATE|FREE|RENT
tm1522523,Black Creek,2024,movie,1,true,true,false,false,Amazon Prime Video,ADS|BUY|FLATRATE|RENT
tm1439839,The Rogue's Trial,2024,movie,1,true,true,false,false,Amazon Prime Video,FLATRATE
tm1140265,Eureka,2024,movie,1,true,true,false,false,MUBI,BUY|FLATRATE|RENT
tm1531329,Wynonna Earp: Vengeance,2024,movie,0,false,false,false,false,,ADS
tm1543593,Ghosts of Red Ridge,2024,movie,1,true,true,false,false,Amazon Prime Video,ADS|BUY|FLATRATE|FREE|RENT
tm1571419,The Dakota War: Chase,2024,movie,1,true,true,false,false,Amazon Prime Video,ADS|BUY|FLATRATE|RENT
tm1564769,Guns Blazin,2024,movie,1,true,true,false,false,Amazon Prime Video,ADS|BUY|FLATRATE|RENT
tm1366882,Buffalo Kids,2024,movie,1,true,true,false,false,Wonder Project,BUY|CINEMA|FLATRATE|FREE|RENT
tm1439115,Eye for an Eye 2,2024,movie,2,true,false,false,false,Amazon Prime Video|Hi-YAH,ADS|BUY|FLATRATE|FREE|RENT
tm1373602,My Redneck Neighbor: Chapter 1 - The Rednecks Are Coming,2024,movie,1,true,true,false,false,IndiePix Unlimited,BUY|FLATRATE|RENT
tm1424912,Thine Ears Shall Bleed,2024,movie,0,false,false,true,false,,ADS|BUY|FREE|RENT
tm819482,The Ballad of Davy Crockett,2024,movie,0,false,false,false,false,,ADS|BUY|CINEMA|FREE|RENT
tm1437045,Outlaw Posse,2024,movie,1,true,true,false,false,Paramount+,BUY|CINEMA|FLATRATE|FREE|RENT
tm1534765,Seven Cemeteries,2024,movie,1,true,true,false,false,Amazon Prime Video,ADS|BUY|CINEMA|FLATRATE|FREE|RENT
tm1384611,Fyre Rises,2024,movie,0,false,false,true,false,,BUY|RENT
tm1450707,Taken from Rio Bravo,2024,movie,1,true,true,false,false,Amazon Prime Video,ADS|BUY|FLATRATE|RENT
tm1425427,The Night They Came Home,2024,movie,2,true,false,false,false,Amazon Prime Video|MovieSphere+,ADS|BUY|CINEMA|FLATRATE|RENT
tm1123096,Paradise,2024,movie,0,false,false,false,false,,ADS
tm1439487,Calamity Jane,2024,movie,1,true,true,false,false,Amazon Prime Video,ADS|BUY|FLATRATE|FREE|RENT
tm1058050,In Search of Bass Reeves,2024,movie,0,false,false,true,false,,ADS|BUY|FREE|RENT
tm1580006,LOVE LOVE,2024,movie,0,false,false,true,false,,BUY|FREE|RENT
tm1537293,DETLEV,2024,movie,0,false,false,false,false,,FREE
tm1163281,Last Flamingo of the Red Summer Sunset,2024,movie,0,false,false,false,false,,ADS|FREE
tm1350243,Malaikottai Vaaliban,2024,movie,1,true,true,false,false,Hulu,CINEMA|FLATRATE
tm1213508,Escanyapobres,2024,movie,1,true,true,false,false,Amazon Prime Video,ADS|BUY|FLATRATE|RENT
tm1564652,Was Once a Hero,2024,movie,1,true,true,false,false,Amazon Prime Video,ADS|BUY|FREE|RENT
tm1525656,Bolero,2024,movie,1,true,true,false,false,Troma NOW,ADS|BUY|FLATRATE
tm1494473,Once Upon a Time in Amityville,2024,movie,0,false,false,true,false,,ADS|BUY|FREE|RENT
tm1543647,Unnatural,2024,movie,0,false,false,true,false,,ADS|BUY|FREE|RENT
tm1511855,Silent Thunder,2024,movie,0,false,false,true,false,,BUY|FREE|RENT
tm1474279,Doc Holliday 2,2024,movie,1,true,true,false,false,Amazon Prime Video,ADS|BUY|FLATRATE|RENT
tm1509096,Buried on Shine Mountain,2024,movie,0,false,false,false,false,,ADS|FREE
tm1087074,Dandilicious,2024,movie,0,false,false,true,false,,BUY|RENT
tm1508229,Mash Ville,2024,movie,0,false,false,true,false,,BUY|RENT
tm1468187,The Guardsmen,2024,movie,1,true,true,false,false,Amazon Prime Video,ADS|BUY|FLATRATE|RENT
tm1554475,Lady Outlaw,2024,movie,0,false,false,true,false,,ADS|BUY|FREE|RENT
tm1358621,The Cowboy Capital,2024,movie,0,false,false,true,false,,ADS|BUY|FREE|RENT
tm1474277,Doc Holliday 3,2024,movie,1,true,true,false,false,Amazon Prime Video,ADS|BUY|FLATRATE|RENT
tm1233829,Coyote Woman,2024,movie,0,false,false,true,false,,ADS|BUY|FREE|RENT
ts400210,Territory,2024,show,1,true,true,false,false,Netflix,FLATRATE
ts441284,Wyatt Earp and the Cowboy War,2024,show,1,true,true,false,false,Netflix,FLATRATE
ts411972,The Tall Tales of Jim Bridger,2024,show,1,true,true,false,false,Amazon Prime Video,ADS|BUY|FLATRATE
ts354653,Zorro,2024,show,1,true,true,false,false,Amazon Prime Video,FLATRATE
ts368869,Zorro,2024,show,0,false,false,false,false,,
ts458459,Desperate Mrs. Seonju,2024,show,2,true,false,false,false,Kocowa|OnDemandKorea,FLATRATE
ts422741,MechWest,2024,show,1,true,true,false,false,Angel Studios,ADS|FLATRATE
tm523630,The Super Mario Bros. Movie,2023,movie,1,true,true,false,false,Peacock,BUY|CINEMA|FLATRATE|RENT
tm363803,Dungeons & Dragons: Honor Among Thieves,2023,movie,1,true,true,false,false,Paramount+,BUY|CINEMA|FLATRATE|RENT
tm1028203,Poor Things,2023,movie,1,true,true,false,false,Netflix,BUY|CINEMA|FLATRATE|RENT
tm1248491,Wildflower,2023,movie,1,true,true,false,false,Amazon Prime Video,ADS|FLATRATE
tm1302691,BlackBerry,2023,movie,3,true,false,false,false,AMC+|Netflix|Sundance Now,BUY|CINEMA|FLATRATE|FREE|RENT
tm1165150,"Are You There God? It's Me, Margaret.",2023,movie,1,true,true,false,false,Amazon Prime Video,BUY|CINEMA|FLATRATE|RENT
tm1236121,No Hard Feelings,2023,movie,2,true,false,false,false,Hulu|Max,BUY|CINEMA|FLATRATE|RENT
tm1261131,The Holdovers,2023,movie,0,false,false,false,false,,BUY|CINEMA|RENT
tm244331,Barbie,2023,movie,1,true,true,false,false,Max,BUY|CINEMA|FLATRATE|RENT
tm1334269,Anyone But You,2023,movie,2,true,false,false,false,Disney+|Hulu,BUY|CINEMA|FLATRATE|FREE|RENT
tm1149004,Beau Is Afraid,2023,movie,0,false,false,false,false,,BUY|CINEMA|FREE|RENT
tm1262912,Pinball: The Man Who Saved the Game,2023,movie,3,true,false,false,false,Amazon Prime Video|Disney+|Hulu,ADS|BUY|FLATRATE|FREE|RENT
tm1303915,Bottoms,2023,movie,0,false,false,false,false,,BUY|CINEMA|RENT
tm1349029,Saltburn,2023,movie,1,true,true,false,false,Amazon Prime Video,BUY|CINEMA|FLATRATE|RENT
tm1293137,Dream Scenario,2023,movie,0,false,false,false,false,,BUY|CINEMA|RENT
tm1241596,The Blackening,2023,movie,1,true,true,false,false,Amazon Prime Video,ADS|BUY|CINEMA|FLATRATE|RENT
tm1303224,Theater Camp,2023,movie,2,true,false,false,false,Disney+|Hulu,BUY|CINEMA|FLATRATE|RENT
tm1284824,Bad Behaviour,2023,movie,1,true,true,false,false,Amazon Prime Video,ADS|BUY|CINEMA|FLATRATE|FREE|RENT
tm1068411,Operation Fortune: Ruse de Guerre,2023,movie,0,false,false,false,false,,BUY|CINEMA|RENT
tm1322774,Jules,2023,movie,0,false,false,false,false,,ADS|BUY|CINEMA|FREE|RENT
tm1316121,Dumb Money,2023,movie,2,true,false,false,false,Disney+|Hulu,BUY|CINEMA|FLATRATE|RENT
tm1405524,The Family Plan,2023,movie,1,true,true,false,false,Apple TV+,FLATRATE
tm1326446,Robots,2023,movie,1,true,true,false,false,Disney+,BUY|CINEMA|FLATRATE|FREE|RENT
tm1187540,Asteroid City,2023,movie,1,true,true,false,false,Peacock,ADS|BUY|CINEMA|FLATRATE|RENT
tm1375799,American Fiction,2023,movie,0,false,false,false,false,,BUY|CINEMA|RENT
tm1241548,I Like Movies,2023,movie,1,true,true,false,false,Amazon Prime Video,ADS|BUY|FLATRATE|FREE|RENT
tm1361536,Quiz Lady,2023,movie,2,true,false,false,false,Disney+|Hulu,ADS|FLATRATE
tm1388021,Film Geek,2023,movie,1,true,true,false,false,Max,FLATRATE
tm1334547,May December,2023,movie,1,true,true,false,false,Netflix,CINEMA|FLATRATE
tm1275386,Renfield,2023,movie,1,true,true,false,false,Peacock,BUY|CINEMA|FLATRATE|RENT
tm1382519,Candy Cane Lane,2023,movie,1,true,true,false,false,Amazon Prime Video,ADS|BUY|CINEMA|FLATRATE
tm993076,Wonka,2023,movie,3,true,false,false,false,Acorn TV|Cinemax|Max,BUY|CINEMA|FLATRATE|RENT
tm1332147,Vacation Friends 2,2023,movie,2,true,false,false,false,Disney+|Hulu,ADS|FLATRATE
tm1327803,Sid Is Dead,2023,movie,1,true,true,false,false,Amazon Prime Video,ADS|BUY|CINEMA|FLATRATE|FREE|RENT
tm1353843,The Great Escaper,2023,movie,0,false,false,true,false,,BUY|FLATRATE|RENT
tm846390,Shazam! Fury of the Gods,2023,movie,3,true,false,false,false,Acorn TV|Cinemax|Max,BUY|CINEMA|FLATRATE|RENT
tm1172801,Migration,2023,movie,1,true,true,false,false,Amazon Prime Video,BUY|CINEMA|FLATRATE|RENT
tm1233552,The Wrath of Becky,2023,movie,1,true,true,false,false,Netflix,BUY|CINEMA|FLATRATE|FREE|RENT
tm1074575,Teenage Mutant Ninja Turtles: Mutant Mayhem,2023,movie,1,true,true,false,false,Paramount+,BUY|CINEMA|FLATRATE|RENT
tm1239646,Moving On,2023,movie,2,true,false,false,false,Amazon Prime Video|MovieSphere+,ADS|BUY|CINEMA|FLATRATE|FREE|RENT
tm322176,Hidden Strike,2023,movie,1,true,true,false,false,Netflix,FLATRATE
tm1102152,Unwelcome,2023,movie,2,true,false,false,false,AMC+|Shudder,ADS|BUY|FLATRATE|FREE|RENT
tm317636,Guardians of the Galaxy Vol. 3,2023,movie,1,true,true,false,false,Disney+,BUY|CINEMA|FLATRATE|RENT
tm1263992,Joy Ride,2023,movie,2,true,false,false,false,Disney+|Hulu,BUY|CINEMA|FLATRATE|RENT
tm1383783,Konferensen,2023,movie,1,true,true,false,false,Netflix,FLATRATE
tm1337624,La Chimera,2023,movie,2,true,false,false,false,Disney+|Hulu,BUY|CINEMA|FLATRATE|FREE|RENT
tm1336615,It's a Wonderful Knife,2023,movie,2,true,false,false,false,AMC+|Shudder,BUY|CINEMA|FLATRATE|FREE|RENT
tm1337577,Robot Dreams,2023,movie,2,true,false,false,false,Disney+|Hulu,BUY|CINEMA|FLATRATE|FREE|RENT
tm1238886,Teen Wolf: The Movie,2023,movie,0,false,false,false,false,,
tm1389565,The Last Video Store,2023,movie,2,true,false,false,false,AMC+|Shudder,BUY|FLATRATE|RENT
ts296145,Beef,2023,show,1,true,true,false,false,Netflix,FLATRATE
ts314105,Shrinking,2023,show,1,true,true,false,false,Apple TV+,FLATRATE
ts368035,Jury Duty,2023,show,1,true,true,false,false,Amazon Prime Video,ADS|FLATRATE
ts255424,ONE PIECE,2023,show,1,true,true,false,false,Netflix,FLATRATE
ts295139,Deadloch,2023,show,1,true,true,false,false,Amazon Prime Video,FLATRATE
ts364792,Frieren: Beyond Journey's End,2023,show,4,true,false,false,false,Crunchyroll|Disney+|Hulu|Netflix,BUY|FLATRATE
ts329451,Will Trent,2023,show,2,true,false,false,false,Disney+|Hulu,BUY|FLATRATE|FREE
ts412378,The Amazing Digital Circus,2023,show,1,true,true,false,false,Netflix,FLATRATE
ts287786,My Adventures with Superman,2023,show,1,true,true,false,false,Max,ADS|BUY|FLATRATE
ts154194,Animal Control,2023,show,4,true,false,false,false,Disney+|FOX One|Hulu|Netflix,BUY|FLATRATE|FREE
ts259177,Gen V,2023,show,1,true,true,false,false,Amazon Prime Video,ADS|BUY|FLATRATE
ts285062,Poker Face,2023,show,1,true,true,false,false,Peacock,BUY|FLATRATE
ts353577,Farming Life in Another World,2023,show,3,true,false,false,false,Disney+|Hidive|Hulu,ADS|BUY|FLATRATE
ts10738,Extraordinary,2023,show,2,true,false,false,false,Disney+|Hulu,FLATRATE
ts293033,"XO, Kitty",2023,show,1,true,true,false,false,Netflix,FLATRATE
ts256514,Platonic,2023,show,1,true,true,false,false,Apple TV+,FLATRATE
ts346201,Mrs. Davis,2023,show,1,true,true,false,false,Peacock,BUY|FLATRATE
ts250021,I'm a Virgo,2023,show,1,true,true,false,false,Amazon Prime Video,ADS|FLATRATE
ts349755,Such Brave Girls,2023,show,2,true,false,false,false,Disney+|Hulu,FLATRATE
ts309849,Twisted Metal,2023,show,1,true,true,false,false,Peacock,BUY|FLATRATE
ts409357,Carol & The End of the World,2023,show,1,true,true,false,false,Netflix,FLATRATE
ts269701,The Curse,2023,show,1,true,true,false,false,Paramount+,BUY|FLATRATE
ts451558,Yeah Mad,2023,show,1,true,true,false,false,Amazon Prime Video,ADS|BUY|FLATRATE|FREE
ts387487,SisterS,2023,show,2,true,false,false,false,AMC+|Acorn TV,ADS|BUY|FLATRATE|FREE
ts374373,The Rain in España,2023,show,1,true,true,false,false,Rakuten Viki,ADS|FLATRATE|FREE
ts330474,Goosebumps,2023,show,1,true,true,false,false,Disney+,FLATRATE
ts383893,Slip,2023,show,1,true,true,false,false,Peacock,FLATRATE
ts369448,LEGO Ninjago: Dragons Rising,2023,show,3,true,false,false,false,Amazon Prime Video|Netflix|Peacock,ADS|FAST|FLATRATE
ts363998,Queen of Oz,2023,show,1,true,true,false,false,Amazon Prime Video,FLATRATE
ts295138,Class of '07,2023,show,1,true,true,false,false,Amazon Prime Video,FLATRATE
ts407039,1670,2023,show,1,true,true,false,false,Netflix,FLATRATE
ts395281,Average Joe,2023,show,3,true,false,false,false,BET+|Netflix|Paramount+,BUY|FLATRATE
ts293558,Prens,2023,show,1,true,true,false,false,Max,FLATRATE
ts281536,Krapopolis,2023,show,3,true,false,false,false,Disney+|FOX One|Hulu,BUY|FLATRATE|FREE
ts357039,Trigun Stampede,2023,show,3,true,false,false,false,Crunchyroll|Disney+|Hulu,BUY|FLATRATE
ts294130,Primo,2023,show,1,true,true,false,false,Amazon Prime Video,ADS
ts372177,Obituary,2023,show,2,true,false,false,false,Disney+|Hulu,FLATRATE
ts365058,Digman!,2023,show,2,true,false,false,false,Netflix|Paramount+,BUY|FLATRATE
ts399728,Adventure Time: Fionna and Cake,2023,show,1,true,true,false,false,Max,FLATRATE
ts352651,UnPrisoned,2023,show,2,true,false,false,false,Disney+|Hulu,FLATRATE
ts164699,Lucky Hank,2023,show,0,false,false,true,false,,BUY|FLATRATE
ts393059,The Change,2023,show,1,true,true,false,false,BritBox,FLATRATE
ts308621,Funny Woman,2023,show,0,false,false,true,false,,BUY|FLATRATE
ts360856,Mrs Sidhu Investigates,2023,show,1,true,true,false,false,Acorn TV,BUY|FLATRATE|FREE
ts374450,Night Court,2023,show,1,true,true,false,false,Netflix,BUY|FLATRATE
ts369562,Sausage Party: Foodtopia,2023,show,1,true,true,false,false,Amazon Prime Video,ADS|FLATRATE
ts362796,Yamada-kun to Lv999 no Koi wo Suru,2023,show,1,true,true,false,false,Crunchyroll,BUY|FLATRATE
ts414105,Escort Boys,2023,show,1,true,true,false,false,Amazon Prime Video,FLATRATE
ts383213,Great Kills,2023,show,1,true,true,false,false,Amazon Prime Video,ADS|BUY|FLATRATE|FREE
ts260349,Fubar,2023,show,1,true,true,false,false,Netflix,FLATRATE
tm1178925,Fast Charlie,2023,movie,3,true,false,false,false,Disney+|Hulu|Netflix,BUY|CINEMA|FLATRATE|RENT
tm1345332,Red Rooms,2023,movie,2,true,false,false,false,AMC+|Shudder,BUY|CINEMA|FLATRATE|RENT
tm1337628,Anatomy of a Fall,2023,movie,1,true,true,false,false,Netflix,BUY|CINEMA|FLATRATE|FREE|RENT
tm1198657,The Equalizer 3,2023,movie,2,true,false,false,false,Disney+|Hulu,BUY|CINEMA|FLATRATE|FREE|RENT
tm475372,John Wick: Chapter 4,2023,movie,2,true,false,false,false,AMC+|Max,BUY|CINEMA|FLATRATE|RENT
tm1284563,Infinity Pool,2023,movie,0,false,false,true,false,,ADS|BUY|FREE|RENT
tm327233,Killers of the Flower Moon,2023,movie,1,true,true,false,false,Apple TV+,BUY|CINEMA|FLATRATE|RENT
tm1390014,Stolen Baby: The Murder of Heidi Broussard,2023,movie,4,true,false,false,false,Disney+|Hulu|Lifetime Movie Club|Netflix,ADS|BUY|FLATRATE|FREE|RENT
tm1364827,Finestkind,2023,movie,1,true,true,false,false,Paramount+,BUY|FLATRATE|RENT
tm1350546,The Channel,2023,movie,3,true,false,false,false,Amazon Prime Video|Disney+|Hulu,ADS|BUY|CINEMA|FLATRATE|FREE|RENT
tm311752,Fast X,2023,movie,1,true,true,false,false,Peacock,ADS|BUY|CINEMA|FLATRATE|RENT
tm512536,Sound of Freedom,2023,movie,2,true,false,false,false,Amazon Prime Video|Angel Studios,BUY|CINEMA|FLATRATE|RENT
tm1241696,How to Blow Up a Pipeline,2023,movie,2,true,false,false,false,Disney+|Hulu,BUY|CINEMA|FLATRATE|FREE|RENT
tm1403981,Breakwater,2023,movie,1,true,true,false,false,Amazon Prime Video,ADS|BUY|CINEMA|FLATRATE|FREE|RENT
tm1375425,Silent Night,2023,movie,3,true,false,false,false,Disney+|Hulu|MovieSphere+,BUY|CINEMA|FAST|FLATRATE|RENT
tm1273616,A Haunting in Venice,2023,movie,2,true,false,false,false,Disney+|Hulu,BUY|CINEMA|FLATRATE|RENT
tm1141984,The Marsh King's Daughter,2023,movie,1,true,true,false,false,Peacock,ADS|BUY|CINEMA|FLATRATE|RENT
tm1197926,Lies We Tell,2023,movie,2,true,false,false,false,Amazon Prime Video|Netflix,ADS|BUY|FLATRATE|FREE|RENT
tm1513181,Devil in the Ozarks,2023,movie,2,true,false,false,false,Discovery+|Max,FLATRATE
tm1221881,Simulant,2023,movie,2,true,false,false,false,Disney+|Hulu,BUY|CINEMA|FLATRATE|FREE|RENT
tm1187624,To Catch a Killer,2023,movie,2,true,false,false,false,Disney+|Hulu,BUY|CINEMA|FLATRATE|RENT
tm1383970,Tell Them You Love Me,2023,movie,1,true,true,false,false,Netflix,BUY|FLATRATE|RENT
tm1297916,Kill Boksoon,2023,movie,1,true,true,false,false,Netflix,FLATRATE
tm1298876,The Girl Who Escaped: The Kara Robinson Story,2023,movie,3,true,false,false,false,Disney+|Hulu|Lifetime Movie Club,ADS|BUY|FLATRATE|FREE|RENT
tm1270584,A Thousand and One,2023,movie,1,true,true,false,false,Peacock,ADS|BUY|CINEMA|FLATRATE|RENT
tm1299143,The Killer,2023,movie,1,true,true,false,false,Netflix,CINEMA|FLATRATE
tm1299411,Satan Wants You,2023,movie,1,true,true,false,false,Amazon Prime Video,ADS|BUY|CINEMA|FLATRATE|FREE|RENT
tm1380401,The Devil on Trial,2023,movie,1,true,true,false,false,Netflix,FLATRATE
tm1284033,Dogman,2023,movie,0,false,false,false,false,,BUY|CINEMA|RENT
tm1259479,Sun and Concrete,2023,movie,0,false,false,true,false,,BUY
tm1338633,Against All Enemies,2023,movie,0,false,false,true,false,,ADS|BUY|FREE|RENT
tm1307980,Barber,2023,movie,3,true,false,false,false,Amazon Prime Video|Disney+|Hulu,ADS|BUY|CINEMA|FLATRATE|FREE|RENT
tm1286083,In the Land of Saints and Sinners,2023,movie,2,true,false,false,false,Amazon Prime Video|MGM+,BUY|CINEMA|FLATRATE|FREE|RENT
tm1272725,The Fire That Took Her,2023,movie,1,true,true,false,false,Paramount+,BUY|FLATRATE|RENT
tm1297591,Maggie Moore(s),2023,movie,3,true,false,false,false,Amazon Prime Video|Disney+|Hulu,ADS|BUY|CINEMA|FLATRATE|RENT
tm1205347,Cocaine Bear,2023,movie,1,true,true,false,false,Peacock,BUY|CINEMA|FLATRATE|RENT
tm1297167,Amber: The Girl Behind the Alert,2023,movie,1,true,true,false,false,Peacock,FLATRATE
tm1358436,Rub,2023,movie,0,false,false,true,false,,ADS|BUY|FREE|RENT
tm1298875,Hoax: The Kidnapping of Sherri Papini,2023,movie,2,true,false,false,false,Lifetime Movie Club|Netflix,BUY|FLATRATE|FREE|RENT
tm1321474,AKA,2023,movie,1,true,true,false,false,Netflix,FLATRATE
tm1306644,Coup de Chance,2023,movie,1,true,true,false,false,Amazon Prime Video,ADS|BUY|CINEMA|FLATRATE|RENT
tm1325142,Incident,2023,movie,0,false,false,false,false,,FREE
tm1382988,Amish Stud: The Eli Weaver Story,2023,movie,2,true,false,false,false,Lifetime Movie Club|Netflix,BUY|FLATRATE|FREE|RENT
tm1349632,Gold Brick,2023,movie,1,true,true,false,false,Netflix,FLATRATE
tm1373809,Scouts Honor: The Secret Files of the Boy Scouts of America,2023,movie,1,true,true,false,false,Netflix,FLATRATE
tm1333133,Fall Guy,2023,movie,0,false,false,true,false,,BUY|FREE|RENT
tm1255310,Leo,2023,movie,1,true,true,false,false,Netflix,CINEMA|FLATRATE
ts91583,Citadel,2023,show,1,true,true,false,false,Amazon Prime Video,ADS|FLATRATE
ts382020,Mean Girl Murders,2023,show,4,true,false,false,false,Discovery+|Disney+|Hulu|Max,ADS|BUY|FLATRATE|FREE
ts379172,Blue Lights,2023,show,1,true,true,false,false,BritBox,BUY|FLATRATE
ts330080,NCIS: Sydney,2023,show,1,true,true,false,false,Paramount+,BUY|FLATRATE|FREE
ts357650,Beyond Paradise,2023,show,1,true,true,false,false,BritBox,BUY|FLATRATE|FREE
ts379313,The Gold,2023,show,0,false,false,true,false,,BUY|FLATRATE
ts379982,The Law According to Lidia Poët,2023,show,1,true,true,false,false,Netflix,FLATRATE
ts326764,Berlín,2023,show,1,true,true,false,false,Netflix,FLATRATE
ts306157,Full Circle,2023,show,1,true,true,false,false,Max,FLATRATE
ts300540,Bloodhounds,2023,show,1,true,true,false,false,Netflix,FLATRATE
ts407939,The Artful Dodger,2023,show,2,true,false,false,false,Disney+|Hulu,FLATRATE
ts351947,Accused,2023,show,2,true,false,false,false,Disney+|Hulu,ADS|BUY|FLATRATE
ts288230,Love & Death,2023,show,2,true,false,false,false,Max|Netflix,FLATRATE
ts401188,Bodies,2023,show,1,true,true,false,false,Netflix,FLATRATE
ts384143,Wolf,2023,show,2,true,false,false,false,AMC+|Shudder,ADS|BUY|FLATRATE
ts366509,North Shore,2023,show,0,false,false,false,false,,
ts378652,The Gone,2023,show,1,true,true,false,false,Acorn TV,BUY|FLATRATE
ts358227,Malpractice,2023,show,2,true,false,false,false,Disney+|Hulu,BUY|FLATRATE
ts372635,Found,2023,show,2,true,false,false,false,Netflix|Peacock,BUY|FLATRATE
ts387525,Missing: Dead or Alive?,2023,show,1,true,true,false,false,Netflix,FLATRATE
ts288696,The Crowded Room,2023,show,1,true,true,false,false,Apple TV+,FLATRATE
ts58272,The Continental: From the World of John Wick,2023,show,1,true,true,false,false,Peacock,BUY|FLATRATE
ts379878,The Night Manager,2023,show,0,false,false,false,false,,
ts364315,The Vanishing Triangle,2023,show,2,true,false,false,false,AMC+|Acorn TV,ADS|BUY|FLATRATE
ts406094,Get Gotti,2023,show,1,true,true,false,false,Netflix,FLATRATE
ts385411,New Bandits,2023,show,1,true,true,false,false,Amazon Prime Video,FLATRATE
ts391823,That Chapter,2023,show,1,true,true,false,false,Amazon Prime Video,ADS|BUY|FLATRATE|FREE
ts361538,Black Snow,2023,show,3,true,false,false,false,AMC+|Acorn TV|Sundance Now,ADS|BUY|FLATRATE|FREE
ts306737,A Murder at the End of the World,2023,show,2,true,false,false,false,Disney+|Hulu,FLATRATE
ts379575,Who Killed Jill Dando?,2023,show,1,true,true,false,false,Netflix,FLATRATE
ts385573,Dublin Narcos,2023,show,1,true,true,false,false,Hulu,ADS|FLATRATE|FREE
ts393512,Bad Surgeon: Love Under the Knife,2023,show,1,true,true,false,false,Netflix,FLATRATE
ts355870,Dear Child,2023,show,1,true,true,false,false,Netflix,FLATRATE
ts393006,Blood Coast,2023,show,1,true,true,false,false,Netflix,FLATRATE
ts386127,The Couple Next Door,2023,show,1,true,true,false,false,Starz,ADS|BUY|FLATRATE|FREE
ts382837,Scrublands,2023,show,2,true,false,false,false,AMC+|Acorn TV,BUY|FLATRATE|FREE
ts403560,True Crime Story: Citizen Detective,2023,show,2,true,false,false,false,AMC+|Sundance Now,BUY|FLATRATE
ts388270,Pati,2023,show,1,true,true,false,false,Max,FLATRATE
ts373823,The Claremont Murders,2023,show,2,true,false,false,false,AMC+|Acorn TV,BUY|FLATRATE|FREE
ts392067,Fatal Seduction,2023,show,1,true,true,false,false,Netflix,FLATRATE
ts394008,How to Become a Cult Leader,2023,show,1,true,true,false,false,Netflix,FLATRATE
ts392627,Betrayal,2023,show,1,true,true,false,false,Hulu,FLATRATE
ts389790,Barrabrava,2023,show,1,true,true,false,false,Amazon Prime Video,FLATRATE|FREE
tm949044,Spider-Man: Across the Spider-Verse,2023,movie,2,true,false,false,false,Disney+|Max,BUY|CINEMA|FLATRATE|FREE|RENT
tm1189077,Evil Dead Rise,2023,movie,3,true,false,false,false,Acorn TV|Cinemax|Max,BUY|CINEMA|FLATRATE|RENT
tm1371266,All of Us Strangers,2023,movie,0,false,false,false,false,,ADS|BUY|CINEMA|RENT
tm460935,Aquaman and the Lost Kingdom,2023,movie,4,true,false,false,false,Acorn TV|Amazon Prime Video|Cinemax|Max,BUY|CINEMA|FLATRATE|RENT
tm1107422,TwoTwo,2023,movie,1,true,true,false,false,Amazon Prime Video,ADS|BUY|FLATRATE|FREE|RENT
tm565,The Flash,2023,movie,3,true,false,false,false,Acorn TV|Cinemax|Max,BUY|CINEMA|FLATRATE|RENT
tm1388337,A Biltmore Christmas,2023,movie,1,true,true,false,false,Hallmark+,BUY|FLATRATE|FREE|RENT
tm1032104,Shin Kamen Rider,2023,movie,1,true,true,false,false,Amazon Prime Video,CINEMA|FLATRATE
tm1076773,The Last Voyage of the Demeter,2023,movie,0,false,false,false,false,,BUY|CINEMA|RENT
tm1301928,Chupa,2023,movie,1,true,true,false,false,Netflix,CINEMA|FLATRATE
tm1296386,Acid,2023,movie,1,true,true,false,false,Amazon Prime Video,ADS|BUY|FLATRATE|FREE|RENT
tm1334368,The New Boy,2023,movie,2,true,false,false,false,Disney+|Hulu,BUY|CINEMA|FLATRATE|FREE|RENT
tm1318000,The Venture Bros.: Radiant Is the Blood of the Baboon Heart,2023,movie,1,true,true,false,false,Max,BUY|FLATRATE|RENT
tm1301927,The Monkey King,2023,movie,1,true,true,false,false,Netflix,CINEMA|FLATRATE
tm1318739,"Ruby Gillman, Teenage Kraken",2023,movie,1,true,true,false,false,Peacock,ADS|BUY|CINEMA|FLATRATE|RENT
tm1229026,The Boy and the Heron,2023,movie,1,true,true,false,false,Max,BUY|CINEMA|FLATRATE|RENT
tm1054794,Trolls Band Together,2023,movie,1,true,true,false,false,Amazon Prime Video,BUY|CINEMA|FLATRATE|RENT
tm1177047,Haunted Mansion,2023,movie,1,true,true,false,false,Disney+,BUY|CINEMA|FLATRATE|RENT
tm1258312,Moon Garden,2023,movie,3,true,false,false,false,AMC+|Amazon Prime Video|Shudder,ADS|BUY|CINEMA|FLATRATE|FREE|RENT
tm1384686,The Shepherd,2023,movie,1,true,true,false,false,Disney+,FLATRATE
tm1137421,The Imaginary,2023,movie,1,true,true,false,false,Netflix,CINEMA|FLATRATE
tm1366419,The Vourdalak,2023,movie,2,true,false,false,false,AMC+|Shudder,ADS|BUY|CINEMA|FLATRATE|FREE|RENT
tm1048689,The Portable Door,2023,movie,2,true,false,false,false,Amazon Prime Video|MGM+,BUY|FLATRATE
tm1141995,Rebel Moon - Part One: A Child of Fire,2023,movie,1,true,true,false,false,Netflix,CINEMA|FLATRATE
tm1299626,Batman: The Doom That Came to Gotham,2023,movie,1,true,true,false,false,Max,BUY|FLATRATE|RENT
tm1251058,Dashing Through the Snow,2023,movie,1,true,true,false,false,Disney+,FLATRATE
tm1348027,The Paragon,2023,movie,2,true,false,false,false,Amazon Prime Video|Midnight Pulp,ADS|BUY|CINEMA|FLATRATE|FREE|RENT
tm1292243,Le règne animal,2023,movie,2,true,false,false,false,Disney+|Hulu,BUY|CINEMA|FLATRATE|FREE|RENT
tm1261521,Nimona,2023,movie,1,true,true,false,false,Netflix,CINEMA|FLATRATE
tm1254181,Biosphere,2023,movie,3,true,false,false,false,ALLBLK|AMC+|Sundance Now,BUY|CINEMA|FLATRATE|FREE|RENT
tm1348964,Once Upon a Studio,2023,movie,0,false,false,false,false,,
tm1031048,Hello Ghost,2023,movie,1,true,true,false,false,Netflix,FLATRATE
tm1372486,El Conde,2023,movie,1,true,true,false,false,Netflix,CINEMA|FLATRATE
tm266631,Peter Pan & Wendy,2023,movie,1,true,true,false,false,Disney+,FLATRATE
tm1349974,Zom 100: Bucket List of the Dead,2023,movie,1,true,true,false,false,Netflix,BUY|FLATRATE
tm1152160,The Magician's Elephant,2023,movie,1,true,true,false,false,Netflix,CINEMA|FLATRATE
ts378183,School Spirits,2023,show,1,true,true,false,false,Paramount+,BUY|FLATRATE
ts237578,Percy Jackson and the Olympians,2023,show,1,true,true,false,false,Disney+,FLATRATE
ts269486,Ahsoka,2023,show,1,true,true,false,false,Disney+,BUY|FLATRATE
ts271931,Hell's Paradise,2023,show,4,true,false,false,false,Crunchyroll|Disney+|Hulu|Netflix,BUY|FLATRATE
ts357640,"Shangri-La Frontier: Kusoge Hunter, Kamige ni Idoman to su",2023,show,4,true,false,false,false,Crunchyroll|Disney+|Hulu|Netflix,BUY|FLATRATE
ts311396,Mayfair Witches,2023,show,2,true,false,false,false,AMC+|Netflix,BUY|FAST|FLATRATE|FREE
ts226258,The Winter King,2023,show,2,true,false,false,false,Amazon Prime Video|MGM+,FLATRATE
ts354570,Oshi no Ko,2023,show,4,true,false,false,false,Crunchyroll|Disney+|Hidive|Hulu,BUY|FLATRATE
ts372806,Shahmaran,2023,show,1,true,true,false,false,Netflix,FLATRATE
ts408190,In Your Dreams,2023,show,1,true,true,false,false,Amazon Prime Video,FLATRATE
ts285560,Yu Yu Hakusho,2023,show,1,true,true,false,false,Netflix,FLATRATE
ts360407,MASHLE: MAGIC AND MUSCLES,2023,show,4,true,false,false,false,Crunchyroll|Disney+|Hulu|Netflix,BUY|FLATRATE
ts369602,Tondemo Skill de Isekai Hourou Meshi,2023,show,1,true,true,false,false,Crunchyroll,BUY|FLATRATE
ts372941,Maestra: Strings of Truth,2023,show,2,true,false,false,false,Disney+|Hulu,FLATRATE
ts381840,Pokémon Horizons,2023,show,1,true,true,false,false,Netflix,BUY|FLATRATE
ts355413,The House of Van Helsing,2023,show,1,true,true,false,false,Amazon Prime Video,ADS|BUY|FLATRATE
ts405572,Interview With the Vampire: Uncut,2023,show,1,true,true,false,false,AMC+,FLATRATE
ts397752,GOOD NIGHT WORLD,2023,show,1,true,true,false,false,Netflix,FLATRATE
ts330428,Yaratilan,2023,show,1,true,true,false,false,Netflix,FLATRATE
ts378899,My Demon,2023,show,1,true,true,false,false,Netflix,FLATRATE
ts367136,Onimusha,2023,show,1,true,true,false,false,Netflix,FLATRATE
ts366931,My Lovely Liar,2023,show,1,true,true,false,false,Rakuten Viki,ADS|FLATRATE
ts372575,Gamera: Rebirth,2023,show,1,true,true,false,false,Netflix,FLATRATE
ts373107,Destined with You,2023,show,1,true,true,false,false,Netflix,FLATRATE
ts298624,Captain Laserhawk: A Blood Dragon Remix,2023,show,1,true,true,false,false,Netflix,FLATRATE
ts100385,Gremlins: Secrets of the Mogwai,2023,show,1,true,true,false,false,Max,BUY|FLATRATE
ts379001,Hibhage,2023,show,1,true,true,false,false,Netflix,FLATRATE
ts321529,My Man Is Cupid,2023,show,1,true,true,false,false,Amazon Prime Video,FLATRATE
ts214172,The Power,2023,show,1,true,true,false,false,Amazon Prime Video,FLATRATE
ts378094,Zom 100: Zombie ni Naru made ni Shitai 100 no Koto,2023,show,4,true,false,false,false,Crunchyroll|Disney+|Hulu|Netflix,ADS|BUY|FLATRATE
ts342987,Ragna Crimson,2023,show,3,true,false,false,false,Disney+|Hidive|Hulu,BUY|FLATRATE
ts373094,The Good Bad Mother,2023,show,1,true,true,false,false,Netflix,FLATRATE
ts350432,My Happy Marriage,2023,show,1,true,true,false,false,Netflix,FLATRATE
ts354036,Strong Girl Nam-soon,2023,show,1,true,true,false,false,Netflix,FLATRATE
ts376440,Mubing,2023,show,2,true,false,false,false,Disney+|Hulu,FLATRATE
ts409399,Encounter Party,2023,show,1,true,true,false,false,Amazon Prime Video,ADS|FLATRATE
ts321886,Scott Pilgrim Takes Off,2023,show,1,true,true,false,false,Netflix,BUY|FLATRATE
tm1319280,Good Burger 2,2023,movie,1,true,true,false,false,Paramount+,BUY|FLATRATE|RENT
tm1309503,Journey to Bethlehem,2023,movie,2,true,false,false,false,Disney+|Hulu,BUY|CINEMA|FLATRATE|RENT
tm1078140,Rocky Aur Rani Kii Prem Kahaani,2023,movie,1,true,true,false,false,Amazon Prime Video,CINEMA|FLATRATE
tm1298899,Mighty Morphin Power Rangers: Once & Always,2023,movie,1,true,true,false,false,Netflix,FLATRATE
tm1399359,EXmas,2023,movie,1,true,true,false,false,Amazon Prime Video,ADS|FLATRATE
tm1161255,Ride On,2023,movie,5,true,false,false,false,Amasian TV|Amazon Prime Video|Hi-YAH|Peacock|ViX,ADS|BUY|FLATRATE|RENT
tm1048247,White Bird,2023,movie,0,false,false,false,false,,BUY|CINEMA|FLATRATE|RENT
tm1285871,True Spirit,2023,movie,1,true,true,false,false,Netflix,FLATRATE
tm1318696,The Night My Dad Saved Christmas,2023,movie,0,false,false,true,false,,BUY
tm1396804,Merry Little Batman,2023,movie,1,true,true,false,false,Amazon Prime Video,ADS|BUY|FLATRATE|RENT
tm1226561,Best. Christmas. Ever!,2023,movie,1,true,true,false,false,Netflix,CINEMA|FLATRATE
tm1342014,Camp Hideout,2023,movie,1,true,true,false,false,Amazon Prime Video,ADS|BUY|CINEMA|FLATRATE|RENT
tm1350393,Mr. Car and the Knights Templar,2023,movie,1,true,true,false,false,Netflix,FLATRATE
tm465677,Chicken Run: Dawn of the Nugget,2023,movie,1,true,true,false,false,Netflix,CINEMA|FLATRATE
tm1350187,Spy Kids: Armageddon,2023,movie,1,true,true,false,false,Netflix,CINEMA|FLATRATE
tm1405747,The Christmas Classic,2023,movie,2,true,false,false,false,Amazon Prime Video|Netflix,ADS|BUY|CINEMA|FLATRATE|FREE|RENT
tm1352499,How the Gringo Stole Christmas,2023,movie,0,false,false,false,false,,BUY|CINEMA|RENT
tm1133943,Dog Gone,2023,movie,1,true,true,false,false,Netflix,FLATRATE
tm1388204,Friends & Family Christmas,2023,movie,1,true,true,false,false,Hallmark+,BUY|FLATRATE|FREE|RENT
tm912189,Elemental,2023,movie,1,true,true,false,false,Disney+,BUY|CINEMA|FLATRATE|RENT
tm1322036,Bro,2023,movie,1,true,true,false,false,Netflix,CINEMA|FLATRATE
tm1333897,"Maggie Simpson in ""Rogue Not Quite One""",2023,movie,0,false,false,false,false,,
tm1299803,Carl's Date,2023,movie,0,false,false,false,false,,
tm1241273,Riceboy Sleeps,2023,movie,1,true,true,false,false,Amazon Prime Video,ADS|BUY|FLATRATE|RENT
tm1399097,Hannah Waddingham: Home for Christmas,2023,movie,1,true,true,false,false,Apple TV+,FLATRATE
tm407861,The Little Mermaid,2023,movie,1,true,true,false,false,Disney+,BUY|FLATRATE|RENT
tm1324441,Hachiko,2023,movie,0,false,false,false,false,,
tm1388192,Round and Round,2023,movie,1,true,true,false,false,Hallmark+,BUY|FLATRATE|FREE|RENT
tm1338406,The Flying Classroom,2023,movie,0,false,false,false,false,,
tm1393391,Your Christmas or Mine 2,2023,movie,1,true,true,false,false,Amazon Prime Video,FLATRATE
ts365297,At Home with the Furys,2023,show,1,true,true,false,false,Netflix,FLATRATE
ts101290,Planet Earth III,2023,show,3,true,false,false,false,Discovery+|Max|Planet Earth,BUY|FLATRATE
ts356092,Young David,2023,show,1,true,true,false,false,Angel Studios,ADS|FLATRATE
ts345689,Neue Geschichten vom Pumuckl,2023,show,0,false,false,false,false,,
ts328555,Secrets of the Elephants,2023,show,1,true,true,false,false,Disney+,ADS|BUY|FLATRATE
ts328575,Rennervations,2023,show,1,true,true,false,false,Disney+,FLATRATE
ts289208,Journey to the Center of the Earth,2023,show,1,true,true,false,false,Disney+,FLATRATE
ts314957,Mila in the Multiverse,2023,show,1,true,true,false,false,Disney+,FLATRATE
ts362967,Wild Isles,2023,show,1,true,true,false,false,Amazon Prime Video,FLATRATE
ts368883,The Childhood of Romeo and Juliet,2023,show,1,true,true,false,false,Amazon Prime Video,FLATRATE
ts382871,Pokémon Concierge,2023,show,1,true,true,false,false,Netflix,FLATRATE
ts387522,LEGO DREAMZzz,2023,show,3,true,false,false,false,Amazon Prime Video|Netflix|Peacock,ADS|FLATRATE|FREE
ts273710,Tiny Toons Looniversity,2023,show,1,true,true,false,false,Max,BUY|FLATRATE|FREE
ts306373,Kizazi Moto: Generation Fire,2023,show,2,true,false,false,false,Disney+|Hulu,FLATRATE
ts328569,My Dad the Bounty Hunter,2023,show,1,true,true,false,false,Netflix,FLATRATE
ts388533,I Woke Up a Vampire,2023,show,1,true,true,false,false,Netflix,FLATRATE
ts403315,Curses!,2023,show,1,true,true,false,false,Apple TV+,FLATRATE
ts323689,Crazy Fun Park,2023,show,0,false,false,false,false,,
ts219020,Marvel's Moon Girl and Devil Dinosaur,2023,show,1,true,true,false,false,Disney+,BUY|FLATRATE|FREE
ts401603,Baby Gorilla Cam,2023,show,1,true,true,false,false,Netflix,FLATRATE
ts377258,Young Love,2023,show,1,true,true,false,false,Max,FLATRATE
ts391511,Calle y Poche: Sin Etiquetas,2023,show,1,true,true,false,false,Amazon Prime Video,FLATRATE|FREE
ts341720,The Muppets Mayhem,2023,show,1,true,true,false,false,Disney+,FLATRATE
ts295377,Mech Cadets,2023,show,1,true,true,false,false,Netflix,FLATRATE
ts388423,Lego Friends: The Next Chapter,2023,show,3,true,false,false,false,Amazon Prime Video|Netflix|Peacock,ADS|FLATRATE
ts353921,Star Wars: Young Jedi Adventures,2023,show,1,true,true,false,false,Disney+,FLATRATE
ts410632,The Mountain Kitchen,2023,show,3,true,false,false,false,Discovery+|Magnolia Network|Max,BUY|FLATRATE
ts378843,The Crossover,2023,show,1,true,true,false,false,Disney+,FLATRATE
ts359067,Spellbound,2023,show,2,true,false,false,false,Disney+|Hulu,FLATRATE
ts296275,Kiff,2023,show,1,true,true,false,false,Disney+,BUY|FLATRATE
ts272732,Jane,2023,show,1,true,true,false,false,Apple TV+,FLATRATE
ts412232,The Elf on the Shelf: Sweet Showdown,2023,show,2,true,false,false,false,Discovery+|Max,ADS|BUY|FLATRATE|FREE
ts392351,Fright Krewe,2023,show,3,true,false,false,false,Disney+|Hulu|Peacock,FLATRATE
ts383839,Erin & Aaron,2023,show,1,true,true,false,false,Netflix,FLATRATE
ts379631,Frog and Toad,2023,show,1,true,true,false,false,Apple TV+,FLATRATE
ts350456,Superkitties,2023,show,2,true,false,false,false,Disney+|Hulu,BUY|FLATRATE|FREE
ts349722,Not Quite Narwhal,2023,show,1,true,true,false,false,Netflix,FLATRATE
ts365332,Sweet Kaaram Coffee,2023,show,1,true,true,false,false,Amazon Prime Video,FLATRATE
ts187662,Supa Team 4,2023,show,1,true,true,false,false,Netflix,FLATRATE
ts364674,Princess Power,2023,show,1,true,true,false,false,Netflix,FLATRATE
ts383558,Unicorn Academy,2023,show,3,true,false,false,false,Kartoon Channel|Kidstream|Netflix,ADS|FLATRATE
ts323146,Hailey's on It!,2023,show,0,false,false,true,false,,BUY
ts401798,Yoh! Christmas,2023,show,1,true,true,false,false,Netflix,FLATRATE
ts385380,Captain Tsubasa: Junior Youth-hen,2023,show,2,true,false,false,false,Amazon Prime Video|Crunchyroll,ADS|BUY|FAST|FLATRATE
tm1316262,You're Killing Me,2023,movie,2,true,false,false,false,Amazon Prime Video|Netflix,BUY|FLATRATE|FREE|RENT
tm1254721,Talk to Me,2023,movie,0,false,false,false,false,,BUY|CINEMA|RENT
tm1150069,The Hunger Games: The Ballad of Songbirds & Snakes,2023,movie,1,true,true,false,false,Hulu,BUY|CINEMA|FLATRATE|RENT
tm1267441,Sisu,2023,movie,0,false,false,false,false,,BUY|CINEMA|FLATRATE|RENT
tm1232018,The Creator,2023,movie,1,true,true,false,false,Netflix,BUY|CINEMA|FLATRATE|RENT
tm428148,Five Nights at Freddy's,2023,movie,1,true,true,false,false,Peacock,ADS|BUY|CINEMA|FLATRATE|RENT
tm1310432,Last Sentinel,2023,movie,1,true,true,false,false,Amazon Prime Video,ADS|BUY|FLATRATE|FREE|RENT
tm1124551,Guy Ritchie's The Covenant,2023,movie,1,true,true,false,false,Hulu,BUY|CINEMA|FLATRATE|RENT
tm1235410,Plane,2023,movie,1,true,true,false,false,Amazon Prime Video,BUY|CINEMA|FLATRATE|RENT
tm453583,Mission: Impossible - Dead Reckoning Part One,2023,movie,2,true,false,false,false,Netflix|Paramount+,BUY|CINEMA|FLATRATE|RENT
tm1188520,Scream VI,2023,movie,1,true,true,false,false,Paramount+,ADS|BUY|CINEMA|FLATRATE|RENT
tm1325214,Thanksgiving,2023,movie,2,true,false,false,false,Disney+|Hulu,BUY|CINEMA|FLATRATE|RENT
tm1241993,Skinamarink,2023,movie,2,true,false,false,false,AMC+|Shudder,ADS|BUY|FLATRATE|FREE|RENT
tm1105009,Sanctuary,2023,movie,2,true,false,false,false,Disney+|Hulu,BUY|CINEMA|FLATRATE|FREE|RENT
tm1232853,No One Will Save You,2023,movie,2,true,false,false,false,Disney+|Hulu,FLATRATE
tm1352915,Fear the Night,2023,movie,0,false,false,false,false,,ADS|BUY|CINEMA|FREE|RENT
tm1371026,When Evil Lurks,2023,movie,2,true,false,false,false,AMC+|Shudder,BUY|CINEMA|FLATRATE|FREE|RENT
tm1300115,The Boogeyman,2023,movie,2,true,false,false,false,Disney+|Hulu,BUY|CINEMA|FLATRATE|RENT
tm1334516,Mars Express,2023,movie,0,false,false,false,false,,BUY|CINEMA|RENT
tm1366099,57 Seconds,2023,movie,0,false,false,false,false,,ADS|BUY|CINEMA|RENT
tm1256986,Missing,2023,movie,2,true,false,false,false,Amazon Prime Video|Hulu,BUY|CINEMA|FLATRATE|RENT
tm1355359,The Passenger,2023,movie,2,true,false,false,false,Amazon Prime Video|MGM+,BUY|CINEMA|FLATRATE|RENT
tm123363,Expend4bles,2023,movie,1,true,true,false,false,Netflix,BUY|CINEMA|FLATRATE|RENT
tm1201853,Cobweb,2023,movie,1,true,true,false,false,MovieSphere+,BUY|CINEMA|FLATRATE|RENT
tm1045025,65,2023,movie,5,true,false,false,false,Acorn TV|Cinemax|Disney+|Hulu|Max,BUY|CINEMA|FLATRATE|RENT
tm1237460,Insidious: The Red Door,2023,movie,3,true,false,false,false,Disney+|Hulu|Max,BUY|CINEMA|FLATRATE|FREE|RENT
ts300649,The Night Agent,2023,show,1,true,true,false,false,Netflix,BUY|FLATRATE
ts278093,The Last Thing He Told Me,2023,show,1,true,true,false,false,Apple TV+,FLATRATE
ts259735,Lioness,2023,show,1,true,true,false,false,Paramount+,BUY|FLATRATE
ts226904,The Last of Us,2023,show,1,true,true,false,false,Max,BUY|FLATRATE
ts356311,The Diplomat,2023,show,1,true,true,false,false,Netflix,FLATRATE
ts346878,Hijack,2023,show,1,true,true,false,false,Apple TV+,FLATRATE
ts351520,Obsession,2023,show,1,true,true,false,false,Netflix,FLATRATE
ts395707,Kusuriya no Hitorigoto,2023,show,4,true,false,false,false,Crunchyroll|Disney+|Hulu|Netflix,BUY|FLATRATE
ts341651,The Walking Dead: Dead City,2023,show,2,true,false,false,false,AMC+|Netflix,BUY|FLATRATE|FREE
ts293101,Fake Profile,2023,show,1,true,true,false,false,Netflix,FLATRATE
ts5306,The Ark,2023,show,0,false,false,true,false,,ADS|BUY|FAST|FLATRATE
ts388402,Mansion 24,2023,show,1,true,true,false,false,Hulu,FLATRATE
ts381980,Pluto,2023,show,1,true,true,false,false,Netflix,FLATRATE
ts311348,Wilderness,2023,show,1,true,true,false,false,Amazon Prime Video,FLATRATE
ts188766,Orphan Black: Echoes,2023,show,1,true,true,false,false,Netflix,BUY|FLATRATE|FREE
ts107452,The Swarm,2023,show,0,false,false,false,false,,ADS|FREE
ts353551,Turn of the Tide,2023,show,1,true,true,false,false,Netflix,FLATRATE
ts315689,The Fall of the House of Usher,2023,show,1,true,true,false,false,Netflix,FLATRATE
ts351893,The Messiah,2023,show,2,true,false,false,false,Disney+|Hulu,FLATRATE
tm1294945,Past Lives,2023,movie,0,false,false,false,false,,ADS|BUY|CINEMA|FREE|RENT
tm1198244,You Can Live Forever,2023,movie,2,true,false,false,false,Amazon Prime Video|Netflix,ADS|BUY|FLATRATE|FREE|RENT
tm1239528,Sapio,2023,movie,0,false,false,true,false,,ADS|BUY|FREE|RENT
tm1334404,The Shift,2023,movie,1,true,true,false,false,Angel Studios,BUY|CINEMA|FLATRATE|RENT
tm1283208,The Taste of Things,2023,movie,4,true,false,false,false,AMC+|Disney+|Hulu|Sundance Now,BUY|CINEMA|FLATRATE|FREE|RENT
tm1349031,Priscilla,2023,movie,0,false,false,false,false,,BUY|CINEMA|FREE|RENT
tm1285837,The Starling Girl,2023,movie,1,true,true,false,false,Netflix,ADS|BUY|CINEMA|FLATRATE|FREE|RENT
tm1325511,Napoleon,2023,movie,1,true,true,false,false,Apple TV+,BUY|CINEMA|FLATRATE|RENT
tm1243757,My Sole Desire,2023,movie,0,false,false,true,false,,BUY|FREE|RENT
tm1303835,Rosebud Lane,2023,movie,1,true,true,false,false,Amazon Prime Video,ADS|BUY|FLATRATE|FREE|RENT
tm1297089,She Came to Me,2023,movie,3,true,false,false,false,Amazon Prime Video|Disney+|Hulu,BUY|CINEMA|FLATRATE|FREE|RENT
tm1338325,Waitress: The Musical,2023,movie,3,true,false,false,false,Acorn TV|Cinemax|Max,BUY|CINEMA|FLATRATE|RENT
tm1347555,Lust Stories 2,2023,movie,1,true,true,false,false,Netflix,FLATRATE
tm1536875,7 Cuentos Eróticos y Picarescos,2023,movie,0,false,false,true,false,,BUY|RENT
tm1386021,All You Need Is Blood,2023,movie,1,true,true,false,false,Amazon Prime Video,ADS|BUY|CINEMA|FLATRATE|FREE|RENT
tm1371849,Sitting in Bars with Cake,2023,movie,1,true,true,false,false,Amazon Prime Video,ADS|FLATRATE
tm1271388,Maybe I Do,2023,movie,1,true,true,false,false,Hulu,BUY|FLATRATE|RENT
tm1364408,Aristotle and Dante Discover the Secrets of the Universe,2023,movie,3,true,false,false,false,Amazon Prime Video|Here TV|Starz,ADS|BUY|CINEMA|FLATRATE|FREE|RENT
tm1299148,Love at First Sight,2023,movie,1,true,true,false,false,Netflix,FLATRATE
tm1226848,Of an Age,2023,movie,1,true,true,false,false,Peacock,ADS|BUY|FLATRATE|RENT
tm1315480,Ghosted,2023,movie,1,true,true,false,false,Apple TV+,FLATRATE
tm1221534,"Alice, Darling",2023,movie,0,false,false,true,false,,ADS|BUY|FREE|RENT
tm1351469,Nouveaux riches,2023,movie,1,true,true,false,false,Netflix,FLATRATE
tm1295026,A Tourist's Guide to Love,2023,movie,1,true,true,false,false,Netflix,FLATRATE
tm1299571,You Hurt My Feelings,2023,movie,0,false,false,false,false,,ADS|BUY|CINEMA|FREE|RENT
tm1284022,Suppressed,2023,movie,1,true,true,false,false,Amazon Prime Video,ADS|BUY|FLATRATE|RENT
tm1444049,Something Is About to Happen,2023,movie,2,true,false,false,false,AMC+|Shudder,BUY|FLATRATE|FREE|RENT
tm1166603,The Unknown Country,2023,movie,4,true,false,false,false,Amazon Prime Video|Hulu|MUBI|Netflix,ADS|BUY|CINEMA|FLATRATE|FREE|RENT
tm1327350,Strange Way of Life,2023,movie,0,false,false,false,false,,BUY|CINEMA
tm1219893,What Happens Later,2023,movie,3,true,false,false,false,Disney+|Hulu|Netflix,ADS|BUY|CINEMA|FLATRATE|FREE|RENT
tm1285971,Shortcomings,2023,movie,0,false,false,false,false,,BUY|CINEMA|RENT
tm1326932,My Fault,2023,movie,1,true,true,false,false,Amazon Prime Video,FLATRATE
tm1334339,Fallen Leaves,2023,movie,1,true,true,false,false,MUBI,BUY|CINEMA|FLATRATE|RENT
tm1186469,What's Love Got to Do with It?,2023,movie,2,true,false,false,false,Disney+|Hulu,BUY|CINEMA|FLATRATE|FREE|RENT
ts378844,Perfect Match,2023,show,1,true,true,false,false,Netflix,FLATRATE
ts310740,Fellow Travelers,2023,show,1,true,true,false,false,Paramount+,BUY|FLATRATE
ts370604,Gülcemal,2023,show,1,true,true,false,false,Peacock,FLATRATE
ts93861,Daisy Jones & the Six,2023,show,1,true,true,false,false,Amazon Prime Video,FLATRATE
ts361523,Gadis Kretek,2023,show,1,true,true,false,false,Netflix,FLATRATE
ts343696,Queen Charlotte: A Bridgerton Story,2023,show,1,true,true,false,false,Netflix,FLATRATE
ts317715,My Life with the Walter Boys,2023,show,1,true,true,false,false,Netflix,FLATRATE
ts359269,A Thousand Tomorrows,2023,show,3,true,false,false,false,Netflix|Pure Flix|UP Faith & Family,FLATRATE
ts379248,Eva Lasting,2023,show,1,true,true,false,false,Netflix,FLATRATE
ts313723,That '90s Show,2023,show,1,true,true,false,false,Netflix,FLATRATE
ts378515,A Girl and an Astronaut,2023,show,1,true,true,false,false,Netflix,FLATRATE
ts358161,Tom Jones,2023,show,0,false,false,true,false,,ADS|BUY|FLATRATE
ts374284,Castaway Diva,2023,show,1,true,true,false,false,Netflix,FLATRATE
ts379973,Delete,2023,show,1,true,true,false,false,Netflix,FLATRATE
ts389495,Absolute Beginners,2023,show,1,true,true,false,false,Netflix,FLATRATE
ts388079,Match Me Abroad,2023,show,2,true,false,false,false,Discovery+|Max,ADS|BUY|FLATRATE|FREE
ts404056,Like Flowers in Sand,2023,show,1,true,true,false,false,Netflix,FLATRATE
ts328205,Guns & Gulaabs,2023,show,1,true,true,false,false,Netflix,FLATRATE
ts353191,Jewish Matchmaking,2023,show,1,true,true,false,false,Netflix,FLATRATE
ts353232,Alert: Missing Persons Unit,2023,show,3,true,false,false,false,Amazon Prime Video|Disney+|Hulu,ADS|BUY|FLATRATE
ts381633,King deo raendeu,2023,show,1,true,true,false,false,Netflix,FLATRATE
ts313758,Freeridge,2023,show,1,true,true,false,false,Netflix,FLATRATE
ts352971,Love Village,2023,show,1,true,true,false,false,Netflix,FLATRATE
ts398427,Perfect Marriage Revenge,2023,show,1,true,true,false,false,Rakuten Viki,ADS|FLATRATE
ts399203,Love Like a K-Drama,2023,show,1,true,true,false,false,Netflix,FLATRATE
ts387024,Banjjagineun Woteomellon,2023,show,1,true,true,false,false,Rakuten Viki,ADS|FLATRATE
ts321351,See You in My 19th Life,2023,show,1,true,true,false,false,Netflix,FLATRATE
ts360995,Boku no Kokoro no Yabai Yatsu,2023,show,3,true,false,false,false,Disney+|Hidive|Hulu,BUY|FLATRATE
ts378476,Up Here,2023,show,2,true,false,false,false,Disney+|Hulu,FLATRATE
ts388698,The Serial Killer's Wife,2023,show,0,false,false,false,false,,
ts321267,The Angel Next Door Spoils Me Rotten,2023,show,1,true,true,false,false,Crunchyroll,BUY|FLATRATE
tm532407,Wonderwell,2023,movie,1,true,true,false,false,Amazon Prime Video,ADS|BUY|CINEMA|FLATRATE|FREE|RENT
tm504579,La Rusa,2023,movie,0,false,false,true,false,,BUY|RENT
tm986534,Youth (Spring),2023,movie,2,true,false,false,false,DocuramaFilms|OVID,BUY|CINEMA|FLATRATE|FREE|RENT
tm465238,The Gools,2023,movie,0,false,false,false,false,,
tm1229281,Piety,2023,movie,0,false,false,true,false,,ADS|BUY|FREE|RENT
tm340802,A Brighter Tomorrow,2023,movie,0,false,false,false,false,,
tm498975,The Martini Shot,2023,movie,0,false,false,false,false,,
tm949015,Grenzeloos verraad,2023,movie,1,true,true,false,false,Amazon Prime Video,ADS|BUY|CINEMA|FLATRATE|FREE|RENT
tm514761,Cádiz - Madriz,2023,movie,0,false,false,true,false,,ADS|BUY|FREE|RENT
tm1397610,Taking Venice,2023,movie,1,true,true,false,false,Kino Film Collection,BUY|CINEMA|FLATRATE|FREE|RENT
tm607705,Las hijas de Danao,2023,movie,1,true,true,false,false,Cineverse,ADS|FLATRATE|FREE
tm1394285,Godzilla Minus One,2023,movie,1,true,true,false,false,Netflix,BUY|CINEMA|FLATRATE|RENT
tm1226692,Gran Turismo,2023,movie,2,true,false,false,false,Hulu|Max,BUY|CINEMA|FLATRATE|RENT
tm1126399,The Old Way,2023,movie,4,true,false,false,false,Amazon Prime Video|Disney+|Hulu|MovieSphere+,ADS|BUY|FLATRATE|FREE|RENT
tm1025809,Creed III,2023,movie,1,true,true,false,false,Netflix,BUY|CINEMA|FLATRATE|RENT
tm239633,Indiana Jones and the Dial of Destiny,2023,movie,1,true,true,false,false,Disney+,BUY|CINEMA|FLATRATE|RENT
tm1304547,Kandahar,2023,movie,2,true,false,false,false,Disney+|Hulu,ADS|BUY|CINEMA|FLATRATE|FREE|RENT
tm1186806,Hypnotic,2023,movie,1,true,true,false,false,Peacock,BUY|CINEMA|FLATRATE|RENT
tm1320454,One Ranger,2023,movie,1,true,true,false,false,MovieSphere+,BUY|CINEMA|FLATRATE|RENT
tm452641,Blue Beetle,2023,movie,3,true,false,false,false,Acorn TV|Cinemax|Max,BUY|CINEMA|FLATRATE|RENT
tm1180438,Meg 2: The Trench,2023,movie,1,true,true,false,false,Max,BUY|CINEMA|FLATRATE|RENT
ts353429,Monarch: Legacy of Monsters,2023,show,1,true,true,false,false,Apple TV+,FLATRATE
ts356959,Scavengers Reign,2023,show,1,true,true,false,false,Max,FLATRATE
ts355540,Among Us,2023,show,0,false,false,false,false,,
ts260403,The Walking Dead: Daryl Dixon,2023,show,2,true,false,false,false,AMC+|Netflix,BUY|FLATRATE|FREE
ts422861,Doctor Who,2023,show,1,true,true,false,false,Disney+,FLATRATE
ts353523,007: Road to a Million,2023,show,1,true,true,false,false,Amazon Prime Video,FLATRATE
ts257461,Blue Eye Samurai,2023,show,1,true,true,false,false,Netflix,FLATRATE
ts381247,Banggwa Hoo Jeonjaenghwaldong,2023,show,2,true,false,false,false,Amazon Prime Video|Rakuten Viki,FLATRATE
ts406482,DNA do Crime,2023,show,1,true,true,false,false,Netflix,FLATRATE
ts254559,Agent Elvis,2023,show,1,true,true,false,false,Netflix,FLATRATE
ts402289,The Summit,2023,show,0,false,false,false,false,,
ts368094,Gyeongseong Creature,2023,show,1,true,true,false,false,Netflix,BUY|FLATRATE
tm925023,The Peasants,2023,movie,0,false,false,false,false,,BUY|CINEMA|RENT
tm1279197,Legion of Super-Heroes,2023,movie,0,false,false,true,false,,BUY|RENT
tm1366460,In the Shadow of the Cypress,2023,movie,0,false,false,false,false,,
tm1419027,WAR IS OVER! Inspired by the Music of John & Yoko,2023,movie,0,false,false,false,false,,
tm1424717,Beautiful Men,2023,movie,0,false,false,false,false,,
tm1322560,SPY x FAMILY CODE: White,2023,movie,1,true,true,false,false,Crunchyroll,BUY|CINEMA|FLATRATE|RENT
tm1347509,Justice League: Warworld,2023,movie,1,true,true,false,false,Max,BUY|FLATRATE|RENT
tm1349980,Our Uniform,2023,movie,0,false,false,true,false,,BUY|FREE
tm1425025,South Park (Not Suitable for Children),2023,movie,1,true,true,false,false,Paramount+,BUY|FLATRATE|RENT
tm1297302,Stamped from the Beginning,2023,movie,1,true,true,false,false,Netflix,CINEMA|FLATRATE
tm1198429,Ice Merchants,2023,movie,0,false,false,false,false,,
tm1304263,Joan Baez: I Am a Noise,2023,movie,2,true,false,false,false,Disney+|Hulu,BUY|CINEMA|FLATRATE|FREE|RENT
tm1263423,Black Clover: Sword of the Wizard King,2023,movie,1,true,true,false,false,Netflix,FLATRATE
tm1345586,Mantra Warrior: The Legend of The Eight Moons,2023,movie,1,true,true,false,false,Netflix,FLATRATE
tm1336715,Dispararon al Pianista,2023,movie,0,false,false,false,false,,BUY|CINEMA|RENT
tm1135888,PAW Patrol: The Mighty Movie,2023,movie,2,true,false,false,false,Netflix|Paramount+,BUY|CINEMA|FLATRATE|RENT
tm1352842,Metalocalypse: Army of the Doomstar,2023,movie,1,true,true,false,false,Max,BUY|FLATRATE|RENT
tm1292461,Demon Slayer: Kimetsu no Yaiba -To the Swordsmith Village-,2023,movie,0,false,false,true,false,,BUY
tm1396033,The Bad Guys: A Very Bad Holiday,2023,movie,1,true,true,false,false,Netflix,FLATRATE
tm1300199,Leo,2023,movie,1,true,true,false,false,Netflix,CINEMA|FLATRATE
tm1171769,Epic Tails,2023,movie,2,true,false,false,false,Disney+|Hulu,BUY|CINEMA|FLATRATE|RENT
tm1254240,Wish,2023,movie,1,true,true,false,false,Disney+,BUY|CINEMA|FLATRATE|RENT
tm1342426,Sirocco et le royaume des courants d'air,2023,movie,0,false,false,false,false,,BUY|CINEMA|RENT
tm814529,Under the Boardwalk,2023,movie,0,false,false,false,false,,BUY|CINEMA|RENT
tm1387860,LEGO Marvel Avengers: Code Red,2023,movie,1,true,true,false,false,Disney+,FLATRATE
tm1350059,Babylon 5: The Road Home,2023,movie,0,false,false,true,false,,BUY|RENT
tm1393818,The Velveteen Rabbit,2023,movie,1,true,true,false,false,Apple TV+,FLATRATE
tm1396858,South Park: Joining the Panderverse,2023,movie,1,true,true,false,false,Paramount+,BUY|FLATRATE|RENT
tm1058324,We Lost Our Human,2023,movie,0,false,false,false,false,,
ts299408,Strange Planet,2023,show,1,true,true,false,false,Apple TV+,FLATRATE
ts283518,Velma,2023,show,1,true,true,false,false,Max,BUY|FLATRATE
ts390897,Total Drama Island,2023,show,3,true,false,false,false,Disney+|Hulu|Max,FLATRATE
ts358385,FLCL Grunge,2023,show,0,false,false,false,false,,
ts324324,Praise Petey,2023,show,1,true,true,false,false,Amazon Prime Video,BUY|FLATRATE
ts358383,FLCL Shoegaze,2023,show,1,true,true,false,false,Max,FLATRATE
ts261919,Captain Fall,2023,show,1,true,true,false,false,Netflix,FLATRATE
ts286578,Castlevania: Nocturne,2023,show,1,true,true,false,false,Netflix,BUY|FLATRATE
ts375933,Hero Inside,2023,show,0,false,false,false,false,,ADS
ts329737,Helck,2023,show,3,true,false,false,false,Disney+|Hidive|Hulu,BUY|FLATRATE
ts380620,Mokushiroku no Yon-kishi,2023,show,1,true,true,false,false,Netflix,FLATRATE
tm1111989,Oppenheimer,2023,movie,0,false,false,false,false,,BUY|CINEMA|RENT
tm1327369,Perfect Days,2023,movie,0,false,false,false,false,,BUY|CINEMA|FREE|RENT
tm327806,The Zone of Interest,2023,movie,0,false,false,false,false,,BUY|CINEMA|RENT
tm231790,Ferrari,2023,movie,1,true,true,false,false,Netflix,BUY|CINEMA|FLATRATE|FREE|RENT
tm1367018,The Iron Claw,2023,movie,1,true,true,false,false,Netflix,BUY|CINEMA|FLATRATE|RENT
tm1239920,Air,2023,movie,1,true,true,false,false,Amazon Prime Video,ADS|BUY|CINEMA|FLATRATE
tm1338753,How to Have Sex,2023,movie,2,true,false,false,false,MUBI|Netflix,BUY|CINEMA|FLATRATE|FREE|RENT
ts297178,Silo,2023,show,1,true,true,false,false,Apple TV+,FLATRATE
ts358631,Sullivan's Crossing,2023,show,1,true,true,false,false,Netflix,ADS|BUY|FLATRATE|FREE
ts378842,The Way Home,2023,show,2,true,false,false,false,Hallmark+|Netflix,BUY|FLATRATE
ts311015,Lawmen: Bass Reeves,2023,show,2,true,false,false,false,Netflix|Paramount+,BUY|FLATRATE
ts271816,Lessons in Chemistry,2023,show,1,true,true,false,false,Apple TV+,FLATRATE
ts121722,Drops of God,2023,show,1,true,true,false,false,Apple TV+,FLATRATE
tm1228751,Golda,2023,movie,1,true,true,false,false,Netflix,ADS|BUY|CINEMA|FLATRATE|FREE|RENT
tm1233127,LOLA,2023,movie,1,true,true,false,false,Amazon Prime Video,ADS|BUY|CINEMA|FLATRATE|RENT
tm1369098,One Life,2023,movie,1,true,true,false,false,Wonder Project,ADS|BUY|CINEMA|FLATRATE|FREE|RENT
tm1317147,Blood & Gold,2023,movie,1,true,true,false,false,Netflix,FLATRATE
tm1405152,The Last Rifleman,2023,movie,2,true,false,false,false,Amazon Prime Video|Angel Studios,ADS|BUY|CINEMA|FLATRATE|FREE|RENT
tm1332714,WILL,2023,movie,1,true,true,false,false,Netflix,FLATRATE
tm1363079,Pilecki's Report,2023,movie,0,false,false,false,false,,
tm1253677,Filip,2023,movie,0,false,false,false,false,,
tm1327372,Occupied City,2023,movie,0,false,false,false,false,,BUY|CINEMA|FREE|RENT
tm1284741,In My Mother's Skin,2023,movie,1,true,true,false,false,Amazon Prime Video,FLATRATE
tm1366856,Comandante,2023,movie,0,false,false,true,false,,ADS|BUY|RENT
tm1299805,20 Days in Mariupol,2023,movie,1,true,true,false,false,PBS Documentaries,BUY|FLATRATE|FREE|RENT
tm1390100,Camp Courage,2023,movie,1,true,true,false,false,Netflix,CINEMA|FLATRATE
tm1434270,Konvoi,2023,movie,1,true,true,false,false,Hulu,BUY|CINEMA|FLATRATE|FREE|RENT
tm1142021,Pippa,2023,movie,1,true,true,false,false,Amazon Prime Video,FLATRATE
tm1271899,Bunker,2023,movie,1,true,true,false,false,Amazon Prime Video,ADS|BUY|FREE|RENT
tm1241272,Wolves of War,2023,movie,1,true,true,false,false,Amazon Prime Video,ADS|BUY|FLATRATE|FREE|RENT
tm1212675,Across the River and Into the Trees,2023,movie,1,true,true,false,false,Starz,BUY|CINEMA|FLATRATE|FREE|RENT
tm1156904,Warhorse One,2023,movie,3,true,false,false,false,Amazon Prime Video|Peacock|ViX,ADS|BUY|CINEMA|FLATRATE|FREE|RENT
tm1391299,The Caine Mutiny Court-Martial,2023,movie,1,true,true,false,false,Paramount+,BUY|FLATRATE|RENT
tm1307813,The Last Kingdom: Seven Kings Must Die,2023,movie,1,true,true,false,false,Netflix,BUY|FLATRATE|RENT
tm1280768,Measures of Men,2023,movie,0,false,false,false,false,,
tm1137119,Image of Victory,2023,movie,2,true,false,false,false,Amazon Prime Video|Netflix,ADS|BUY|FLATRATE|FREE|RENT
tm1330850,Dead Shot,2023,movie,0,false,false,false,false,,ADS|BUY|CINEMA|FREE|RENT
tm1274088,Noryang: Jugeumui Bada,2023,movie,2,true,false,false,false,Amazon Prime Video|Hi-YAH,ADS|BUY|CINEMA|FLATRATE|FREE|RENT
tm829647,Come Out Fighting,2023,movie,0,false,false,false,false,,BUY|CINEMA|RENT
tm1382999,Boudica,2023,movie,2,true,false,false,false,Amazon Prime Video|Paramount+,ADS|BUY|CINEMA|FLATRATE|FREE|RENT
tm1359542,To End All War: Oppenheimer & the Atomic Bomb,2023,movie,1,true,true,false,false,Peacock,FLATRATE
tm829786,Sam Bahadur,2023,movie,0,false,false,false,true,,CINEMA
tm1286532,Condor's Nest,2023,movie,1,true,true,false,false,Amazon Prime Video,ADS|BUY|FLATRATE|FREE|RENT
tm1298167,Ambush,2023,movie,0,false,false,true,false,,BUY|RENT
tm1281213,The Fox,2023,movie,0,false,false,true,false,,BUY|FREE|RENT
tm1411725,Devil's Men,2023,movie,2,true,false,false,false,Magnolia Selects|Warriors and Gangsters,ADS|BUY|FLATRATE|FREE|RENT
tm1340018,Mending the Line,2023,movie,0,false,false,false,false,,BUY|CINEMA|RENT
tm1301044,Superpower,2023,movie,1,true,true,false,false,Paramount+,FLATRATE
tm1264910,Malbatt: Misi Bakara,2023,movie,1,true,true,false,false,Netflix,FLATRATE
tm1333663,Before It Ends,2023,movie,0,false,false,false,false,,
tm1330134,In the Rearview,2023,movie,2,true,false,false,false,Film Movement Plus|MUBI,BUY|FLATRATE|FREE|RENT
tm1024081,Operation Seawolf,2023,movie,2,true,false,false,false,Amazon Prime Video|Shout! Factory TV,ADS|BUY|FLATRATE|FREE|RENT
ts383772,FDR,2023,show,4,true,false,false,false,Amazon Prime Video|HISTORY Vault|Hulu|Netflix,ADS|BUY|FLATRATE|FREE
ts328611,A Small Light,2023,show,1,true,true,false,false,Amazon Prime Video,BUY|FLATRATE
ts400596,World War II: From the Frontlines,2023,show,1,true,true,false,false,Netflix,FLATRATE
ts308915,All the Light We Cannot See,2023,show,1,true,true,false,false,Netflix,FLATRATE
ts261776,Davos 1917,2023,show,0,false,false,false,false,,FLATRATE
ts381136,The American Buffalo,2023,show,1,true,true,false,false,PBS Documentaries,ADS|BUY|FLATRATE|FREE
ts377948,Coeurs Noirs,2023,show,1,true,true,false,false,France Channel,ADS|FLATRATE
ts342909,Transatlantic,2023,show,1,true,true,false,false,Netflix,FLATRATE
ts381981,War Sailor,2023,show,1,true,true,false,false,Netflix,FLATRATE
ts357586,Faraway Downs,2023,show,2,true,false,false,false,Disney+|Hulu,FLATRATE
ts386255,Yakitori: Soldiers of Misfortune,2023,show,1,true,true,false,false,Netflix,FLATRATE
ts389944,Once Upon a Time in Northern Ireland,2023,show,2,true,false,false,false,BBC Select|BritBox,FLATRATE
ts381182,The Devil's Confession: The Lost Eichmann Tapes,2023,show,0,false,false,false,false,,
ts297111,Pancho Villa: The Centaur of the North,2023,show,2,true,false,false,false,Disney+|Hulu,FLATRATE
ts384588,War,2023,show,1,true,true,false,false,Amazon Prime Video,FLATRATE
ts399888,Living Next Door to Putin,2023,show,2,true,false,false,false,BBC Select|BritBox,FLATRATE
ts425501,My Dearest,2023,show,2,true,false,false,false,Kocowa|OnDemandKorea,FLATRATE
ts414736,Hitler's Engineers: Building the Third Reich,2023,show,0,false,false,false,false,,ADS
ts314520,"What Will You Do, Ieyasu?",2023,show,0,false,false,false,false,,
ts364834,Wonderland of Love,2023,show,1,true,true,false,false,Rakuten Viki,ADS|FLATRATE
ts378704,Korea-Khitan War,2023,show,1,true,true,false,false,Kocowa,FLATRATE
ts386710,Oxen,2023,show,0,false,false,false,false,,
ts353051,Il nostro generale,2023,show,1,true,true,false,false,Mhz Choice,BUY|FLATRATE
ts387381,Hitler: The Lost Tapes of the Third Reich,2023,show,0,false,false,false,false,,ADS|FLATRATE|FREE
ts406689,Mafias et Banques,2023,show,1,true,true,false,false,Amazon Prime Video,ADS|BUY|FLATRATE
ts358804,Tündérkert,2023,show,0,false,false,false,false,,
ts379168,Welcome Back,2023,show,1,true,true,false,false,Amazon Prime Video,FLATRATE
ts433541,WWII Women on the Frontline,2023,show,2,true,false,false,false,BBC Select|BritBox,FLATRATE
ts290011,The Legend of Heroes: Sen no Kiseki - Northern War,2023,show,0,false,false,false,false,,FLATRATE
tm1464488,For All Humankind,2023,movie,2,true,false,false,false,Discovery+|Max,ADS|FLATRATE
tm1334261,Between the Rains,2023,movie,0,false,false,true,false,,BUY|FREE|RENT
tm1346376,WHAM!,2023,movie,1,true,true,false,false,Netflix,CINEMA|FLATRATE
tm1251601,Squaring the Circle (The Story of Hipgnosis),2023,movie,0,false,false,true,false,,BUY|FREE|RENT
tm1357577,The Dark Emu Story,2023,movie,1,true,true,false,false,Amazon Prime Video,BUY|FLATRATE|FREE
tm1006752,Castro's Spies,2023,movie,1,true,true,false,false,Amazon Prime Video,ADS|BUY|FLATRATE|FREE|RENT
tm1387804,Bye Bye Barry,2023,movie,1,true,true,false,false,Amazon Prime Video,ADS|FLATRATE
tm1300243,Judy Blume Forever,2023,movie,1,true,true,false,false,Amazon Prime Video,ADS|FLATRATE
tm1308388,Money Shot: The Pornhub Story,2023,movie,1,true,true,false,false,Netflix,FLATRATE
tm1334520,BS High,2023,movie,1,true,true,false,false,Max,FLATRATE
tm1295258,Beyond Utopia,2023,movie,0,false,false,false,false,,BUY|CINEMA|RENT
tm1371723,Sly,2023,movie,1,true,true,false,false,Netflix,FLATRATE
tm1330633,Every Body,2023,movie,1,true,true,false,false,Peacock,ADS|BUY|CINEMA|FLATRATE|RENT
tm1361347,Untold: Johnny Football,2023,movie,1,true,true,false,false,Netflix,FLATRATE
tm1365657,The Pigeon Tunnel,2023,movie,1,true,true,false,false,Apple TV+,CINEMA|FLATRATE
tm1378053,Kelce,2023,movie,1,true,true,false,false,Amazon Prime Video,ADS|FLATRATE
tm1396488,Albert Brooks: Defending My Life,2023,movie,1,true,true,false,false,Max,FLATRATE
tm1320524,Longest Third Date,2023,movie,1,true,true,false,false,Netflix,FLATRATE
tm1295194,Stephen Curry: Underrated,2023,movie,1,true,true,false,false,Apple TV+,CINEMA|FLATRATE
tm1366124,"Menus-Plaisirs, les Troisgros",2023,movie,0,false,false,false,true,,CINEMA|FLATRATE
tm1198611,It Ain't Over,2023,movie,0,false,false,true,false,,ADS|BUY|RENT
tm1297234,Being Mary Tyler Moore,2023,movie,1,true,true,false,false,Max,FLATRATE
tm715806,Downwind,2023,movie,1,true,true,false,false,Amazon Prime Video,ADS|BUY|CINEMA|FLATRATE|FREE|RENT
tm1304268,Art for Everybody,2023,movie,0,false,false,false,false,,
tm1408015,The Only Girl in the Orchestra,2023,movie,1,true,true,false,false,Netflix,FLATRATE
tm1297434,The Lady Bird Diaries,2023,movie,2,true,false,false,false,Disney+|Hulu,CINEMA|FLATRATE
tm1344599,Common Ground,2023,movie,1,true,true,false,false,Amazon Prime Video,CINEMA|FLATRATE
tm1198620,Lynch/Oz,2023,movie,1,true,true,false,false,Criterion Channel,BUY|CINEMA|FLATRATE|FREE|RENT
tm1317843,Citizen Sleuth,2023,movie,0,false,false,true,false,,ADS|BUY|RENT
tm1247270,My Name Is Alfred Hitchcock,2023,movie,0,false,false,true,false,,BUY|FLATRATE|FREE|RENT
tm1342045,Unknown: Cosmic Time Machine,2023,movie,1,true,true,false,false,Netflix,FLATRATE
tm1286151,"Pamela, A Love Story",2023,movie,1,true,true,false,false,Netflix,FLATRATE
tm1334418,Bama Rush,2023,movie,1,true,true,false,false,Max,FLATRATE
tm1342046,Unknown: Cave of Bones,2023,movie,1,true,true,false,false,Netflix,FLATRATE
tm1341899,The Story of Nintendo,2023,movie,0,false,false,true,false,,ADS|BUY|FLATRATE|FREE|RENT
tm1292915,Remembering Gene Wilder,2023,movie,0,false,false,false,false,,BUY|CINEMA|FREE|RENT
tm1349525,Tom Segura: Sledgehammer,2023,movie,1,true,true,false,false,Netflix,FLATRATE
tm1335127,Let the Canary Sing,2023,movie,1,true,true,false,false,Paramount+,BUY|FLATRATE|RENT
tm1404974,JFK: What The Doctors Saw,2023,movie,1,true,true,false,false,Paramount+,FLATRATE
ts327671,Full Swing,2023,show,1,true,true,false,false,Netflix,FLATRATE
ts382667,The Future with Hannah Fry,2023,show,1,true,true,false,false,Amazon Prime Video,ADS|FLATRATE
ts382522,Quarterback,2023,show,1,true,true,false,false,Netflix,FLATRATE
ts316895,The Reluctant Traveller with Eugene Levy,2023,show,1,true,true,false,false,Apple TV+,FLATRATE
ts352992,Tour de France: Unchained,2023,show,1,true,true,false,false,Netflix,FLATRATE
ts385378,Leguizamo Does America,2023,show,0,false,false,true,false,,BUY|FLATRATE|FREE
ts406626,Robbie Williams,2023,show,1,true,true,false,false,Netflix,FLATRATE
ts383788,The UnBelievable with Dan Aykroyd,2023,show,4,true,false,false,false,Amazon Prime Video|Disney+|HISTORY Vault|Hulu,ADS|BUY|FLATRATE|FREE
ts385408,Chimp Empire,2023,show,1,true,true,false,false,Netflix,FLATRATE
ts378366,Captains of the World,2023,show,1,true,true,false,false,Netflix,FLATRATE
ts389333,Shiny Happy People,2023,show,1,true,true,false,false,Amazon Prime Video,ADS|FLATRATE
ts298595,Love Has Won,2023,show,1,true,true,false,false,Max,FLATRATE|FREE
ts379841,Thunder Bay,2023,show,0,false,false,false,false,,ADS
ts387432,Menendez + Menudo: Boys Betrayed,2023,show,1,true,true,false,false,Peacock,FLATRATE
ts411134,The Search for Instagram's Worst Con Artist,2023,show,1,true,true,false,false,Netflix,FLATRATE
ts410268,FEDS,2023,show,2,true,false,false,false,Discovery+|Max,ADS|BUY|FLATRATE|FREE
ts400270,Wrestlers,2023,show,1,true,true,false,false,Netflix,FLATRATE
ts409467,The Garden: Commune or Cult,2023,show,2,true,false,false,false,Discovery+|Max,BUY|FLATRATE|FREE
ts393063,Last Call: When a Serial Killer Stalked Queer New York,2023,show,1,true,true,false,false,Max,FLATRATE
ts378895,Murdaugh Murders: A Southern Scandal,2023,show,1,true,true,false,false,Netflix,FLATRATE
ts388272,The 2010s,2023,show,1,true,true,false,false,Max,ADS|BUY|FLATRATE
ts412477,Interrogation Cam,2023,show,3,true,false,false,false,A&E Crime Central|Disney+|Hulu,ADS|BUY|FLATRATE
ts398467,The Other Side,2023,show,0,false,false,true,false,,BUY|FLATRATE|FREE
ts384246,American Manhunt: The Boston Marathon Bombing,2023,show,1,true,true,false,false,Netflix,FLATRATE
ts359066,Ancient Empires,2023,show,2,true,false,false,false,Disney+|Hulu,ADS|BUY|FLATRATE
ts365294,The Greatest Show Never Made,2023,show,1,true,true,false,false,Amazon Prime Video,FLATRATE
ts383181,Emergency NYC,2023,show,1,true,true,false,false,Netflix,FLATRATE
ts390657,True Crime Story: Look Into My Eyes,2023,show,2,true,false,false,false,AMC+|Sundance Now,BUY|FLATRATE
ts370543,I Have Nothing,2023,show,1,true,true,false,false,Peacock,FLATRATE
ts373586,BTS Monuments: Beyond the Star,2023,show,1,true,true,false,false,Disney+,FLATRATE
ts397646,Wanted: The Escape of Carlos Ghosn,2023,show,1,true,true,false,false,Apple TV+,FLATRATE
ts409464,John Lennon: Murder Without a Trial,2023,show,1,true,true,false,false,Apple TV+,FLATRATE
ts409283,Geddy Lee Asks: Are Bass Players Human Too?,2023,show,1,true,true,false,false,Paramount+,FLATRATE
ts402177,Se Eu Fosse Luísa Sonza,2023,show,1,true,true,false,false,Netflix,FLATRATE
ts378365,The Ashley Madison Affair,2023,show,2,true,false,false,false,Disney+|Hulu,FLATRATE
ts382154,Amityville: An Origin Story,2023,show,1,true,true,false,false,MGM+,BUY|FLATRATE
tm1161236,Influencer,2023,movie,3,true,false,false,false,AMC+|Netflix|Shudder,BUY|FLATRATE|RENT
tm1249609,Saw X,2023,movie,1,true,true,false,false,Netflix,BUY|CINEMA|FLATRATE|RENT
tm1123138,Knock at the Cabin,2023,movie,1,true,true,false,false,Peacock,ADS|BUY|CINEMA|FLATRATE|RENT
tm1009151,Loop Track,2023,movie,3,true,false,false,false,AMC+|Amazon Prime Video|Shudder,ADS|BUY|FLATRATE|FREE|RENT
tm1237437,The Pope's Exorcist,2023,movie,3,true,false,false,false,Disney+|Hulu|Max,BUY|CINEMA|FLATRATE|RENT
tm1334495,Suitable Flesh,2023,movie,4,true,false,false,false,AMC+|Disney+|Hulu|Shudder,BUY|CINEMA|FLATRATE|FREE|RENT
tm1319021,Clock,2023,movie,2,true,false,false,false,Disney+|Hulu,FLATRATE
tm1329790,Sleep,2023,movie,2,true,false,false,false,Disney+|Hulu,BUY|CINEMA|FLATRATE|FREE|RENT
tm1249438,The Nun II,2023,movie,3,true,false,false,false,Acorn TV|Cinemax|Max,BUY|CINEMA|FLATRATE|RENT
tm1305965,Wolf Garden,2023,movie,1,true,true,false,false,Amazon Prime Video,ADS|BUY|FLATRATE|FREE|RENT
tm1308167,Nefarious,2023,movie,1,true,true,false,false,Amazon Prime Video,ADS|BUY|CINEMA|FLATRATE|FREE|RENT
tm1345593,1920: Horrors of the Heart,2023,movie,1,true,true,false,false,Hulu,CINEMA|FLATRATE
tm1236140,Winnie the Pooh: Blood and Honey,2023,movie,2,true,false,false,false,Amazon Prime Video|Peacock,ADS|BUY|FLATRATE|RENT
tm1084962,The Exorcist: Believer,2023,movie,1,true,true,false,false,Peacock,BUY|CINEMA|FLATRATE|RENT
tm1328243,Totally Killer,2023,movie,1,true,true,false,false,Amazon Prime Video,ADS|FLATRATE
tm1390471,Hell House LLC Origins: The Carmichael Manor,2023,movie,2,true,false,false,false,AMC+|Shudder,BUY|FLATRATE|RENT
ts406319,Jack Osbourne's Night of Terror,2023,show,2,true,false,false,false,Discovery+|Max,ADS|BUY|FLATRATE|FREE
ts345966,Based on a True Story,2023,show,1,true,true,false,false,Peacock,BUY|FLATRATE
ts366463,The Village,2023,show,1,true,true,false,false,Amazon Prime Video,FLATRATE
ts361558,Platform 7,2023,show,0,false,false,false,false,,
ts378520,Zombieverse,2023,show,1,true,true,false,false,Netflix,FLATRATE
ts388745,Eli Roth Presents: The Legion of Exorcists,2023,show,2,true,false,false,false,Discovery+|Max,ADS|BUY|FLATRATE|FREE
ts350420,Adhura,2023,show,1,true,true,false,false,Amazon Prime Video,FLATRATE
ts406641,Paranormal Revenge,2023,show,2,true,false,false,false,Discovery+|Max,ADS|FLATRATE|FREE
ts105453,The Horror of Dolores Roach,2023,show,1,true,true,false,false,Amazon Prime Video,ADS|FLATRATE
ts400558,Living for the Dead,2023,show,0,false,false,false,false,,
ts297588,The Burning Girls,2023,show,0,false,false,false,false,,
ts313367,Wolf Pack,2023,show,0,false,false,true,false,,BUY
ts373726,Killer Coaster,2023,show,1,true,true,false,false,Amazon Prime Video,FLATRATE
ts314330,Eli Roth Presents: A Ghost Ruined My Life,2023,show,2,true,false,false,false,Discovery+|Max,ADS|BUY|FLATRATE|FREE
ts405957,The Enfield Poltergeist,2023,show,1,true,true,false,false,Apple TV+,FLATRATE
ts353394,Dirty Linen,2023,show,1,true,true,false,false,Amazon Prime Video,FLATRATE
ts395111,Night Has Come,2023,show,1,true,true,false,false,Rakuten Viki,FLATRATE
ts366040,Junji Ito Maniac: Japanese Tales of the Macabre,2023,show,1,true,true,false,false,Netflix,FLATRATE
ts374518,Romancero,2023,show,1,true,true,false,false,Amazon Prime Video,FLATRATE
ts396265,Spooked: Ireland,2023,show,2,true,false,false,false,Discovery+|Max,FLATRATE
ts109589,The Changeling,2023,show,1,true,true,false,false,Apple TV+,FLATRATE
ts304417,Dead Ringers,2023,show,1,true,true,false,false,Amazon Prime Video,ADS|FLATRATE
ts407208,Silent Hill: Ascension,2023,show,0,false,false,false,false,,ADS
ts403147,John Carpenter's Suburban Screams,2023,show,1,true,true,false,false,Peacock,BUY|FLATRATE
ts278785,Lockwood & Co.,2023,show,1,true,true,false,false,Netflix,FLATRATE
ts325282,Teluh Darah,2023,show,2,true,false,false,false,Disney+|Hulu,FLATRATE
ts252256,Memento Mori,2023,show,0,false,false,false,false,,
ts379569,Make My Day,2023,show,1,true,true,false,false,Netflix,FLATRATE
ts378983,Maseukeugeol,2023,show,1,true,true,false,false,Netflix,FLATRATE
ts266545,UFOs: Investigating the Unknown,2023,show,2,true,false,false,false,Disney+|Hulu,ADS|BUY|FLATRATE|FREE
tm1164250,Spinning Gold,2023,movie,1,true,true,false,false,Amazon Prime Video,ADS|BUY|CINEMA|FLATRATE|RENT
tm1284584,Little Richard: I Am Everything,2023,movie,1,true,true,false,false,Max,BUY|CINEMA|FLATRATE|FREE|RENT
tm1380523,TAYLOR SWIFT | THE ERAS TOUR,2023,movie,1,true,true,false,false,Disney+,CINEMA|FLATRATE
tm1399528,Christmas with The Chosen: Holy Night,2023,movie,1,true,true,false,false,Amazon Prime Video,BUY|CINEMA|FLATRATE
tm1294932,Flora and Son,2023,movie,1,true,true,false,false,Apple TV+,CINEMA|FLATRATE
tm1340118,Anthem,2023,movie,2,true,false,false,false,Disney+|Hulu,ADS|FLATRATE
tm1304171,"Love to Love You, Donna Summer",2023,movie,1,true,true,false,false,Max,FLATRATE
tm1210114,The Archies,2023,movie,1,true,true,false,false,Netflix,FLATRATE
tm1291928,A Beautiful Life,2023,movie,1,true,true,false,false,Netflix,FLATRATE
tm1393019,Renaissance: A Film by Beyoncé,2023,movie,0,false,false,false,true,,CINEMA
tm1301925,Maestro,2023,movie,1,true,true,false,false,Netflix,CINEMA|FLATRATE
tm985871,The Color Purple,2023,movie,1,true,true,false,false,Max,BUY|CINEMA|FLATRATE|RENT
tm1242204,Chevalier,2023,movie,1,true,true,false,false,Hulu,BUY|CINEMA|FLATRATE|RENT
tm1281969,Thriller 40,2023,movie,0,false,false,true,false,,BUY|RENT
tm1369762,Dicks: The Musical,2023,movie,0,false,false,false,false,,ADS|BUY|CINEMA|FREE|RENT
tm970866,Reinventing Elvis: The '68 Comeback,2023,movie,1,true,true,false,false,Paramount+,BUY|FLATRATE|RENT
tm1236645,Brother,2023,movie,2,true,false,false,false,Amazon Prime Video|Netflix,BUY|CINEMA|FLATRATE|FREE|RENT
tm1288805,Free LSD,2023,movie,0,false,false,true,false,,ADS|BUY|FREE|RENT
tm1386171,Esta ambición desmedida,2023,movie,0,false,false,false,false,,
tm1412878,June,2023,movie,1,true,true,false,false,Paramount+,BUY|FLATRATE|RENT
tm1317198,Lewis Capaldi: How I'm Feeling Now,2023,movie,1,true,true,false,false,Netflix,FLATRATE
tm1380215,American Symphony,2023,movie,1,true,true,false,false,Netflix,CINEMA|FLATRATE
tm1260656,Personality Crisis: One Night Only,2023,movie,1,true,true,false,false,Paramount+,BUY|FLATRATE
tm1344119,Imagine Dragons Live in Vegas,2023,movie,2,true,false,false,false,Disney+|Hulu,FLATRATE
tm1524499,Paris Christmas Waltz,2023,movie,2,true,false,false,false,Netflix|Pure Flix,FLATRATE
tm1297881,Bono & The Edge: A Sort of Homecoming with Dave Letterman,2023,movie,1,true,true,false,false,Disney+,FLATRATE
tm1246879,Dreamin' Wild,2023,movie,1,true,true,false,false,MovieSphere+,ADS|BUY|CINEMA|FLATRATE|FREE|RENT
tm1376873,ONEFOUR: Against All Odds,2023,movie,1,true,true,false,false,Netflix,FLATRATE
tm1346732,TLC Forever,2023,movie,1,true,true,false,false,Netflix,BUY|FLATRATE|FREE|RENT
tm1050149,I'm an Electric Lampshade,2023,movie,1,true,true,false,false,Amazon Prime Video,ADS|BUY|FLATRATE|FREE|RENT
tm1409596,The Melodic Blue: Baby Keem,2023,movie,1,true,true,false,false,Amazon Prime Video,ADS|FLATRATE
tm1313719,"What the Hell Happened to Blood, Sweat & Tears?",2023,movie,1,true,true,false,false,Amazon Prime Video,ADS|BUY|CINEMA|FLATRATE|FREE|RENT
tm1249396,Heirloom: Guitar,2023,movie,1,true,true,false,false,Amazon Prime Video,ADS|BUY|FLATRATE|FREE|RENT
tm1320418,Jason Isbell: Running With Our Eyes Closed,2023,movie,1,true,true,false,false,Max,FLATRATE
tm1228678,Blue Giant,2023,movie,1,true,true,false,false,Netflix,BUY|CINEMA|FLATRATE|RENT
tm1392166,Welcome to the Darkness,2023,movie,0,false,false,true,false,,ADS|BUY|FLATRATE|FREE|RENT
tm1271452,Revival69: The Concert That Rocked the World,2023,movie,0,false,false,false,false,,BUY|CINEMA|FLATRATE|FREE|RENT
ts376513,MTV's Family Legacy,2023,show,1,true,true,false,false,Paramount+,FLATRATE
ts382515,I Wanna Rock: The '80s Metal Dream,2023,show,0,false,false,false,false,,
ts312190,The Idol,2023,show,1,true,true,false,false,Max,BUY|FLATRATE
ts399959,San Francisco Sounds: A Place in Time,2023,show,1,true,true,false,false,MGM+,FLATRATE
ts324612,Las noches de Tefía,2023,show,0,false,false,false,false,,FLATRATE
ts384441,Ed Sheeran: The Sum of It All,2023,show,1,true,true,false,false,Disney+,FLATRATE
ts342030,El amor después del amor,2023,show,1,true,true,false,false,Netflix,FLATRATE
ts376798,Neon,2023,show,1,true,true,false,false,Netflix,FLATRATE
ts213108,Dear Mama,2023,show,2,true,false,false,false,Disney+|Hulu,BUY|FLATRATE
ts399956,Wayne Shorter: Zero Gravity,2023,show,1,true,true,false,false,Amazon Prime Video,ADS|FLATRATE
ts396836,Ladies First: A Story of Women in Hip-Hop,2023,show,1,true,true,false,false,Netflix,FLATRATE
ts384110,The Luckiest Guy in the World,2023,show,1,true,true,false,false,Disney+,FLATRATE
ts222340,Grease: Rise of the Pink Ladies,2023,show,0,false,false,true,false,,BUY
ts305174,Willie Nelson & Family,2023,show,1,true,true,false,false,Paramount+,BUY|FLATRATE
ts373542,Soundtrack #2,2023,show,1,true,true,false,false,Disney+,FLATRATE
ts378918,Voices Rising: The Music of Wakanda Forever,2023,show,1,true,true,false,false,Disney+,FLATRATE
ts403810,SHE Must Be Obeyed,2023,show,1,true,true,false,false,Amazon Prime Video,FLATRATE
ts325952,La Firma,2023,show,1,true,true,false,false,Netflix,FLATRATE
ts359801,RapCaviar Presents,2023,show,2,true,false,false,false,Disney+|Hulu,FLATRATE
ts366131,AP Dhillon: First of a Kind,2023,show,1,true,true,false,false,Amazon Prime Video,FLATRATE
ts384912,When Metal Ruled the 80s,2023,show,2,true,false,false,false,Peacock|REELZ+,ADS|FLATRATE|FREE
ts252260,My Kind of Country,2023,show,1,true,true,false,false,Apple TV+,FLATRATE
ts313654,The Low Tone Club,2023,show,0,false,false,false,false,,
ts374339,Sometimes When We Touch,2023,show,0,false,false,false,false,,
ts392929,Raffa,2023,show,2,true,false,false,false,Disney+|Hulu,FLATRATE
ts379067,Super Junior: The Last Man Standing,2023,show,2,true,false,false,false,Disney+|Hulu,FLATRATE
ts398194,Vasco Rossi: Living It,2023,show,1,true,true,false,false,Netflix,FLATRATE
ts394912,Champion,2023,show,1,true,true,false,false,Netflix,FLATRATE
ts355013,L-Pop,2023,show,1,true,true,false,false,Disney+,FLATRATE
ts360166,The Superfantastic Story of Balão,2023,show,2,true,false,false,false,Disney+|Hulu,FLATRATE
ts345978,Blue Orchestra,2023,show,0,false,false,false,false,,
ts367043,UniteUp!,2023,show,1,true,true,false,false,Crunchyroll,FLATRATE
ts387251,BanG Dream! It's MyGO!!!!!,2023,show,1,true,true,false,false,Crunchyroll,FLATRATE
ts353943,Paradox Live THE ANIMATION,2023,show,1,true,true,false,false,Crunchyroll,FLATRATE
ts357492,YOHANE THE PARHELION -SUNSHINE in the MIRROR,2023,show,1,true,true,false,false,Crunchyroll,BUY|FLATRATE
tm1285061,Cassandro,2023,movie,1,true,true,false,false,Amazon Prime Video,ADS|CINEMA|FLATRATE
tm1237139,Champions,2023,movie,1,true,true,false,false,Peacock,ADS|BUY|CINEMA|FLATRATE|RENT
tm824483,Next Goal Wins,2023,movie,0,false,false,true,false,,ADS|BUY|RENT
tm1346693,The Boys in the Boat,2023,movie,0,false,false,false,false,,BUY|CINEMA|RENT
tm1266013,80 for Brady,2023,movie,1,true,true,false,false,Paramount+,BUY|CINEMA|FLATRATE|RENT
tm1415674,Lady Ballers,2023,movie,0,false,false,true,false,,BUY|RENT
tm1305337,White Men Can't Jump,2023,movie,2,true,false,false,false,Disney+|Hulu,ADS|FLATRATE
tm1353503,Untold: Hall of Shame,2023,movie,1,true,true,false,false,Netflix,FLATRATE
tm1336044,The Saint of Second Chances,2023,movie,1,true,true,false,false,Netflix,FLATRATE
tm1308143,Reggie,2023,movie,1,true,true,false,false,Amazon Prime Video,ADS|FLATRATE
tm1344603,The League,2023,movie,2,true,false,false,false,Disney+|Hulu,BUY|CINEMA|FLATRATE|FREE|RENT
tm1299155,NYAD,2023,movie,1,true,true,false,false,Netflix,CINEMA|FLATRATE
tm1198487,Somewhere in Queens,2023,movie,1,true,true,false,false,Amazon Prime Video,ADS|BUY|CINEMA|FLATRATE|FREE|RENT
tm1295407,The Hill,2023,movie,1,true,true,false,false,Angel Studios,BUY|CINEMA|FLATRATE|RENT
tm1399700,The Netflix Cup,2023,movie,1,true,true,false,false,Netflix,FLATRATE
tm1350448,Untold: Jake Paul the Problem Child,2023,movie,1,true,true,false,false,Netflix,FLATRATE
tm1295359,Sweetwater,2023,movie,0,false,false,false,false,,BUY|CINEMA
tm1377957,Full Circle,2023,movie,1,true,true,false,false,Netflix,CINEMA|FLATRATE
tm836280,Dream,2023,movie,1,true,true,false,false,Netflix,FLATRATE
tm1198809,Breaking the Ice,2023,movie,0,false,false,false,false,,FREE
tm1299191,Overhaul,2023,movie,1,true,true,false,false,Netflix,FLATRATE
tm1343793,That Peter Crouch Film,2023,movie,1,true,true,false,false,Amazon Prime Video,FLATRATE
tm1382860,Race to the Summit,2023,movie,1,true,true,false,false,Netflix,FLATRATE
tm1290012,The Deepest Breath,2023,movie,1,true,true,false,false,Netflix,CINEMA|FLATRATE
tm1218668,Perfect Addiction,2023,movie,1,true,true,false,false,Amazon Prime Video,BUY|FLATRATE|FREE|RENT
tm1251600,The Last Rider,2023,movie,0,false,false,false,false,,BUY|CINEMA|RENT
tm1337432,Stylebender,2023,movie,1,true,true,false,false,Amazon Prime Video,ADS|BUY|FLATRATE|FREE|RENT
tm1239362,Shooting Stars,2023,movie,1,true,true,false,false,Peacock,BUY|FLATRATE|RENT
tm1331253,Forever,2023,movie,1,true,true,false,false,Netflix,FLATRATE
tm1251906,Stand,2023,movie,1,true,true,false,false,Paramount+,FLATRATE
tm1299205,Offside: The Harold Ballard Story,2023,movie,1,true,true,false,false,Amazon Prime Video,ADS|BUY|FLATRATE|FREE|RENT
tm1313225,Yuzuru Hanyu Ice Story GIFT at Tokyo Dome,2023,movie,1,true,true,false,false,Disney+,FLATRATE
tm1107345,Big George Foreman,2023,movie,1,true,true,false,false,Hulu,BUY|CINEMA|FLATRATE|FREE|RENT
tm1239598,Black Ice,2023,movie,0,false,false,false,false,,BUY|CINEMA|FREE|RENT
tm1375960,Corners of the Earth: Kamchatka,2023,movie,1,true,true,false,false,The Surf Network,ADS|BUY|FLATRATE|FREE|RENT
tm1132496,Chang Can Dunk,2023,movie,1,true,true,false,false,Disney+,FLATRATE
tm1117567,Weekend Rebels,2023,movie,0,false,false,false,false,,
tm1368546,Fourth Down and Love,2023,movie,1,true,true,false,false,Hallmark+,BUY|FLATRATE|FREE|RENT
ts354817,Fifteen-Love,2023,show,2,true,false,false,false,AMC+|Acorn TV,BUY|FLATRATE
ts299567,Anderson Spider Silva,2023,show,1,true,true,false,false,Paramount+,FLATRATE
ts397567,We Are Newcastle United,2023,show,1,true,true,false,false,Amazon Prime Video,FLATRATE
ts393167,Surf Girls,2023,show,1,true,true,false,false,Amazon Prime Video,ADS|FLATRATE
ts387393,McGREGOR FOREVER,2023,show,1,true,true,false,false,Netflix,FLATRATE
ts367954,Brawn: The Impossible Formula 1 Story,2023,show,2,true,false,false,false,Disney+|Hulu,FLATRATE
ts390550,Muscles & Mayhem: An Unauthorized Story of American Gladiators,2023,show,1,true,true,false,false,Netflix,FLATRATE
ts327651,Break Point,2023,show,1,true,true,false,false,Netflix,FLATRATE
ts392272,Goliath,2023,show,0,false,false,false,false,,
ts293458,Beckham,2023,show,1,true,true,false,false,Netflix,FLATRATE
ts380364,Bill Russell: Legend,2023,show,1,true,true,false,false,Netflix,FLATRATE
ts400870,Coleen Rooney: The Real Wagatha Story,2023,show,2,true,false,false,false,Disney+|Hulu,FLATRATE
ts385610,Angel City,2023,show,1,true,true,false,false,Max,FLATRATE
ts374683,Boys in Blue,2023,show,1,true,true,false,false,Paramount+,BUY|FLATRATE
ts321236,MF Ghost,2023,show,1,true,true,false,false,Crunchyroll,BUY|FLATRATE
ts395717,Under Pressure: The U.S. Women's World Cup Team,2023,show,1,true,true,false,false,Netflix,FLATRATE
ts406547,Messi Meets America,2023,show,1,true,true,false,false,Apple TV+,FLATRATE
ts293052,Heart of Invictus,2023,show,1,true,true,false,false,Netflix,FLATRATE
ts392384,The Golden Boy,2023,show,1,true,true,false,false,Max,FLATRATE
ts377465,Running for my Truth: Alex Schwazer,2023,show,1,true,true,false,false,Netflix,FLATRATE
ts382185,100 Days to Indy,2023,show,1,true,true,false,false,Paramount+,ADS|BUY|FLATRATE|FREE
ts374551,Against the Ropes,2023,show,1,true,true,false,false,Netflix,FLATRATE
ts392585,Gods of Tennis,2023,show,2,true,false,false,false,BBC Select|BritBox,FLATRATE
ts388705,Shaun White: The Last Run,2023,show,1,true,true,false,false,Max,FLATRATE
ts383045,Monster Factory,2023,show,1,true,true,false,false,Apple TV+,FLATRATE
ts365048,Sanctuary,2023,show,1,true,true,false,false,Netflix,FLATRATE
ts401466,All or Nothing: Die Nationalmannschaft in Katar,2023,show,1,true,true,false,false,Amazon Prime Video,FLATRATE
ts400671,Football Must Go On,2023,show,1,true,true,false,false,Paramount+,FLATRATE
ts382945,Real Madrid: Until the End,2023,show,1,true,true,false,false,Apple TV+,FLATRATE
ts375361,Boom! Boom! The World vs Boris Becker,2023,show,1,true,true,false,false,Apple TV+,FLATRATE
ts384252,Headless Chickens,2023,show,1,true,true,false,false,Max,FLATRATE
ts404554,Pit Babe,2023,show,2,true,false,false,false,Netflix|Rakuten Viki,ADS|FLATRATE
ts380435,OVERTAKE!,2023,show,1,true,true,false,false,Crunchyroll,BUY|FLATRATE
ts297150,Ringo. Glory and Death,2023,show,2,true,false,false,false,Disney+|Hulu,FLATRATE
ts374301,Super League: The War for Football,2023,show,1,true,true,false,false,Apple TV+,FLATRATE
ts391477,Full Count,2023,show,2,true,false,false,false,Disney+|Hulu,FLATRATE
ts407547,"Mud, Sweat and Tears: Premiership Rugby",2023,show,1,true,true,false,false,Amazon Prime Video,FLATRATE
ts383853,Max Verstappen: Anatomy of a Champion,2023,show,0,false,false,true,false,,BUY|FLATRATE|RENT
ts372354,"Algiers, America",2023,show,2,true,false,false,false,Disney+|Hulu,FLATRATE
tm1340463,Fangoria Chainsaw Awards 2023,2023,movie,1,true,true,false,false,Shudder,FLATRATE
tm1325441,The Light We Carry: Michelle Obama and Oprah Winfrey,2023,movie,1,true,true,false,false,Netflix,FLATRATE
tm1425132,Love Is Blind Brazil: After the Altar,2023,movie,1,true,true,false,false,Netflix,FLATRATE
tm1401302,Unsolved Mysteries: Behind the Legacy,2023,movie,1,true,true,false,false,Amazon Prime Video,ADS|BUY|FLATRATE|FREE|RENT
tm1327316,Carol Burnett: 90 Years of Laughter + Love,2023,movie,0,false,false,false,false,,
tm1334203,The Judds: Love Is Alive - The Final Concert,2023,movie,1,true,true,false,false,Paramount+,FLATRATE
tm1422411,Mary Berry's Highland Christmas,2023,movie,1,true,true,false,false,PBS Living,BUY|FLATRATE|FREE|RENT
tm1369348,Jaws vs. the Meg,2023,movie,1,true,true,false,false,Max,FLATRATE
tm1414106,Holiday Party with Andrew and Zoë,2023,movie,2,true,false,false,false,Discovery+|Max,FLATRATE
tm1309095,Dead Hot: Season of the Witch,2023,movie,0,false,false,true,false,,BUY
tm1367104,La Narcosatánica,2023,movie,0,false,false,false,false,,
tm1321022,A Salute to NCIS: Los Angeles,2023,movie,0,false,false,false,false,,
tm1343889,Code Red Planet Earth,2023,movie,0,false,false,true,false,,ADS|BUY|FREE
tm1265259,80th Golden Globe Awards,2023,movie,0,false,false,false,false,,
tm1430045,Miss Fashion Global: The Quest for the Crown,2023,movie,0,false,false,true,false,,ADS|BUY|FREE|RENT
tm1407935,Miss Europe Continental 2023,2023,movie,0,false,false,true,false,,BUY|RENT
tm1434105,2023: Back That Year Up,2023,movie,1,true,true,false,false,Peacock,FLATRATE
ts373912,The Traitors,2023,show,1,true,true,false,false,Peacock,FLATRATE
ts381807,House of Villains,2023,show,1,true,true,false,false,Peacock,ADS|BUY|FLATRATE|FREE
ts399330,The Traitors Canada,2023,show,1,true,true,false,false,Peacock,FLATRATE
ts366325,Farmer Wants a Wife,2023,show,1,true,true,false,false,Hulu,ADS|BUY|FLATRATE
ts381294,For the Love of DILFs,2023,show,3,true,false,false,false,Fuse+|OUTtv|Peacock,ADS|BUY|FLATRATE
ts386595,The Ultimatum: Queer Love,2023,show,1,true,true,false,false,Netflix,FLATRATE
ts385350,King of Collectibles: The Goldin Touch,2023,show,1,true,true,false,false,Netflix,FLATRATE
ts390066,The Golden Bachelor,2023,show,0,false,false,true,false,,BUY
ts356925,Squid Game: The Challenge,2023,show,1,true,true,false,false,Netflix,FLATRATE
ts350388,Tribunal Justice,2023,show,1,true,true,false,false,Amazon Prime Video,ADS|FLATRATE
ts381380,Outlast,2023,show,1,true,true,false,false,Netflix,FLATRATE
ts401681,Love Island Games,2023,show,1,true,true,false,false,Peacock,FLATRATE
ts390580,Siren: Survive the Island,2023,show,1,true,true,false,false,Netflix,FLATRATE
ts377016,MILF Manor,2023,show,1,true,true,false,false,Discovery+,BUY|FLATRATE|FREE
ts386979,Naked and Afraid: Last One Standing,2023,show,2,true,false,false,false,Discovery+|Max,BUY|FLATRATE|FREE
ts391961,East Harbour Heroes,2023,show,3,true,false,false,false,Amazon Prime Video|Discovery+|Peacock,ADS|BUY|FLATRATE|FREE
ts374449,The Climb,2023,show,1,true,true,false,false,Max,FLATRATE
ts386587,Alone Australia,2023,show,3,true,false,false,false,Disney+|HISTORY Vault|Hulu,ADS|BUY|FLATRATE|FREE
ts381278,Taskmaster,2023,show,0,false,false,false,false,,
ts405909,Kitchen Nightmares,2023,show,2,true,false,false,false,Disney+|Hulu,ADS|BUY|FLATRATE
ts389247,House of Sims,2023,show,1,true,true,false,false,Amazon Prime Video,ADS|BUY|FLATRATE
ts384286,Jeopardy! Masters,2023,show,2,true,false,false,false,Hulu|Peacock,FLATRATE
ts387702,Stars on Mars,2023,show,2,true,false,false,false,Disney+|Hulu,ADS|FLATRATE
ts350827,The Gentle Art of Swedish Death Cleaning,2023,show,1,true,true,false,false,Peacock,FLATRATE
ts389830,Beyond Skinwalker Ranch,2023,show,3,true,false,false,false,Disney+|HISTORY Vault|Hulu,ADS|BUY|FLATRATE|FREE
ts377147,I Kissed a Boy,2023,show,1,true,true,false,false,Hulu,FLATRATE
ts406173,Building Outside the Lines,2023,show,3,true,false,false,false,Discovery+|Magnolia Network|Max,BUY|FLATRATE
ts367138,Physical: 100,2023,show,1,true,true,false,false,Netflix,FLATRATE
ts394747,90 Day: The Last Resort,2023,show,2,true,false,false,false,Discovery+|Max,BUY|FLATRATE|FREE
ts365701,Special Forces: World's Toughest Test,2023,show,2,true,false,false,false,Disney+|Hulu,BUY|FLATRATE|FREE
ts386459,Survive the Raft,2023,show,2,true,false,false,false,Discovery+|Max,BUY|FLATRATE|FREE
ts394824,Naked and Afraid: Castaways,2023,show,1,true,true,false,false,Discovery+,BUY|FLATRATE|FREE
ts386453,Fixer Upper: The Hotel,2023,show,4,true,false,false,false,Discovery+|Disney+|Hulu|Magnolia Network,ADS|BUY|FLATRATE
ts386566,Great Australian Stuff,2023,show,1,true,true,false,false,Amazon Prime Video,FLATRATE
ts411137,Big Brother Reindeer Games,2023,show,0,false,false,true,false,,BUY
ts390534,Gordon Ramsay's Food Stars (US),2023,show,2,true,false,false,false,Disney+|Hulu,ADS|BUY|FLATRATE
ts392263,Hack My Home,2023,show,1,true,true,false,false,Netflix,FLATRATE
ts379643,Cheat,2023,show,1,true,true,false,false,Netflix,FLATRATE
tm965195,Tetris,2023,movie,1,true,true,false,false,Apple TV+,BUY|FLATRATE|RENT
tm1319574,Jeanne du Barry,2023,movie,1,true,true,false,false,Amazon Prime Video,BUY|CINEMA|FLATRATE|FREE|RENT
tm1374533,Origin,2023,movie,0,false,false,true,false,,BUY|FREE
tm1363096,Strawman,2023,movie,1,true,true,false,false,Netflix,FLATRATE
tm1344922,The Promised Land,2023,movie,2,true,false,false,false,Disney+|Hulu,BUY|CINEMA|FLATRATE|FREE|RENT
tm1375796,The Burial,2023,movie,1,true,true,false,false,Amazon Prime Video,ADS|CINEMA|FLATRATE
tm1266562,Jesus Revolution,2023,movie,2,true,false,false,false,MovieSphere+|Wonder Project,BUY|CINEMA|FLATRATE|RENT
tm1295000,Flamin' Hot,2023,movie,2,true,false,false,false,Disney+|Hulu,CINEMA|FLATRATE
tm1314148,The Thorn,2023,movie,1,true,true,false,false,UP Faith & Family,BUY|FLATRATE|RENT
tm1015760,Chernobyl: The Lost Tapes,2023,movie,1,true,true,false,false,Max,FLATRATE
tm1102362,The Three Musketeers: D'Artagnan,2023,movie,1,true,true,false,false,Amazon Prime Video,ADS|BUY|CINEMA|FLATRATE|FREE|RENT
tm1342043,Unknown: The Lost Pyramid,2023,movie,1,true,true,false,false,Netflix,FLATRATE
tm1317713,Brooklyn 45,2023,movie,2,true,false,false,false,AMC+|Shudder,BUY|FLATRATE|FREE|RENT
tm1357418,Society of the Snow,2023,movie,1,true,true,false,false,Netflix,FLATRATE
tm1359064,C'è ancora domani,2023,movie,0,false,false,false,false,,BUY|CINEMA|FREE|RENT
tm1389604,Dos manzanas,2023,movie,0,false,false,true,false,,BUY|RENT
tm853474,Grandpa Was an Emperor,2023,movie,1,true,true,false,false,Amazon Prime Video,ADS|BUY|FLATRATE|FREE|RENT
tm1383986,Once Upon a Star,2023,movie,1,true,true,false,false,Netflix,FLATRATE
ts223274,White House Plumbers,2023,show,1,true,true,false,false,Max,BUY|FLATRATE
ts273597,The Reckoning,2023,show,0,false,false,false,false,,
ts316580,History of the World: Part II,2023,show,2,true,false,false,false,Disney+|Hulu,FLATRATE
ts386473,100 Years of Warner Bros.,2023,show,1,true,true,false,false,Max,FLATRATE
ts314237,Song of the Bandits,2023,show,1,true,true,false,false,Netflix,FLATRATE
ts394944,The Sixth Commandment,2023,show,2,true,false,false,false,Amazon Prime Video|BritBox,FLATRATE
ts396838,Destruction Decoded,2023,show,9,true,false,false,false,Amazon Prime Video|Cineverse|Curiosity Stream|Discovery+|Disney+|DocuramaFilms|Magellan TV|Max|Xive TV Documentaries,ADS|BUY|FLATRATE|FREE
ts388320,The Game Show Show,2023,show,2,true,false,false,false,Disney+|Hulu,FLATRATE
ts396305,Till Murder Do Us Part: Soering vs. Haysom,2023,show,1,true,true,false,false,Netflix,FLATRATE
ts358845,Ghosts of Beirut,2023,show,1,true,true,false,false,Paramount+,BUY|FLATRATE
ts398071,The Long Shadow,2023,show,1,true,true,false,false,AMC+,BUY|FLATRATE
ts409106,BlackBerry,2023,show,1,true,true,false,false,AMC+,FLATRATE
ts393686,The Mega-Brands That Built America,2023,show,3,true,false,false,false,Amazon Prime Video|HISTORY Vault|Hulu,ADS|BUY|FLATRATE|FREE
ts393118,Superpowered: The DC Story,2023,show,1,true,true,false,false,Max,FLATRATE
ts394593,Rurôni Kenshin: Meiji kenkaku romantan,2023,show,4,true,false,false,false,Crunchyroll|Disney+|Hulu|Netflix,BUY|FLATRATE
ts406964,Mysteries of the Faith,2023,show,1,true,true,false,false,Netflix,FLATRATE
ts232448,Trial by Fire,2023,show,1,true,true,false,false,Netflix,FLATRATE
ts293014,The 1619 Project,2023,show,2,true,false,false,false,Disney+|Hulu,FLATRATE
ts260301,Great Expectations,2023,show,2,true,false,false,false,Disney+|Hulu,FLATRATE
ts353054,Bardot,2023,show,0,false,false,false,false,,FLATRATE
ts386450,Queen Cleopatra,2023,show,1,true,true,false,false,Netflix,FLATRATE
ts344480,History's Greatest Heists with Pierce Brosnan,2023,show,2,true,false,false,false,A&E Crime Central|HISTORY Vault,ADS|BUY|FLATRATE|FREE
ts396359,Black Cake,2023,show,2,true,false,false,false,Disney+|Hulu,FLATRATE
ts349019,Waco: The Aftermath,2023,show,1,true,true,false,false,Paramount+,BUY|FLATRATE
ts392860,Il Principe,2023,show,1,true,true,false,false,Netflix,FLATRATE
ts322275,Eva Longoria: Searching for Mexico,2023,show,1,true,true,false,false,Max,ADS|BUY|FLATRATE|FREE
tm1362896,A Million Miles Away,2023,movie,1,true,true,false,false,Amazon Prime Video,ADS|CINEMA|FLATRATE
tm952314,Transformers: Rise of the Beasts,2023,movie,1,true,true,false,false,Paramount+,BUY|CINEMA|FLATRATE|RENT
tm1364142,Doctor Who: The Star Beast,2023,movie,0,false,false,false,false,,
tm1340807,Aporia,2023,movie,2,true,false,false,false,Disney+|Hulu,BUY|CINEMA|FLATRATE|FREE|RENT
tm1200747,Unidentified Objects,2023,movie,1,true,true,false,false,Amazon Prime Video,ADS|BUY|CINEMA|FLATRATE|FREE|RENT
tm1158764,JUNG_E,2023,movie,1,true,true,false,false,Netflix,FLATRATE
tm1315627,Interface,2023,movie,1,true,true,false,false,Amazon Prime Video,ADS|BUY|FLATRATE|FREE|RENT
tm1126681,They Cloned Tyrone,2023,movie,1,true,true,false,false,Netflix,CINEMA|FLATRATE
tm921098,Concrete Utopia,2023,movie,1,true,true,false,false,Rakuten Viki,BUY|CINEMA|FLATRATE
tm1364177,Doctor Who: Wild Blue Yonder,2023,movie,1,true,true,false,false,Disney+,FLATRATE
tm1361445,Awareness,2023,movie,1,true,true,false,false,Amazon Prime Video,FLATRATE
ts297879,The Big Door Prize,2023,show,1,true,true,false,false,Apple TV+,FLATRATE
tm1248524,Butcher's Crossing,2023,movie,2,true,false,false,false,Disney+|Hulu,BUY|CINEMA|FLATRATE|RENT
tm1349118,In the Fire,2023,movie,1,true,true,false,false,Amazon Prime Video,ADS|BUY|CINEMA|FLATRATE|FREE|RENT
tm1380618,Far Haven,2023,movie,3,true,false,false,false,Amazon Prime Video|Runtime|UP Faith & Family,ADS|BUY|FLATRATE|FREE|RENT
tm1183657,Organ Trail,2023,movie,1,true,true,false,false,Amazon Prime Video,BUY|FLATRATE|RENT
tm1332468,Bullets for the Bad,2023,movie,2,true,false,false,false,Magnolia Selects|Warriors and Gangsters,ADS|BUY|FLATRATE|FREE|RENT
tm1338894,The Settlers,2023,movie,1,true,true,false,false,MUBI,BUY|CINEMA|FLATRATE|RENT
tm1313406,Ghost Town,2023,movie,1,true,true,false,false,Amazon Prime Video,ADS|BUY|FLATRATE|FREE|RENT
tm1203491,Quantum Cowboys,2023,movie,2,true,false,false,false,Amazon Prime Video|Midnight Pulp,ADS|BUY|FLATRATE|FREE|RENT
tm369748,Outlaw Johnny Black,2023,movie,1,true,true,false,false,Starz,BUY|CINEMA|FLATRATE|FREE|RENT
tm1053827,The Devil Comes at Night,2023,movie,2,true,false,false,false,Amazon Prime Video|Bloodstream,ADS|BUY|FLATRATE|FREE|RENT
tm1345441,End of the Rope,2023,movie,1,true,true,false,false,Amazon Prime Video,ADS|BUY|FLATRATE|FREE|RENT
tm1339046,Surrounded,2023,movie,0,false,false,true,false,,BUY|RENT
tm1305879,Deadland,2023,movie,1,true,true,false,false,Amazon Prime Video,ADS|BUY|CINEMA|FLATRATE|FREE|RENT
tm1355176,Dead Man's Hand,2023,movie,1,true,true,false,false,Amazon Prime Video,ADS|BUY|CINEMA|FLATRATE|FREE|RENT
tm1318362,Homestead,2023,movie,0,false,false,true,false,,ADS|BUY|FLATRATE|FREE|RENT
tm1398530,The Warrant: Breaker's Law,2023,movie,2,true,false,false,false,Amazon Prime Video|UP Faith & Family,ADS|BUY|FLATRATE|FREE|RENT
tm1085660,Six Days to Die,2023,movie,0,false,false,true,false,,ADS|BUY|FREE|RENT
tm1394469,Birthright Outlaw,2023,movie,2,true,false,false,false,Pure Flix|UP Faith & Family,BUY|FLATRATE|RENT
tm1359166,The Perfect Hand,2023,movie,1,true,true,false,false,FlixFling,ADS|BUY|FLATRATE|FREE|RENT
tm953576,Bordello,2023,movie,1,true,true,false,false,Amazon Prime Video,ADS|BUY|FLATRATE|FREE|RENT
tm1392460,Among Wolves,2023,movie,0,false,false,true,false,,ADS|BUY|FLATRATE|FREE|RENT
tm1323670,Wyatt Earp and Bass Reeves,2023,movie,1,true,true,false,false,Amazon Prime Video,ADS|BUY|FLATRATE|FREE|RENT
tm1284433,Gunfight at Rio Bravo,2023,movie,1,true,true,false,false,Amazon Prime Video,ADS|BUY|FLATRATE|FREE|RENT
tm1029521,The Haunting of Hell Hole Mine,2023,movie,0,false,false,true,false,,ADS|BUY|FLATRATE|FREE|RENT
tm1273117,Läif a Séil,2023,movie,0,false,false,true,false,,BUY|RENT
tm1307115,Adult World: Masked for Her Pleasure,2023,movie,0,false,false,true,false,,BUY|FREE|RENT
tm1325596,Two Sinners and a Mule,2023,movie,2,true,false,false,false,Amazon Prime Video|MovieSphere+,ADS|BUY|FLATRATE|FREE|RENT
tm1249586,Gunfight at Cold Cross,2023,movie,1,true,true,false,false,Amazon Prime Video,ADS|BUY|FLATRATE|FREE|RENT
tm1401708,Warboy,2023,movie,0,false,false,false,false,,ADS|FREE
tm1353940,Butch vs. Sundance,2023,movie,1,true,true,false,false,Amazon Prime Video,ADS|BUY|FLATRATE|RENT
tm1303846,The Five,2023,movie,0,false,false,true,false,,ADS|BUY|FREE|RENT
tm1385783,Deadly Western,2023,movie,1,true,true,false,false,Troma NOW,ADS|BUY|FLATRATE|FREE|RENT
tm1301336,Trail of Justice,2023,movie,1,true,true,false,false,MovieSphere+,ADS|BUY|FLATRATE|RENT
tm1330336,The Killing of Billy the Kid,2023,movie,0,false,false,true,false,,ADS|BUY|RENT
tm1318624,Doc Holliday,2023,movie,1,true,true,false,false,Amazon Prime Video,ADS|BUY|FLATRATE|FREE|RENT
tm1389248,Once Upon a Time in the Caribbean,2023,movie,0,false,false,false,false,,ADS|FREE
tm1341449,Halfway to Amarillo,2023,movie,1,true,true,false,false,Amazon Prime Video,ADS|BUY|FLATRATE|FREE|RENT
tm1349539,Go West,2023,movie,0,false,false,false,false,,ADS|BUY|CINEMA|FREE|RENT
tm1359651,The Golden West,2023,movie,0,false,false,false,false,,FREE
tm1300136,Tales from the Old West,2023,movie,0,false,false,true,false,,ADS|BUY|RENT
tm1243130,Provo,2023,movie,1,true,true,false,false,Amazon Prime Video,ADS|BUY|FLATRATE|FREE|RENT
tm1332854,All Men Are Wicked,2023,movie,0,false,false,true,false,,ADS|BUY|FREE|RENT
tm1322563,Saving for the Day,2023,movie,0,false,false,true,false,,ADS|BUY|RENT
tm1434900,Grassland,2023,movie,0,false,false,true,false,,ADS|BUY|FLATRATE|FREE|RENT
tm1354602,The Counterfeit Kid,2023,movie,0,false,false,true,false,,ADS|BUY|FREE|RENT
tm1402690,The Oldest Posse,2023,movie,0,false,false,true,false,,ADS|BUY|FREE|RENT
tm1353848,Among the Willows,2023,movie,1,true,true,false,false,Amazon Prime Video,ADS|BUY|FLATRATE|FREE|RENT
ts367820,Ride,2023,show,1,true,true,false,false,Hallmark+,BUY|FLATRATE
ts284263,Django,2023,show,1,true,true,false,false,Netflix,FLATRATE
ts312462,The Head of Joaquín Murrieta,2023,show,1,true,true,false,false,Amazon Prime Video,FLATRATE
ts383492,Casa Grande,2023,show,1,true,true,false,false,Amazon Prime Video,ADS
tm1137671,Everything Everywhere All at Once,2022,movie,1,true,true,false,false,Max,BUY|CINEMA|FLATRATE|RENT
tm1198110,The Menu,2022,movie,1,true,true,false,false,Amazon Prime Video,BUY|FLATRATE|FREE|RENT
tm101552,Weird: The Al Yankovic Story,2022,movie,0,false,false,true,false,,ADS|BUY|FREE|RENT
tm853534,The Unbearable Weight of Massive Talent,2022,movie,0,false,false,true,false,,BUY|FLATRATE|RENT
tm1253698,Babylon,2022,movie,1,true,true,false,false,Paramount+,BUY|FLATRATE|RENT
tm1177080,The Banshees of Inisherin,2022,movie,0,false,false,true,false,,BUY|FLATRATE|FREE|RENT
tm1069551,Bullet Train,2022,movie,2,true,false,false,false,Disney+|Hulu,BUY|FLATRATE|RENT
tm950279,Triangle of Sadness,2022,movie,1,true,true,false,false,Netflix,BUY|FLATRATE|FREE|RENT
tm1198503,Jerry & Marge Go Large,2022,movie,1,true,true,false,false,Paramount+,BUY|FLATRATE|RENT
tm915749,Glass Onion: A Knives Out Mystery,2022,movie,1,true,true,false,false,Netflix,FLATRATE
tm1172928,A Man Called Otto,2022,movie,3,true,false,false,false,Amazon Prime Video|Disney+|Hulu,BUY|CINEMA|FLATRATE|RENT
tm1094621,Ticket to Paradise,2022,movie,1,true,true,false,false,Netflix,BUY|FLATRATE|RENT
tm558,Puss in Boots: The Last Wish,2022,movie,1,true,true,false,false,Peacock,BUY|FLATRATE|RENT
tm1166362,Deadstream,2022,movie,3,true,false,false,false,AMC+|Netflix|Shudder,BUY|FLATRATE|FREE|RENT
tm1000711,The Lost City,2022,movie,2,true,false,false,false,Netflix|Paramount+,BUY|FLATRATE|RENT
tm1113459,Mrs. Harris Goes to Paris,2022,movie,1,true,true,false,false,Netflix,BUY|FLATRATE|RENT
tm1138702,Sick of Myself,2022,movie,1,true,true,false,false,MUBI,BUY|CINEMA|FLATRATE|FREE|RENT
tm831319,The Manhattan Project,2022,movie,1,true,true,false,false,Amazon Prime Video,ADS|BUY|FLATRATE|FREE|RENT
tm1166331,The Bad Guys,2022,movie,1,true,true,false,false,Netflix,BUY|FLATRATE|RENT
tm1000565,All Eyes Off Me,2022,movie,0,false,false,true,false,,ADS|BUY|FREE|RENT
tm675052,Big Gold Brick,2022,movie,1,true,true,false,false,Amazon Prime Video,ADS|BUY|FLATRATE|FREE|RENT
tm919225,Sonic the Hedgehog 2,2022,movie,2,true,false,false,false,Netflix|Paramount+,BUY|FLATRATE|RENT
tm915827,Bros,2022,movie,1,true,true,false,false,Netflix,BUY|FLATRATE|RENT
tm1184971,Green Ghost and the Masters of the Stone,2022,movie,1,true,true,false,false,Amazon Prime Video,BUY|FLATRATE|RENT
tm1212753,A Christmas Story Christmas,2022,movie,1,true,true,false,false,Max,BUY|FLATRATE|RENT
tm899036,Vengeance,2022,movie,1,true,true,false,false,Netflix,BUY|FLATRATE|RENT
tm1236639,"Confess, Fletch",2022,movie,1,true,true,false,false,Paramount+,BUY|FLATRATE|RENT
tm1128920,Violent Night,2022,movie,1,true,true,false,false,Peacock,BUY|FLATRATE|RENT
tm1187561,The Greatest Beer Run Ever,2022,movie,1,true,true,false,false,Apple TV+,FLATRATE
tm1102044,Squeal,2022,movie,1,true,true,false,false,Amazon Prime Video,ADS|BUY|FLATRATE|FREE|RENT
tm847080,Jackass Forever,2022,movie,1,true,true,false,false,Paramount+,BUY|FLATRATE|RENT
tm1120840,Hocus Pocus 2,2022,movie,1,true,true,false,false,Disney+,FLATRATE
tm1101086,Marcel the Shell with Shoes On,2022,movie,0,false,false,false,false,,BUY|CINEMA|RENT
tm1182072,Not Okay,2022,movie,2,true,false,false,false,Disney+|Hulu,FLATRATE
tm460828,Hotel Transylvania: Transformania,2022,movie,1,true,true,false,false,Amazon Prime Video,ADS|BUY|FLATRATE|RENT
tm300799,Minions: The Rise of Gru,2022,movie,1,true,true,false,false,Netflix,BUY|FLATRATE|RENT
tm1256905,Christmas Bloody Christmas,2022,movie,3,true,false,false,false,AMC+|Netflix|Shudder,BUY|FLATRATE|FREE|RENT
tm1253617,The Storied Life of A.J. Fikry,2022,movie,1,true,true,false,false,Netflix,BUY|FLATRATE|FREE|RENT
tm1226659,See How They Run,2022,movie,0,false,false,true,false,,BUY|FLATRATE|RENT
tm1268038,Sam & Kate,2022,movie,2,true,false,false,false,Amazon Prime Video|Hulu,ADS|BUY|FLATRATE|FREE|RENT
tm1249953,All Eyes,2022,movie,1,true,true,false,false,Amazon Prime Video,ADS|BUY|FLATRATE|FREE|RENT
tm855028,Amsterdam,2022,movie,0,false,false,true,false,,BUY|FLATRATE|RENT
tm871378,Dog,2022,movie,1,true,true,false,false,Hulu,ADS|BUY|FLATRATE|RENT
tm1314724,Little Jar,2022,movie,1,true,true,false,false,Amazon Prime Video,ADS|BUY|FLATRATE|FREE|RENT
tm1275351,Christmas with the Campbells,2022,movie,1,true,true,false,false,AMC+,BUY|FLATRATE|RENT
tm1162917,Singles,2022,movie,0,false,false,true,false,,ADS|BUY|FREE|RENT
tm1138043,Fresh,2022,movie,2,true,false,false,false,Disney+|Hulu,FLATRATE
tm994805,Bodies Bodies Bodies,2022,movie,0,false,false,true,false,,BUY|FREE|RENT
tm466906,Luck,2022,movie,1,true,true,false,false,Apple TV+,FLATRATE
tm1180268,Raymond & Ray,2022,movie,1,true,true,false,false,Apple TV+,FLATRATE
ts314106,The Bear,2022,show,2,true,false,false,false,Disney+|Hulu,FLATRATE
ts131317,Slow Horses,2022,show,1,true,true,false,false,Apple TV+,FLATRATE
ts230063,The Legend of Vox Machina,2022,show,1,true,true,false,false,Amazon Prime Video,ADS|FLATRATE
ts254885,Peacemaker,2022,show,1,true,true,false,false,Max,BUY|FLATRATE
ts354456,Colin from Accounts,2022,show,1,true,true,false,false,Paramount+,BUY|FLATRATE
ts329796,Shoresy,2022,show,2,true,false,false,false,Disney+|Hulu,FLATRATE
ts274631,Wednesday,2022,show,1,true,true,false,false,Netflix,BUY|FLATRATE
ts354368,Mike Judge's Beavis and Butt-Head,2022,show,2,true,false,false,false,Netflix|Paramount+,FLATRATE
ts251470,Somebody Somewhere,2022,show,1,true,true,false,false,Max,FLATRATE
ts349630,Love on the Spectrum,2022,show,1,true,true,false,false,Netflix,FLATRATE
ts324256,Zatima,2022,show,1,true,true,false,false,Paramount+,BUY|FLATRATE
ts313110,Bad Sisters,2022,show,1,true,true,false,false,Apple TV+,FLATRATE
ts251564,The Afterparty,2022,show,1,true,true,false,false,Apple TV+,FLATRATE
ts283022,SPY x FAMILY,2022,show,3,true,false,false,false,Crunchyroll|Disney+|Hulu,BUY|FLATRATE
ts269483,Chainsaw Man,2022,show,3,true,false,false,false,Crunchyroll|Disney+|Hulu,BUY|FLATRATE
ts281904,The Eminence in Shadow,2022,show,3,true,false,false,false,Disney+|Hidive|Hulu,BUY|FLATRATE
ts309846,Shining Vale,2022,show,1,true,true,false,false,Max,BUY|FLATRATE
ts286543,My Dress-Up Darling,2022,show,2,true,false,false,false,Crunchyroll|Netflix,BUY|FLATRATE
ts227727,Our Flag Means Death,2022,show,1,true,true,false,false,Max,FLATRATE
ts341830,The Resort,2022,show,1,true,true,false,false,Peacock,BUY|FLATRATE
ts328439,Harry Wild,2022,show,1,true,true,false,false,Acorn TV,ADS|BUY|FAST|FLATRATE|FREE
ts346042,Loot,2022,show,1,true,true,false,false,Apple TV+,FLATRATE
ts359675,The Rehearsal,2022,show,1,true,true,false,false,Max,BUY|FLATRATE
ts108603,This Is Going to Hurt,2022,show,3,true,false,false,false,AMC+|Acorn TV|Netflix,ADS|BUY|FLATRATE|FREE
ts272563,Minx,2022,show,2,true,false,false,false,MovieSphere+|Netflix,BUY|FLATRATE
ts317359,Eve,2022,show,3,true,false,false,false,Amazon Prime Video|Netflix|Rakuten Viki,ADS|FLATRATE
ts330185,Heartbreak High,2022,show,1,true,true,false,false,Netflix,FLATRATE
ts308655,Son of a Critch,2022,show,1,true,true,false,false,Amazon Prime Video,ADS|BUY|FLATRATE|FREE
ts364947,Cunk on Earth,2022,show,1,true,true,false,false,Netflix,FLATRATE
ts361212,Big Boys,2022,show,2,true,false,false,false,Disney+|Hulu,BUY|FLATRATE
ts297133,The Boss,2022,show,2,true,false,false,false,Disney+|Hulu,FLATRATE
ts344643,Alpha Males,2022,show,1,true,true,false,false,Netflix,FLATRATE
ts270501,Irma Vep,2022,show,1,true,true,false,false,Max,BUY|FLATRATE
ts353298,So Help Me Todd,2022,show,0,false,false,true,false,,BUY
ts277084,Man vs Bee,2022,show,1,true,true,false,false,Netflix,FLATRATE
ts355305,Var Bunlar,2022,show,0,false,false,false,false,,
ts327644,The Santa Clauses,2022,show,1,true,true,false,false,Disney+,FLATRATE
ts346314,Here We Go,2022,show,1,true,true,false,false,BritBox,FLATRATE
ts368811,Wreck,2022,show,2,true,false,false,false,Disney+|Hulu,BUY|FLATRATE
ts311095,Sister Boniface Mysteries,2022,show,1,true,true,false,false,BritBox,BUY|FLATRATE|FREE
ts298563,Why Didn't They Ask Evans?,2022,show,1,true,true,false,false,BritBox,BUY|FLATRATE
ts260972,"Single, Out",2022,show,1,true,true,false,false,Here TV,ADS|BUY|FLATRATE
ts297411,Wolf Like Me,2022,show,1,true,true,false,false,Peacock,FLATRATE
ts371461,LOL: Skrattar bäst som skrattar sist,2022,show,1,true,true,false,false,Amazon Prime Video,FLATRATE
ts349518,Mo,2022,show,1,true,true,false,false,Netflix,FLATRATE
ts330112,The Lake,2022,show,1,true,true,false,false,Amazon Prime Video,FLATRATE
ts312306,Oh Hell,2022,show,1,true,true,false,false,Max,FLATRATE
ts292464,This Fool,2022,show,2,true,false,false,false,Disney+|Hulu,FLATRATE
ts317669,Yofukashi no uta,2022,show,3,true,false,false,false,Disney+|Hidive|Hulu,BUY|FLATRATE
ts314448,Roar,2022,show,1,true,true,false,false,Apple TV+,FLATRATE
tm244142,The Batman,2022,movie,1,true,true,false,false,Max,BUY|FLATRATE|RENT
tm372685,Death on the Nile,2022,movie,2,true,false,false,false,Disney+|Hulu,BUY|FLATRATE|FREE|RENT
tm1199158,Heojil kyolshim,2022,movie,1,true,true,false,false,MUBI,BUY|FLATRATE|RENT
tm1149859,Deep Water,2022,movie,2,true,false,false,false,Disney+|Hulu,FLATRATE
tm974547,Ambulance,2022,movie,1,true,true,false,false,Netflix,BUY|FLATRATE|RENT
tm1138018,Emily the Criminal,2022,movie,0,false,false,true,false,,ADS|BUY|RENT
tm1107591,Enola Holmes 2,2022,movie,1,true,true,false,false,Netflix,FLATRATE
tm1145913,Wifelike,2022,movie,0,false,false,true,false,,BUY|RENT
tm1235387,Rogue Agent,2022,movie,3,true,false,false,false,AMC+|Acorn TV|Sundance Now,BUY|FLATRATE|FREE|RENT
tm1196519,The Silent Twins,2022,movie,1,true,true,false,false,Netflix,BUY|FLATRATE|RENT
tm1109713,The Outfit,2022,movie,1,true,true,false,false,Netflix,BUY|FLATRATE|RENT
tm1277223,The Lost One,2022,movie,1,true,true,false,false,Amazon Prime Video,ADS|BUY|FLATRATE|RENT
tm1271090,Mindcage,2022,movie,1,true,true,false,false,Amazon Prime Video,ADS|BUY|FLATRATE|RENT
tm1130127,Shattered,2022,movie,2,true,false,false,false,Amazon Prime Video|MovieSphere+,ADS|BUY|FLATRATE|RENT
tm1083213,She Said,2022,movie,1,true,true,false,false,Peacock,ADS|BUY|FLATRATE|RENT
tm1191847,Till,2022,movie,0,false,false,true,false,,BUY|RENT
tm1272739,A Friend of the Family: True Evil,2022,movie,1,true,true,false,false,Peacock,FLATRATE
tm1226153,Suitcase Killer: The Melanie McGuire Story,2022,movie,2,true,false,false,false,Lifetime Movie Club|Netflix,ADS|BUY|FLATRATE|FREE|RENT
tm1099323,The Score,2022,movie,1,true,true,false,false,Amazon Prime Video,ADS|BUY|FLATRATE|FREE|RENT
tm1174318,The Pale Blue Eye,2022,movie,1,true,true,false,false,Netflix,FLATRATE
tm1104434,Ray Donovan: The Movie,2022,movie,0,false,false,true,false,,BUY
tm834946,Samaritan,2022,movie,1,true,true,false,false,Amazon Prime Video,ADS|BUY|FLATRATE
tm1198541,Joyride,2022,movie,0,false,false,true,false,,BUY|FREE|RENT
tm1269657,Orgasm Inc: The Story of OneTaste,2022,movie,1,true,true,false,false,Netflix,FLATRATE
tm1142596,Alice,2022,movie,1,true,true,false,false,Netflix,ADS|BUY|FLATRATE|FREE|RENT
tm1195108,Broker,2022,movie,0,false,false,true,false,,ADS|BUY|FREE|RENT
tm1124247,The Good Neighbor,2022,movie,0,false,false,true,false,,ADS|BUY|FREE|RENT
tm1228660,Recurrence,2022,movie,1,true,true,false,false,Netflix,FLATRATE
tm1179574,Lost & Found,2022,movie,0,false,false,false,false,,
tm1092662,A Day to Die,2022,movie,1,true,true,false,false,Netflix,ADS|BUY|FLATRATE|FREE|RENT
tm1229846,My Daughter's Killer,2022,movie,1,true,true,false,false,Netflix,FLATRATE
tm372456,The Bob's Burgers Movie,2022,movie,0,false,false,true,false,,BUY|FLATRATE|FREE|RENT
tm1196288,Our Father,2022,movie,1,true,true,false,false,Netflix,FLATRATE
tm1238495,Hounded,2022,movie,2,true,false,false,false,Amazon Prime Video|Bloodstream,ADS|BUY|FLATRATE|FREE|RENT
tm1260510,The Gabby Petito Story,2022,movie,1,true,true,false,false,Lifetime Movie Club,BUY|FLATRATE|FREE|RENT
tm1251290,Girl Gone Bad,2022,movie,1,true,true,false,false,Amazon Prime Video,ADS|BUY|FLATRATE|FREE|RENT
tm1239427,Running with the Devil: The Wild World of John McAfee,2022,movie,1,true,true,false,false,Netflix,FLATRATE
tm1191196,God's Petting You,2022,movie,1,true,true,false,false,Amazon Prime Video,ADS|BUY|FLATRATE|FREE|RENT
tm1020438,Spiderhead,2022,movie,1,true,true,false,false,Netflix,FLATRATE
tm1185374,The Mystery of Marilyn Monroe: The Unheard Tapes,2022,movie,1,true,true,false,false,Netflix,FLATRATE
tm1231633,End of the Road,2022,movie,1,true,true,false,false,Netflix,FLATRATE
tm1165983,The Weekend Away,2022,movie,1,true,true,false,false,Netflix,FLATRATE
tm1279364,Who Killed Santa? A Murderville Murder Mystery,2022,movie,1,true,true,false,false,Netflix,FLATRATE
ts300078,Dark Winds,2022,show,2,true,false,false,false,AMC+|Netflix,ADS|BUY|FLATRATE|FREE
ts314375,Reacher,2022,show,1,true,true,false,false,Amazon Prime Video,ADS|BUY|FLATRATE
ts271450,The Lincoln Lawyer,2022,show,1,true,true,false,false,Netflix,BUY|FLATRATE|FREE
ts320262,Tulsa King,2022,show,1,true,true,false,false,Paramount+,BUY|FLATRATE
ts343661,Black Bird,2022,show,1,true,true,false,false,Apple TV+,FLATRATE
ts341716,Karen Pirie,2022,show,1,true,true,false,false,BritBox,FLATRATE
ts287811,The Cleaning Lady,2022,show,2,true,false,false,false,Hulu|Max,BUY|FLATRATE
ts259709,The Offer,2022,show,1,true,true,false,false,Paramount+,BUY|FLATRATE
ts328473,The Devil's Hour,2022,show,1,true,true,false,false,Amazon Prime Video,FLATRATE
ts330153,Trigger Point,2022,show,2,true,false,false,false,BritBox|Peacock,FLATRATE
ts285915,The Staircase,2022,show,2,true,false,false,false,Max|Netflix,BUY|FLATRATE
ts287833,We Own This City,2022,show,1,true,true,false,false,Max,BUY|FLATRATE
ts357764,Mystery Road: Origin,2022,show,2,true,false,false,false,AMC+|Acorn TV,FLATRATE
ts251525,Shining Girls,2022,show,1,true,true,false,false,Apple TV+,FLATRATE
ts312513,Under the Banner of Heaven,2022,show,2,true,false,false,false,Disney+|Hulu,FLATRATE
ts224668,61st Street,2022,show,1,true,true,false,false,Netflix,ADS|BUY|FLATRATE|FREE
ts350142,#TextMeWhenYouGetHome,2022,show,5,true,false,false,false,A&E Crime Central|Amazon Prime Video|Disney+|Hulu|Lifetime Movie Club,ADS|BUY|FLATRATE|FREE
ts233948,Power Book IV: Force,2022,show,1,true,true,false,false,Starz,ADS|BUY|FLATRATE|FREE
ts356091,On Patrol: Live,2022,show,3,true,false,false,false,Amazon Prime Video|Peacock|REELZ+,ADS|FAST|FLATRATE|FREE
ts330312,Phoenix Rising,2022,show,1,true,true,false,false,Max,FLATRATE
ts285577,Inside Man,2022,show,1,true,true,false,false,Netflix,BUY|FLATRATE
ts373506,Takedown with Chris Hansen,2022,show,1,true,true,false,false,Amazon Prime Video,ADS|FLATRATE
ts269919,The Ipcress File,2022,show,2,true,false,false,false,AMC+|Acorn TV,FLATRATE
ts309360,Three Pines,2022,show,1,true,true,false,false,Amazon Prime Video,FLATRATE
ts213237,Tokyo Vice,2022,show,1,true,true,false,false,Max,BUY|FLATRATE
ts320489,Bosch: Legacy,2022,show,2,true,false,false,false,Amazon Prime Video|MGM+,ADS|FLATRATE
ts330172,Broken Ties,2022,show,0,false,false,false,false,,FLATRATE
ts258748,DAHMER - Monster: The Jeffrey Dahmer Story,2022,show,1,true,true,false,false,Netflix,FLATRATE
ts291196,The Chelsea Detective,2022,show,1,true,true,false,false,Acorn TV,BUY|FLATRATE|FREE
ts306247,Ridley,2022,show,0,false,false,true,false,,ADS|BUY|FLATRATE
ts235163,The Responder,2022,show,1,true,true,false,false,BritBox,BUY|FLATRATE
ts357344,The Most Hated Man on the Internet,2022,show,1,true,true,false,false,Netflix,FLATRATE
ts359671,Reasonable Doubt,2022,show,2,true,false,false,false,Disney+|Hulu,FLATRATE
ts322798,The Recruit,2022,show,1,true,true,false,false,Netflix,FLATRATE
ts360281,I Just Killed My Dad,2022,show,1,true,true,false,false,Netflix,FLATRATE
ts330732,Murdered at First Sight,2022,show,2,true,false,false,false,Amazon Prime Video|Peacock,ADS|BUY|FLATRATE|FREE
ts287366,The Rising,2022,show,0,false,false,true,false,,ADS|BUY
ts94677,Worst Roommate Ever,2022,show,1,true,true,false,false,Netflix,FLATRATE
ts358784,Çekiç ve Gül: Bir Behzat Ç. Hikayesi,2022,show,0,false,false,false,false,,
ts305546,Signora Volpe,2022,show,1,true,true,false,false,Acorn TV,BUY|FLATRATE|FREE
ts281225,Wrong Side of the Tracks,2022,show,1,true,true,false,false,Netflix,FLATRATE
ts368973,Low Country: The Murdaugh Dynasty,2022,show,1,true,true,false,false,Max,FLATRATE
ts373254,Pervert: Hunting the Strip Search Caller,2022,show,1,true,true,false,false,Netflix,FLATRATE
tm1042649,The Northman,2022,movie,1,true,true,false,false,Netflix,BUY|FLATRATE|RENT
tm1168127,Men,2022,movie,2,true,false,false,false,Amazon Prime Video|Max,ADS|BUY|FLATRATE|FREE|RENT
tm1904,Avatar: The Way of Water,2022,movie,1,true,true,false,false,Disney+,BUY|CINEMA|FLATRATE|RENT
tm1084340,Mad God,2022,movie,2,true,false,false,false,AMC+|Shudder,BUY|FLATRATE|FREE|RENT
tm1130012,You Won't Be Alone,2022,movie,0,false,false,true,false,,BUY|RENT
tm1239799,The Magic Flute,2022,movie,3,true,false,false,false,Amazon Prime Video|Disney+|Hulu,ADS|BUY|FLATRATE|FREE|RENT
tm491195,Three Thousand Years of Longing,2022,movie,0,false,false,true,false,,BUY|RENT
tm435124,Black Adam,2022,movie,1,true,true,false,false,Max,BUY|FLATRATE|RENT
tm1231876,Troll,2022,movie,1,true,true,false,false,Netflix,FLATRATE
tm318385,Doctor Strange in the Multiverse of Madness,2022,movie,1,true,true,false,false,Disney+,BUY|FLATRATE|RENT
tm438816,Guillermo del Toro's Pinocchio,2022,movie,1,true,true,false,false,Netflix,BUY|CINEMA|FLATRATE
tm1164256,Spirited,2022,movie,1,true,true,false,false,Apple TV+,BUY|FLATRATE|RENT
tm1241098,The Curse of Bridge Hollow,2022,movie,1,true,true,false,false,Netflix,FLATRATE
tm1141729,Please Baby Please,2022,movie,6,true,false,false,false,AMC+|Amazon Prime Video|Dekkoo|Midnight Pulp|OVID|Shudder,ADS|BUY|FLATRATE|FREE|RENT
tm983634,We're All Going to the World's Fair,2022,movie,1,true,true,false,false,Criterion Channel,BUY|FLATRATE|FREE|RENT
tm1158792,Werewolf by Night,2022,movie,1,true,true,false,false,Disney+,FLATRATE
tm435125,Morbius,2022,movie,1,true,true,false,false,Disney+,BUY|FLATRATE|FREE|RENT
tm1137051,Bubble,2022,movie,1,true,true,false,false,Netflix,FLATRATE
tm825242,Shin Ultraman,2022,movie,4,true,false,false,false,Amazon Prime Video|Cineverse|Midnight Pulp|Retrocrush,ADS|BUY|FLATRATE|RENT
tm816303,Dragon Ball Super: Super Hero,2022,movie,3,true,false,false,false,Crunchyroll|Disney+|Hulu,BUY|FLATRATE|RENT
tm1110157,Nocebo,2022,movie,2,true,false,false,false,AMC+|Shudder,BUY|FLATRATE|FREE|RENT
tm1043888,Hatching,2022,movie,2,true,false,false,false,AMC+|Sundance Now,BUY|FLATRATE|FREE|RENT
tm1201270,Spider-Man: All Roads Lead to No Way Home,2022,movie,0,false,false,false,false,,
tm1060775,"Lyle, Lyle, Crocodile",2022,movie,3,true,false,false,false,Amazon Prime Video|Disney+|Hulu,BUY|FLATRATE|FREE|RENT
tm1172100,Mona Lisa and the Blood Moon,2022,movie,0,false,false,true,false,,ADS|BUY|RENT
tm1168244,Firestarter,2022,movie,1,true,true,false,false,Netflix,BUY|FLATRATE|RENT
tm830445,Saloum,2022,movie,2,true,false,false,false,AMC+|Shudder,BUY|FLATRATE|FREE|RENT
tm1177201,An Ostrich Told Me the World Is Fake and I Think I Believe It,2022,movie,0,false,false,false,false,,
tm1216226,Z-O-M-B-I-E-S 3,2022,movie,1,true,true,false,false,Disney+,BUY|FLATRATE
tm942841,Night at the Museum: Kahmunrah Rises Again,2022,movie,1,true,true,false,false,Disney+,FLATRATE
tm1242082,Aqua Teen Forever: Plantasm,2022,movie,1,true,true,false,false,Max,BUY|FLATRATE|RENT
tm1067148,The Sea Beast,2022,movie,1,true,true,false,false,Netflix,FLATRATE
tm821210,Thor: Love and Thunder,2022,movie,1,true,true,false,false,Disney+,BUY|FLATRATE|RENT
tm1048382,Neptune Frost,2022,movie,1,true,true,false,false,Kino Film Collection,BUY|FLATRATE|FREE|RENT
tm1194463,Suzume,2022,movie,2,true,false,false,false,Crunchyroll|Netflix,BUY|CINEMA|FLATRATE|RENT
tm1213622,Vesper,2022,movie,3,true,false,false,false,AMC+|Shudder|Sundance Now,BUY|FLATRATE|FREE|RENT
tm375923,Turning Red,2022,movie,1,true,true,false,false,Disney+,BUY|CINEMA|FLATRATE
ts296827,Interview with the Vampire,2022,show,3,true,false,false,false,AMC+|Amazon Prime Video|Netflix,ADS|BUY|FAST|FLATRATE|FREE
ts222558,House of the Dragon,2022,show,1,true,true,false,false,Max,BUY|FLATRATE
ts85391,Andor,2022,show,1,true,true,false,false,Disney+,FLATRATE
ts215712,The Sandman,2022,show,1,true,true,false,false,Netflix,BUY|FLATRATE
ts325752,The Lord of the Rings: The Rings of Power,2022,show,1,true,true,false,false,Amazon Prime Video,ADS|FLATRATE
ts342974,Pantheon,2022,show,1,true,true,false,false,Netflix,FLATRATE
ts225855,All of Us Are Dead,2022,show,1,true,true,false,false,Netflix,FLATRATE
ts341648,The Lazarus Project,2022,show,0,false,false,true,false,,BUY
ts346015,Life After Life,2022,show,1,true,true,false,false,Amazon Prime Video,FLATRATE
ts303768,Ruby and the Well,2022,show,1,true,true,false,false,Amazon Prime Video,FLATRATE|FREE
ts187000,Willow,2022,show,0,false,false,false,false,,
ts219003,Moon Knight,2022,show,1,true,true,false,false,Disney+,FLATRATE
ts330347,Cracow Monsters,2022,show,1,true,true,false,false,Netflix,FLATRATE
ts306335,"Boo, Bitch",2022,show,1,true,true,false,false,Netflix,FLATRATE
ts313171,Astrid & Lilly Save the World,2022,show,0,false,false,false,false,,
ts312683,"Tensei kenja no isekai Life ~Dai ni no shokugyô wo ete, sekai saikyô ni nari mashita~",2022,show,3,true,false,false,false,Disney+|Hidive|Hulu,BUY|FLATRATE
ts251602,The Witcher: Blood Origin,2022,show,1,true,true,false,false,Netflix,FLATRATE
ts369296,Bleach: Sennen Kessen-hen,2022,show,2,true,false,false,false,Disney+|Hulu,BUY|FLATRATE
ts322397,Mood,2022,show,1,true,true,false,false,ALLBLK,BUY|FLATRATE
ts320328,Reborn Rich,2022,show,1,true,true,false,false,Rakuten Viki,ADS|FLATRATE
ts256111,Night Sky,2022,show,1,true,true,false,false,Amazon Prime Video,ADS|FLATRATE
ts219018,Ms. Marvel,2022,show,1,true,true,false,false,Disney+,FLATRATE
ts251574,Paper Girls,2022,show,1,true,true,false,false,Amazon Prime Video,ADS|FLATRATE
ts232882,The Dark: Forever Winter,2022,show,2,true,false,false,false,Amazon Prime Video|Pure Flix,ADS|BUY|FLATRATE|FREE
ts343124,Tekken: Bloodline,2022,show,1,true,true,false,false,Netflix,FLATRATE
ts368725,Aillaendeu,2022,show,1,true,true,false,false,Amazon Prime Video,FLATRATE
ts315075,Kindred,2022,show,2,true,false,false,false,Disney+|Hulu,FLATRATE
ts314164,Tomorrow,2022,show,1,true,true,false,false,Netflix,FLATRATE
ts312780,Kamen Rider Black Sun,2022,show,1,true,true,false,false,Amazon Prime Video,FLATRATE
ts342924,Housing Complex C,2022,show,1,true,true,false,false,Max,ADS|BUY|FLATRATE|FREE
ts343844,The Quest,2022,show,0,false,false,false,false,,
ts341771,Vermeil in Gold,2022,show,3,true,false,false,false,Disney+|Hidive|Hulu,BUY|FLATRATE
ts296818,The Winchesters,2022,show,1,true,true,false,false,Max,BUY|FLATRATE
ts312082,Alchemy of Souls,2022,show,1,true,true,false,false,Netflix,FLATRATE
ts237722,The Cuphead Show!,2022,show,1,true,true,false,false,Netflix,FLATRATE
ts225690,Vampire in the Garden,2022,show,1,true,true,false,false,Netflix,FLATRATE
ts237871,Fraggle Rock: Back to the Rock,2022,show,1,true,true,false,false,Apple TV+,BUY|FLATRATE
ts269286,Once Upon a Time... Happily Never After,2022,show,1,true,true,false,false,Netflix,FLATRATE
ts273229,Feria: The Darkest Light,2022,show,1,true,true,false,false,Netflix,FLATRATE
ts255888,First Kill,2022,show,1,true,true,false,false,Netflix,FLATRATE
ts272267,The Executioner and Her Way of Life,2022,show,1,true,true,false,false,Hidive,BUY|FLATRATE
tm1141439,Home Team,2022,movie,1,true,true,false,false,Netflix,FLATRATE
tm936460,Superwho?,2022,movie,0,false,false,false,false,,
tm1248448,Trick or Treat Scooby-Doo!,2022,movie,1,true,true,false,false,Max,BUY|FLATRATE|RENT
tm1150051,Christmas with You,2022,movie,1,true,true,false,false,Netflix,FLATRATE
tm1209936,Le Pupille,2022,movie,1,true,true,false,false,Disney+,FLATRATE
tm1165966,The Pez Outlaw,2022,movie,1,true,true,false,false,Amazon Prime Video,ADS|BUY|FLATRATE|FREE|RENT
tm1130055,JugJugg Jeeyo,2022,movie,1,true,true,false,false,Amazon Prime Video,FLATRATE
tm1259583,The Holiday Sitter,2022,movie,1,true,true,false,false,Hallmark+,BUY|FLATRATE|FREE|RENT
tm1240737,Something from Tiffany's,2022,movie,1,true,true,false,false,Amazon Prime Video,ADS|FLATRATE
tm1064153,Roald Dahl's Matilda the Musical,2022,movie,1,true,true,false,false,Netflix,FLATRATE
tm1216953,Beyond Infinity: Buzz and the Journey to Lightyear,2022,movie,0,false,false,false,false,,
tm1124616,Your Christmas or Mine?,2022,movie,1,true,true,false,false,Amazon Prime Video,FLATRATE
tm989785,Cheaper by the Dozen,2022,movie,0,false,false,true,false,,BUY|RENT
tm982076,The Guardians of the Galaxy Holiday Special,2022,movie,1,true,true,false,false,Disney+,FLATRATE
tm1187574,Hollywood Stargirl,2022,movie,0,false,false,true,false,,BUY|RENT
tm1141923,The Royal Treatment,2022,movie,1,true,true,false,false,Netflix,FLATRATE
tm1260484,Haul Out the Holly,2022,movie,1,true,true,false,false,Hallmark+,BUY|FLATRATE|FREE|RENT
tm230642,Paws of Fury: The Legend of Hank,2022,movie,2,true,false,false,false,Hulu|Paramount+,BUY|FLATRATE|RENT
tm852616,Wendell & Wild,2022,movie,1,true,true,false,false,Netflix,FLATRATE
tm1107587,Ame o tsugeru hyôryû danchi,2022,movie,1,true,true,false,false,Netflix,FLATRATE
tm1166019,We Have a Ghost,2022,movie,1,true,true,false,false,Netflix,FLATRATE
tm912188,Lightyear,2022,movie,1,true,true,false,false,Disney+,BUY|FLATRATE|RENT
tm1264797,"The Boy, the Mole, the Fox and the Horse",2022,movie,1,true,true,false,false,Apple TV+,FLATRATE
tm1128472,Better Nate Than Ever,2022,movie,0,false,false,true,false,,BUY|RENT
tm1242418,Spirit Halloween: The Movie,2022,movie,2,true,false,false,false,AMC+|Shudder,ADS|BUY|FLATRATE|FREE|RENT
tm852665,My Father's Dragon,2022,movie,1,true,true,false,false,Netflix,FLATRATE
tm989783,Chip 'n Dale: Rescue Rangers,2022,movie,1,true,true,false,false,Disney+,BUY|FLATRATE
tm1166288,Rescued by Ruby,2022,movie,1,true,true,false,false,Netflix,FLATRATE
tm1246997,Shan Hai Jing zhi Zai jian guai shou,2022,movie,0,false,false,true,false,,ADS|BUY|FREE|RENT
tm1097000,Pinocchio,2022,movie,1,true,true,false,false,Disney+,FLATRATE
tm1049286,Slumberland,2022,movie,1,true,true,false,false,Netflix,FLATRATE
ts364685,Celebrity Jeopardy!,2022,show,2,true,false,false,false,Disney+|Hulu,FLATRATE
ts343868,Prehistoric Planet,2022,show,1,true,true,false,false,Apple TV+,FLATRATE
ts297643,Tierra Incognita,2022,show,1,true,true,false,false,Disney+,FLATRATE
ts300325,Surviving Summer,2022,show,1,true,true,false,false,Netflix,FLATRATE
ts371365,The Parent Test,2022,show,0,false,false,false,false,,
ts258950,Magpie Murders,2022,show,0,false,false,true,false,,BUY|FLATRATE
ts225125,The First Lady,2022,show,0,false,false,false,false,,
ts331680,Making Fun,2022,show,1,true,true,false,false,Netflix,FLATRATE
ts245202,Cars on the Road,2022,show,1,true,true,false,false,Disney+,FLATRATE
ts216162,The Tiny Chef Show,2022,show,2,true,false,false,false,Netflix|Paramount+,BUY|FLATRATE
ts369462,I Hate Christmas,2022,show,1,true,true,false,false,Netflix,FLATRATE
ts326963,The Green Planet,2022,show,3,true,false,false,false,Discovery+|Max|Planet Earth,BUY|FLATRATE
ts298805,Lopez vs. Lopez,2022,show,1,true,true,false,false,Netflix,BUY|FLATRATE
ts342732,Our Great National Parks,2022,show,1,true,true,false,false,Netflix,FLATRATE
ts316484,A Storm for Christmas,2022,show,1,true,true,false,false,Netflix,FLATRATE
ts269489,Zootopia+,2022,show,1,true,true,false,false,Disney+,FLATRATE
ts329882,Secrets of Summer,2022,show,1,true,true,false,false,Netflix,FLATRATE
ts292970,Man on Pause,2022,show,1,true,true,false,false,Netflix,FLATRATE
ts357651,Generation Gap,2022,show,0,false,false,false,false,,
ts269529,Baymax!,2022,show,1,true,true,false,false,Disney+,FLATRATE
ts270459,Sonic Prime,2022,show,1,true,true,false,false,Netflix,BUY|FLATRATE|FREE
ts328511,Poliana Moça,2022,show,1,true,true,false,false,Amazon Prime Video,FLATRATE
ts302437,Kung Fu Panda: The Dragon Knight,2022,show,1,true,true,false,false,Netflix,FLATRATE
ts328381,Lost Ollie,2022,show,1,true,true,false,false,Netflix,FLATRATE
ts290928,Transformers: EarthSpark,2022,show,2,true,false,false,false,Netflix|Paramount+,BUY|FLATRATE|FREE
ts360577,The Wingfeather Saga,2022,show,1,true,true,false,false,Angel Studios,ADS|BUY|FLATRATE
ts330198,Dead End: Paranormal Park,2022,show,1,true,true,false,false,Netflix,FLATRATE
ts284572,Monster High,2022,show,1,true,true,false,false,Paramount+,BUY|FLATRATE
ts320537,The Villains of Valley View,2022,show,1,true,true,false,false,Disney+,BUY|FLATRATE
ts269302,Daddies on Request,2022,show,1,true,true,false,false,Disney+,FLATRATE
ts321581,If My Wife Becomes an Elementary School Student,2022,show,2,true,false,false,false,Crunchyroll|Netflix,FLATRATE
ts315144,The Creature Cases,2022,show,1,true,true,false,false,Netflix,FLATRATE
ts292615,Run the Burbs,2022,show,3,true,false,false,false,Disney+|Hulu|Wonder Project,ADS|BUY|FLATRATE|FREE
ts271614,We Baby Bears,2022,show,1,true,true,false,false,Max,BUY|FLATRATE|FREE
ts330309,Ice Age: Scrat Tales,2022,show,1,true,true,false,false,Disney+,FLATRATE
ts352881,Di4ries,2022,show,1,true,true,false,false,Netflix,FLATRATE
ts294903,Silverpoint,2022,show,0,false,false,false,false,,FREE
ts330252,The Proud Family: Louder and Prouder,2022,show,1,true,true,false,false,Disney+,FLATRATE
ts375508,Hello Neighbor: Welcome to Raven Brooks,2022,show,1,true,true,false,false,Amazon Prime Video,ADS|BUY|FLATRATE|FREE
ts356833,Gudetama: An Eggcellent Adventure,2022,show,1,true,true,false,false,Netflix,FLATRATE
ts257669,Batwheels,2022,show,2,true,false,false,false,Max|Netflix,BUY|FLATRATE|FREE
ts366878,Phantom Pups,2022,show,1,true,true,false,false,Netflix,FLATRATE
ts349451,ONI: Thunder God's Tale,2022,show,1,true,true,false,false,Netflix,FLATRATE
tm973372,Nope,2022,movie,1,true,true,false,false,Netflix,BUY|FLATRATE|RENT
tm1224189,Barbarian,2022,movie,0,false,false,true,false,,BUY|FLATRATE|RENT
tm1221988,Fall,2022,movie,1,true,true,false,false,Netflix,BUY|FLATRATE|RENT
tm1219508,Smile,2022,movie,3,true,false,false,false,Disney+|Hulu|Paramount+,BUY|FLATRATE|RENT
tm1038333,The Black Phone,2022,movie,1,true,true,false,false,Netflix,BUY|FLATRATE|RENT
tm888328,Don't Worry Darling,2022,movie,0,false,false,true,false,,BUY|RENT
tm1209917,Buried in Barstow,2022,movie,1,true,true,false,false,Lifetime Movie Club,BUY|FLATRATE|FREE|RENT
tm374451,Jurassic World Dominion,2022,movie,1,true,true,false,false,Netflix,BUY|FLATRATE|RENT
tm1174202,After She Died,2022,movie,1,true,true,false,false,Amazon Prime Video,ADS|BUY|FLATRATE|RENT
tm1239026,Pearl,2022,movie,0,false,false,true,false,,BUY|RENT
tm1252866,The Inhabitant,2022,movie,1,true,true,false,false,Amazon Prime Video,ADS|BUY|FLATRATE|FREE|RENT
tm1040743,Where the Crawdads Sing,2022,movie,2,true,false,false,false,Disney+|Hulu,BUY|FLATRATE|FREE|RENT
tm1150382,Prey,2022,movie,2,true,false,false,false,Disney+|Hulu,ADS|BUY|FLATRATE
tm927825,Scream,2022,movie,2,true,false,false,false,Netflix|Paramount+,ADS|BUY|FLATRATE|RENT
tm206726,Uncharted,2022,movie,2,true,false,false,false,Disney+|Hulu,BUY|FLATRATE|FREE|RENT
tm1049269,Beast,2022,movie,1,true,true,false,false,Netflix,BUY|FLATRATE|RENT
tm939539,M3GAN,2022,movie,1,true,true,false,false,Peacock,ADS|BUY|CINEMA|FLATRATE|RENT
tm1227401,Code Name Banshee,2022,movie,3,true,false,false,false,Amazon Prime Video|Disney+|Hulu,ADS|BUY|FAST|FLATRATE|FREE|RENT
tm1259548,Relyebo,2022,movie,0,false,false,true,false,,BUY|FREE|RENT
tm935728,Terrifier 2,2022,movie,3,true,false,false,false,Amazon Prime Video|Cineverse|Midnight Pulp,ADS|BUY|CINEMA|FLATRATE|FREE|RENT
tm1074798,Thirteen Lives,2022,movie,1,true,true,false,false,Amazon Prime Video,ADS|BUY|FLATRATE
tm1150807,X,2022,movie,0,false,false,false,false,,BUY|CINEMA|RENT
tm821106,Halloween Ends,2022,movie,1,true,true,false,false,Netflix,BUY|FLATRATE|RENT
tm866819,The Requin,2022,movie,2,true,false,false,false,Amazon Prime Video|Netflix,ADS|BUY|FLATRATE|RENT
tm1165875,Soft & Quiet,2022,movie,0,false,false,true,false,,ADS|BUY|FREE|RENT
tm827140,The 355,2022,movie,1,true,true,false,false,Netflix,BUY|FLATRATE|RENT
tm981358,You Are Not My Mother,2022,movie,1,true,true,false,false,Amazon Prime Video,ADS|BUY|FLATRATE|FREE|RENT
ts287292,FROM,2022,show,1,true,true,false,false,MGM+,BUY|FLATRATE
ts213451,SAS Rogue Heroes,2022,show,1,true,true,false,false,MGM+,BUY|FLATRATE
ts320458,Severance,2022,show,1,true,true,false,false,Apple TV+,BUY|FLATRATE
ts233781,The Terminal List,2022,show,1,true,true,false,false,Amazon Prime Video,ADS|FLATRATE
ts302830,Tell Me Lies,2022,show,2,true,false,false,false,Disney+|Hulu,FLATRATE
ts304470,BLUE LOCK,2022,show,2,true,false,false,false,Crunchyroll|Netflix,BUY|FLATRATE|FREE
ts256035,The Old Man,2022,show,2,true,false,false,false,Disney+|Hulu,BUY|FLATRATE
ts104019,1899,2022,show,1,true,true,false,false,Netflix,FLATRATE
ts222806,The Peripheral,2022,show,1,true,true,false,false,Amazon Prime Video,ADS|BUY|FLATRATE
ts43075,Halo,2022,show,2,true,false,false,false,Netflix|Paramount+,BUY|FLATRATE
ts351780,The Light in the Hall,2022,show,2,true,false,false,false,AMC+|Acorn TV,BUY|FLATRATE|FREE
ts349024,Weak Hero,2022,show,3,true,false,false,false,Kocowa|Netflix|OnDemandKorea,FLATRATE
ts315662,A Spy Among Friends,2022,show,2,true,false,false,false,BritBox|MGM+,FLATRATE
ts398583,Hunted,2022,show,1,true,true,false,false,Amazon Prime Video,ADS|BUY|FLATRATE
ts359672,Quantum Leap,2022,show,0,false,false,true,false,,BUY
tm1218606,Bones and All,2022,movie,0,false,false,true,false,,BUY|RENT
tm1120855,Along for the Ride,2022,movie,1,true,true,false,false,Netflix,FLATRATE
tm1034573,Downton Abbey: A New Era,2022,movie,1,true,true,false,false,Netflix,BUY|FLATRATE|RENT
tm1215243,When the Mist Clears,2022,movie,0,false,false,true,false,,ADS|BUY|FREE|RENT
tm962656,Cyrano,2022,movie,1,true,true,false,false,Amazon Prime Video,ADS|BUY|FLATRATE|RENT
tm1032901,Empire of Light,2022,movie,0,false,false,true,false,,BUY|FLATRATE|RENT
tm1179760,The Noel Diary,2022,movie,1,true,true,false,false,Netflix,FLATRATE
tm1144853,Spoiler Alert,2022,movie,1,true,true,false,false,Peacock,ADS|BUY|FLATRATE|RENT
tm1342159,Paper Dream,2022,movie,0,false,false,true,false,,BUY|FREE|RENT
tm1189574,Other People's Children,2022,movie,4,true,false,false,false,Amazon Prime Video|Chai Flicks|France Channel|OVID,ADS|BUY|CINEMA|FLATRATE|FREE|RENT
tm1116280,Redeeming Love,2022,movie,1,true,true,false,false,Netflix,BUY|FLATRATE|FREE|RENT
tm1220029,The Year I Started Masturbating,2022,movie,1,true,true,false,false,Netflix,BUY|FLATRATE
tm1270528,Us x Her,2022,movie,0,false,false,true,false,,ADS|BUY|RENT
tm1241281,Emily,2022,movie,0,false,false,true,false,,ADS|BUY|FREE|RENT
tm266536,All the Old Knives,2022,movie,2,true,false,false,false,Amazon Prime Video|MGM+,ADS|FLATRATE
tm1109187,The Last 10 Years,2022,movie,1,true,true,false,false,Max,FLATRATE
tm419865,Dawn Breaks Behind the Eyes,2022,movie,1,true,true,false,false,Amazon Prime Video,ADS|BUY|FLATRATE|FREE|RENT
tm1148164,"Good Luck to You, Leo Grande",2022,movie,2,true,false,false,false,Disney+|Hulu,BUY|FLATRATE
tm1171041,Lady Chatterley's Lover,2022,movie,1,true,true,false,false,Netflix,FLATRATE
tm366071,Brahmāstra Part One: Shiva,2022,movie,2,true,false,false,false,Disney+|Hulu,FLATRATE
tm1196705,A Perfect Pairing,2022,movie,1,true,true,false,false,Netflix,FLATRATE
tm865625,Marry Me,2022,movie,1,true,true,false,false,Netflix,BUY|FLATRATE|RENT
tm1236483,The Next 365 Days,2022,movie,1,true,true,false,false,Netflix,FLATRATE
tm1291042,Je Tere Naal Pyar Na Hunda,2022,movie,0,false,false,true,false,,ADS|BUY|FREE|RENT
ts281544,The Summer I Turned Pretty,2022,show,1,true,true,false,false,Amazon Prime Video,ADS|FLATRATE
ts82879,The Time Traveler's Wife,2022,show,0,false,false,true,false,,BUY
ts319271,Billy the Kid,2022,show,1,true,true,false,false,MGM+,BUY|FLATRATE
ts254930,Pretty Little Liars: Original Sin,2022,show,1,true,true,false,false,Max,BUY|FLATRATE
ts299212,Another Self,2022,show,1,true,true,false,false,Netflix,FLATRATE
ts305816,The Empress,2022,show,1,true,true,false,false,Netflix,FLATRATE
ts217231,Heartstopper,2022,show,1,true,true,false,false,Netflix,FLATRATE
ts364516,Maestro in Blue,2022,show,1,true,true,false,false,Netflix,FLATRATE
ts321365,The Language of Love,2022,show,1,true,true,false,false,Amazon Prime Video,ADS|FLATRATE
ts347762,Baby Fever,2022,show,1,true,true,false,false,Netflix,FLATRATE
ts329847,The Courtship,2022,show,0,false,false,false,false,,
ts321918,Human Resources,2022,show,1,true,true,false,false,Netflix,FLATRATE
ts269916,Pam & Tommy,2022,show,2,true,false,false,false,Disney+|Hulu,BUY|FLATRATE
ts226273,The Flatshare,2022,show,0,false,false,false,false,,
ts321513,My Liberation Notes,2022,show,1,true,true,false,false,Netflix,FLATRATE
ts346094,Mobile Suit Gundam: The Witch from Mercury,2022,show,1,true,true,false,false,Crunchyroll,BUY|FLATRATE
ts362476,Wedding Season,2022,show,2,true,false,false,false,Disney+|Hulu,FLATRATE
ts237620,American Gigolo,2022,show,0,false,false,true,false,,BUY
ts270910,Vikings: Valhalla,2022,show,1,true,true,false,false,Netflix,FLATRATE
ts309840,Once Upon a Small Town,2022,show,1,true,true,false,false,Netflix,FLATRATE
ts314359,Why Her?,2022,show,2,true,false,false,false,Hulu|Rakuten Viki,ADS|FLATRATE
ts326104,The Law Cafe,2022,show,2,true,false,false,false,Kocowa|OnDemandKorea,FLATRATE
ts225554,Conversations with Friends,2022,show,0,false,false,true,false,,BUY
ts349631,Uncoupled,2022,show,0,false,false,false,false,,
ts329711,"Love, Life & Everything in Between",2022,show,1,true,true,false,false,Netflix,FLATRATE
ts113513,Dating Unlocked,2022,show,3,true,false,false,false,Amazon Prime Video|Fuse+|OUTtv,ADS|BUY|FLATRATE|FREE
ts321298,Sanae matseon,2022,show,1,true,true,false,false,Netflix,FLATRATE
ts317612,Love is Blind: Japan,2022,show,1,true,true,false,false,Netflix,FLATRATE
ts230110,From Scratch,2022,show,1,true,true,false,false,Netflix,FLATRATE
ts339649,Mr. Unlucky Has No Choice but to Kiss!,2022,show,2,true,false,false,false,Amazon Prime Video|Rakuten Viki,ADS|BUY|FLATRATE|FREE
tm490356,Mar Infinito,2022,movie,1,true,true,false,false,Amazon Prime Video,ADS|BUY|FLATRATE|FREE|RENT
tm1266392,The Sleep Experiment,2022,movie,1,true,true,false,false,Amazon Prime Video,ADS|BUY|FLATRATE|RENT
tm510594,Adult Under Construction,2022,movie,0,false,false,false,false,,FREE
tm615806,"Buenas noches, dijo la Señorita Pájaro",2022,movie,2,true,false,false,false,Amazon Prime Video|Runtime,ADS|BUY|FLATRATE|FREE|RENT
tm515171,Unicorn Town,2022,movie,1,true,true,false,false,Amazon Prime Video,ADS|BUY|FLATRATE|FREE|RENT
tm1241055,Feeling It,2022,movie,0,false,false,false,false,,
tm558804,Orzel. Ostatni patrol,2022,movie,1,true,true,false,false,Amazon Prime Video,ADS|BUY|FLATRATE|FREE|RENT
tm373194,Rimini,2022,movie,1,true,true,false,false,MUBI,FLATRATE|FREE
tm315045,The Prototype,2022,movie,1,true,true,false,false,Amazon Prime Video,ADS|BUY|FLATRATE|FREE|RENT
tm519450,Douche,2022,movie,0,false,false,true,false,,ADS|BUY|FREE|RENT
tm855641,Home2Home,2022,movie,0,false,false,true,false,,BUY|RENT
tm1150604,Ghiaccio,2022,movie,0,false,false,false,false,,
tm489957,Submissão,2022,movie,0,false,false,false,false,,
tm884326,Sigmund Freud: A Jew Without God,2022,movie,0,false,false,false,false,,
tm949041,Strahinja Banovic,2022,movie,0,false,false,true,false,,BUY|RENT
tm488991,L'uomo che disegnò Dio,2022,movie,0,false,false,false,false,,
tm686039,Bellezonismo,2022,movie,0,false,false,false,false,,ADS
tm1104446,Brigitte Bardot Forever,2022,movie,0,false,false,false,false,,
tm469932,That Which Does Not Kill,2022,movie,1,true,true,false,false,GuideDoc,FLATRATE|FREE
tm504646,Alien Goddess,2022,movie,1,true,true,false,false,Troma NOW,ADS|BUY|FLATRATE|FREE|RENT
tm599786,Sound of the Surf,2022,movie,1,true,true,false,false,Amazon Prime Video,ADS|FLATRATE
tm1101094,The 7 Churches of Revelation: Times of Fire,2022,movie,0,false,false,true,false,,ADS|BUY|RENT
tm477662,Das Schicksal von Cysalion,2022,movie,0,false,false,true,false,,BUY|RENT
tm470054,Boy of War,2022,movie,0,false,false,false,false,,
tm316242,Top Gun: Maverick,2022,movie,1,true,true,false,false,Paramount+,BUY|FLATRATE|RENT
tm244163,Moonfall,2022,movie,0,false,false,true,false,,ADS|BUY|FLATRATE|RENT
tm1141844,Watch the Skies,2022,movie,1,true,true,false,false,Amazon Prime Video,BUY|FLATRATE|RENT
tm1180577,The Contractor,2022,movie,1,true,true,false,false,Paramount+,ADS|BUY|FLATRATE|RENT
tm1125504,The Woman King,2022,movie,1,true,true,false,false,Hulu,BUY|FLATRATE|FREE|RENT
tm828211,Emergency Declaration,2022,movie,5,true,false,false,false,Amasian TV|Amazon Prime Video|OnDemandKorea|Rakuten Viki|ViX,ADS|BUY|FLATRATE|FREE|RENT
tm1241633,Venus,2022,movie,0,false,false,true,false,,ADS|BUY|RENT
tm1134670,V for Vengeance,2022,movie,2,true,false,false,false,Amazon Prime Video|Paramount+,BUY|FLATRATE|RENT
tm435524,Medieval,2022,movie,0,false,false,true,false,,ADS|BUY|RENT
tm820345,The Witch: Part 2. The Other One,2022,movie,2,true,false,false,false,Hi-YAH|Midnight Pulp,ADS|BUY|FLATRATE|FREE|RENT
tm463762,RRR,2022,movie,1,true,true,false,false,Netflix,FLATRATE
tm1082564,The Adam Project,2022,movie,1,true,true,false,false,Netflix,FLATRATE
tm1198242,Jackass 4.5,2022,movie,1,true,true,false,false,Netflix,BUY|FLATRATE|RENT
ts237563,Star Trek: Strange New Worlds,2022,show,1,true,true,false,false,Paramount+,BUY|FLATRATE
ts353041,Edge of the Unknown with Jimmy Chin,2022,show,1,true,true,false,false,Disney+,BUY|FLATRATE
ts270815,Limitless,2022,show,1,true,true,false,false,Disney+,FLATRATE
ts345127,The Pact,2022,show,0,false,false,false,false,,ADS|FREE
ts244377,Edge of the Earth,2022,show,1,true,true,false,false,Max,FLATRATE
ts354333,The Challenge: USA,2022,show,0,false,false,true,false,,BUY
ts246110,She-Hulk: Attorney at Law,2022,show,1,true,true,false,false,Disney+,FLATRATE
ts321740,Big Mouth,2022,show,2,true,false,false,false,Disney+|Hulu,FLATRATE
ts250831,Cyberpunk: Edgerunners,2022,show,1,true,true,false,false,Netflix,FLATRATE
ts343432,Yakamoz S-245,2022,show,1,true,true,false,false,Netflix,FLATRATE
ts114855,That Dirty Black Bag,2022,show,1,true,true,false,false,AMC+,BUY|FLATRATE|FREE
ts287753,Naomi,2022,show,1,true,true,false,false,Max,BUY|FLATRATE
ts219048,Obi-Wan Kenobi,2022,show,1,true,true,false,false,Disney+,BUY|FLATRATE
ts324785,Treason,2022,show,1,true,true,false,false,Netflix,FLATRATE
ts319406,The Boys Presents: Diabolical,2022,show,1,true,true,false,false,Amazon Prime Video,ADS|FLATRATE
ts251336,Echo 3,2022,show,1,true,true,false,false,Apple TV+,FLATRATE
tm1138506,My Old School,2022,movie,0,false,false,true,false,,BUY|FREE|RENT
tm1095723,Za Fâsuto Suramu Danku,2022,movie,1,true,true,false,false,Netflix,BUY|CINEMA|FLATRATE|RENT
tm1269481,Ninety-Five Senses,2022,movie,0,false,false,false,false,,FLATRATE
tm1028015,DC Showcase - Constantine: The House of Mystery,2022,movie,0,false,false,true,false,,BUY|RENT
tm1204325,Green Lantern: Beware My Power,2022,movie,3,true,false,false,false,Acorn TV|Cinemax|Max,BUY|FLATRATE|RENT
tm933184,The Flying Sailor,2022,movie,0,false,false,false,false,,
tm1114713,Catwoman: Hunted,2022,movie,0,false,false,true,false,,BUY|RENT
tm1230711,Batman and Superman: Battle of the Super Sons,2022,movie,0,false,false,true,false,,BUY|RENT
tm1276451,Zen - Grogu and Dust Bunnies,2022,movie,0,false,false,false,false,,
tm852172,Apollo 10½: A Space Age Childhood,2022,movie,1,true,true,false,false,Netflix,FLATRATE
tm1259392,Entergalactic,2022,movie,1,true,true,false,false,Netflix,FLATRATE
tm907154,Strange World,2022,movie,1,true,true,false,false,Disney+,BUY|FLATRATE|RENT
tm297373,Disenchanted,2022,movie,1,true,true,false,false,Disney+,FLATRATE
tm1251373,The Paloni Show! Halloween Special!,2022,movie,2,true,false,false,false,Disney+|Hulu,FLATRATE
tm1172897,Beavis and Butt-Head Do the Universe,2022,movie,1,true,true,false,false,Paramount+,BUY|FLATRATE
tm1267936,The Soccer Football Movie,2022,movie,1,true,true,false,false,Netflix,FLATRATE
tm989857,The Ice Age Adventures of Buck Wild,2022,movie,1,true,true,false,false,Disney+,FLATRATE
tm1042034,Beast,2022,movie,0,false,false,true,false,,BUY|FREE
tm1233682,Scrooge: A Christmas Carol,2022,movie,1,true,true,false,false,Netflix,FLATRATE
tm1026355,The Yellow Wallpaper,2022,movie,1,true,true,false,false,Amazon Prime Video,ADS|BUY|FLATRATE|FREE|RENT
tm898609,Inu-Ô,2022,movie,1,true,true,false,false,Max,BUY|FLATRATE|RENT
ts222522,SPRIGGAN,2022,show,1,true,true,false,false,Netflix,FLATRATE
ts302264,Exception,2022,show,1,true,true,false,false,Netflix,FLATRATE
ts252037,Dragon Raja -The Blazing Dawn-,2022,show,1,true,true,false,false,Crunchyroll,FLATRATE
ts328625,The Guardians of Justice,2022,show,1,true,true,false,false,Netflix,FLATRATE
ts289177,Little Demon,2022,show,0,false,false,true,false,,BUY
ts321080,Lycoris Recoil,2022,show,1,true,true,false,false,Crunchyroll,FLATRATE
ts272296,Summer Time Rendering,2022,show,2,true,false,false,false,Disney+|Hulu,FLATRATE
ts353971,Star Wars: Tales of the Jedi,2022,show,1,true,true,false,false,Disney+,FLATRATE
ts369364,I Am Groot,2022,show,1,true,true,false,false,Disney+,FLATRATE
ts381508,Disney How NOT to Draw,2022,show,1,true,true,false,false,Disney+,BUY|FLATRATE|FREE
ts356131,Dragon Age: Absolution,2022,show,1,true,true,false,false,Netflix,FLATRATE
ts294227,Farzar,2022,show,1,true,true,false,false,Netflix,FLATRATE
ts317451,Ya Boy Kongming!,2022,show,1,true,true,false,false,Hidive,BUY|FLATRATE|FREE
ts364419,The Story of How I Attended a Mixer with No Women,2022,show,1,true,true,false,false,Hidive,BUY|FLATRATE
ts330402,Is It Cake?,2022,show,1,true,true,false,false,Netflix,FLATRATE
ts326079,Lucifer and the Biscuit Hammer,2022,show,3,true,false,false,false,Crunchyroll|Disney+|Hulu,BUY|FLATRATE
tm1067559,The Fabelmans,2022,movie,1,true,true,false,false,Peacock,BUY|FLATRATE|RENT
tm1268039,Aftersun,2022,movie,0,false,false,false,false,,ADS|BUY|CINEMA|FREE|RENT
tm1241748,The Whale,2022,movie,0,false,false,true,false,,ADS|BUY|FREE|RENT
tm823717,Elvis,2022,movie,0,false,false,true,false,,BUY|RENT
tm1261095,The Year of the Dog,2022,movie,1,true,true,false,false,Amazon Prime Video,ADS|BUY|FLATRATE|FREE|RENT
tm1196181,Close,2022,movie,0,false,false,true,false,,ADS|BUY|FREE|RENT
tm1131320,TÁR,2022,movie,1,true,true,false,false,Peacock,BUY|FLATRATE|RENT
tm1218185,Secrets,2022,movie,0,false,false,true,false,,BUY|FREE|RENT
tm1036659,Italian Studies,2022,movie,1,true,true,false,false,Magnolia Selects,ADS|BUY|FLATRATE|FREE|RENT
tm1021361,Montana Story,2022,movie,1,true,true,false,false,Netflix,ADS|BUY|FLATRATE|FREE|RENT
tm1281598,Bugso,2022,movie,0,false,false,false,false,,FREE
ts353444,Fire Country,2022,show,2,true,false,false,false,Netflix|Paramount+,BUY|FLATRATE|FREE
ts351915,1923,2022,show,1,true,true,false,false,Paramount+,BUY|FLATRATE
ts83267,The Gilded Age,2022,show,1,true,true,false,false,Max,BUY|FLATRATE
ts310005,SkyMed,2022,show,1,true,true,false,false,Paramount+,BUY|FLATRATE
ts289225,Below Deck Down Under,2022,show,1,true,true,false,false,Peacock,ADS|BUY|FLATRATE|FREE
ts326011,Abraham Lincoln,2022,show,5,true,false,false,false,Amazon Prime Video|Disney+|HISTORY Vault|Hulu|Netflix,ADS|BUY|FLATRATE|FREE|RENT
ts272484,The Serpent Queen,2022,show,1,true,true,false,false,Starz,BUY|FLATRATE
ts308337,Flowers in the Attic: The Origin,2022,show,1,true,true,false,false,Lifetime Movie Club,ADS|BUY|FLATRATE|FREE
ts238623,WeCrashed,2022,show,1,true,true,false,false,Apple TV+,FLATRATE
tm57755,All Quiet on the Western Front,2022,movie,1,true,true,false,false,Netflix,BUY|FLATRATE
tm1159759,Devotion,2022,movie,1,true,true,false,false,Wonder Project,BUY|FAST|FLATRATE|RENT
tm1043537,Operation Mincemeat,2022,movie,1,true,true,false,false,Netflix,BUY|FLATRATE
tm1161181,"Ordinary Men: The ""Forgotten Holocaust""",2022,movie,1,true,true,false,false,Netflix,FLATRATE
tm1199262,Sniper: The White Raven,2022,movie,2,true,false,false,false,Amazon Prime Video|ViX,ADS|BUY|FLATRATE|FREE|RENT
tm905856,Three Minutes: A Lengthening,2022,movie,0,false,false,true,false,,ADS|BUY|FREE|RENT
tm823609,Narvik,2022,movie,1,true,true,false,false,Netflix,FLATRATE
tm1256469,Retrograde,2022,movie,0,false,false,false,false,,
tm1064065,Svart krabba,2022,movie,1,true,true,false,false,Netflix,FLATRATE
tm1159301,Forgive Us Our Trespasses,2022,movie,1,true,true,false,false,Netflix,FLATRATE
tm490639,The Survivor,2022,movie,1,true,true,false,false,Max,BUY|FLATRATE
tm1232498,Burial,2022,movie,2,true,false,false,false,AMC+|Shudder,BUY|FLATRATE|FREE|RENT
tm1273777,Feldpost,2022,movie,0,false,false,true,false,,ADS|BUY|FREE|RENT
tm1227148,Air Force The Movie: Danger Close,2022,movie,0,false,false,true,false,,ADS|BUY|FREE|RENT
tm1204317,Godspeed,2022,movie,1,true,true,false,false,Netflix,FLATRATE
tm1203580,Unicorn Wars,2022,movie,0,false,false,true,false,,BUY|RENT
tm1195281,Kingdom 2: Far and Away,2022,movie,1,true,true,false,false,Netflix,BUY|FLATRATE|RENT
tm899062,The Huntress of Auschwitz,2022,movie,1,true,true,false,false,Amazon Prime Video,ADS|BUY|FLATRATE|FREE|RENT
tm485343,Samrat Prithviraj,2022,movie,1,true,true,false,false,Amazon Prime Video,BUY|FLATRATE|RENT
tm1216086,Wolf Hound,2022,movie,1,true,true,false,false,Amazon Prime Video,ADS|BUY|FLATRATE|RENT
tm1261659,The Kiss,2022,movie,0,false,false,true,false,,BUY|RENT
tm1264260,Attack on Titan,2022,movie,2,true,false,false,false,Amazon Prime Video|Bloodstream,ADS|BUY|FLATRATE|FREE|RENT
tm1138657,WarHunt,2022,movie,2,true,false,false,false,Amazon Prime Video|MovieSphere+,ADS|BUY|FLATRATE|RENT
tm1259499,Robbing Mussolini,2022,movie,1,true,true,false,false,Netflix,FLATRATE
tm1141820,The Forger,2022,movie,1,true,true,false,false,Kino Film Collection,BUY|FLATRATE|FREE|RENT
tm1623430,Braves,2022,movie,0,false,false,true,false,,BUY|RENT
tm1158753,The Conference,2022,movie,0,false,false,false,false,,FREE
tm1267774,Battle for Saipan,2022,movie,1,true,true,false,false,Amazon Prime Video,ADS|BUY|FLATRATE|FREE|RENT
tm1087522,Wolf Pack,2022,movie,1,true,true,false,false,Amazon Prime Video,ADS|BUY|FLATRATE|RENT
tm466946,Hansan: Rising Dragon,2022,movie,4,true,false,false,false,Amasian TV|Amazon Prime Video|Hi-YAH|OnDemandKorea,ADS|BUY|FLATRATE|FREE|RENT
tm1234527,I Heard the Bells,2022,movie,1,true,true,false,false,Pure Flix,ADS|BUY|FLATRATE|FREE|RENT
tm1071126,The Longest Month,2022,movie,4,true,false,false,false,Amazon Prime Video|DocuramaFilms|Magellan TV|Xive TV Documentaries,ADS|BUY|FLATRATE|FREE|RENT
tm1155124,Klondaik,2022,movie,2,true,false,false,false,Amazon Prime Video|Klassiki,ADS|BUY|FLATRATE|FREE|RENT
tm1198720,Patriots Time,2022,movie,1,true,true,false,false,Amazon Prime Video,ADS|BUY|FLATRATE|RENT
tm1232557,The Chalice of Blood,2022,movie,0,false,false,true,false,,ADS|BUY|FREE|RENT
tm1148800,War Sailor,2022,movie,0,false,false,false,false,,
tm1184220,De forbandede år 2,2022,movie,1,true,true,false,false,Amazon Prime Video,ADS|BUY|FLATRATE|FREE|RENT
tm1201788,Harkis,2022,movie,0,false,false,false,false,,
tm1266386,Lost Transport,2022,movie,1,true,true,false,false,Chai Flicks,FLATRATE
tm1153749,Chang jin hu: Shui men qiao,2022,movie,0,false,false,false,false,,
tm1256872,From Siberia with Love,2022,movie,0,false,false,true,false,,BUY
tm1260427,Home Coming,2022,movie,0,false,false,false,false,,
tm1129921,First Oscar,2022,movie,0,false,false,false,false,,
tm1449171,Once In The Desert,2022,movie,1,true,true,false,false,Amazon Prime Video,ADS|BUY|FLATRATE|FREE|RENT
tm1126235,Wings Above Berlin,2022,movie,1,true,true,false,false,Amazon Prime Video,ADS|BUY|FLATRATE|FREE|RENT
tm1251913,Gold Run,2022,movie,0,false,false,true,false,,BUY|FLATRATE|FREE|RENT
ts310736,Marie Antoinette,2022,show,0,false,false,true,false,,BUY|FLATRATE
ts114346,The Undeclared War,2022,show,1,true,true,false,false,Peacock,FLATRATE
ts238325,Totems,2022,show,1,true,true,false,false,Amazon Prime Video,FLATRATE
ts322321,Women at War,2022,show,1,true,true,false,false,Netflix,FLATRATE
ts399713,Deception: World War II,2022,show,2,true,false,false,false,PBS Documentaries|Xive TV Documentaries,BUY|FLATRATE
ts263053,Esterno notte,2022,show,1,true,true,false,false,Mhz Choice,FLATRATE
ts69500,Kings,2022,show,1,true,true,false,false,Univer Video,ADS|FLATRATE
ts328444,This England,2022,show,1,true,true,false,false,BritBox,BUY|FLATRATE
ts387516,World War II: Secrets from Above,2022,show,0,false,false,true,false,,ADS|BUY|FLATRATE|FREE
ts296563,Who Rules The World,2022,show,1,true,true,false,false,Netflix,FLATRATE
ts276651,The Spectacular,2022,show,1,true,true,false,false,Mhz Choice,FLATRATE
ts307653,The Heike Story,2022,show,1,true,true,false,false,Crunchyroll,BUY|FLATRATE
ts349262,Love in Flames of War,2022,show,1,true,true,false,false,Rakuten Viki,ADS|FLATRATE
ts515980,Borgen - Power & Glory,2022,show,1,true,true,false,false,Netflix,FLATRATE
ts358698,Legacy,2022,show,1,true,true,false,false,Max,FLATRATE
ts353280,Defying the Storm,2022,show,1,true,true,false,false,Rakuten Viki,ADS|FLATRATE
ts254340,Requiem of the Rose King,2022,show,1,true,true,false,false,Crunchyroll,BUY|FLATRATE
ts331267,Mussolini: Le premier fasciste,2022,show,3,true,false,false,false,Amazon Prime Video|Magellan TV|Xive TV Documentaries,ADS|BUY|FLATRATE
ts349688,Pysäyttäkää Nyqvist,2022,show,1,true,true,false,false,Mhz Choice,FLATRATE
ts280695,ZERV - Zeit der Abrechnung,2022,show,1,true,true,false,false,Mhz Choice,FLATRATE
ts359832,The Aerobics Project,2022,show,1,true,true,false,false,Mhz Choice,FLATRATE
ts364690,16 Days In Berlin,2022,show,0,false,false,false,false,,
ts355176,Beyond the Myth: The SS Unveiled,2022,show,1,true,true,false,false,Magellan TV,FLATRATE
ts373763,The World War: 1914-1945,2022,show,2,true,false,false,false,BBC Select|BritBox,FLATRATE
ts487353,Lost Ships of WW2,2022,show,0,false,false,false,false,,FLATRATE
ts374628,Traitor/Patriot,2022,show,1,true,true,false,false,Curiosity Stream,BUY|FLATRATE|RENT
ts365509,Inside Japan's War,2022,show,0,false,false,false,false,,ADS
ts401930,Secret Vatican Files: The Pope & the Devil,2022,show,1,true,true,false,false,Peacock,ADS|BUY|FLATRATE
ts328323,Pollard,2022,show,1,true,true,false,false,Chai Flicks,FLATRATE
tm1176108,The 90s Club,2022,movie,1,true,true,false,false,Chai Flicks,ADS|BUY|FLATRATE|FREE|RENT
tm1143365,Tony Hawk: Until the Wheels Fall Off,2022,movie,1,true,true,false,false,Max,FLATRATE
tm1264919,The Fastest Woman on Earth,2022,movie,1,true,true,false,false,Max,FLATRATE
tm1160801,Navalny,2022,movie,1,true,true,false,false,Max,FLATRATE
tm1188775,Science Friction,2022,movie,3,true,false,false,false,Amazon Prime Video|DocuramaFilms|Xive TV Documentaries,ADS|BUY|FLATRATE|FREE|RENT
tm1255117,A Trip to Infinity,2022,movie,1,true,true,false,false,Netflix,FLATRATE
tm1138107,All That Breathes,2022,movie,1,true,true,false,false,Max,BUY|FLATRATE|FREE|RENT
tm1250558,God Forbid: The Sex Scandal That Brought Down a Dynasty,2022,movie,2,true,false,false,false,Disney+|Hulu,FLATRATE
tm1255679,Selena Gomez: My Mind & Me,2022,movie,1,true,true,false,false,Apple TV+,BUY|FLATRATE|RENT
tm1193954,The Long Rider,2022,movie,2,true,false,false,false,Amazon Prime Video|UP Faith & Family,ADS|BUY|FLATRATE|FREE|RENT
tm1166273,Facing Nolan,2022,movie,0,false,false,true,false,,BUY|FREE|RENT
tm1146120,The Princess,2022,movie,1,true,true,false,false,Max,FLATRATE
tm1237812,Lovely Jackson,2022,movie,1,true,true,false,false,Amazon Prime Video,FLATRATE
tm1239452,Fragments of Paradise,2022,movie,1,true,true,false,false,Amazon Prime Video,BUY|FLATRATE|RENT
tm1125397,Rosy,2022,movie,0,false,false,true,false,,BUY|FREE|RENT
tm1228854,Bill Burr: Live at Red Rocks,2022,movie,1,true,true,false,false,Netflix,FLATRATE
tm1241488,Moment of Contact,2022,movie,0,false,false,true,false,,ADS|BUY|FLATRATE|FREE|RENT
tm1138246,The Janes,2022,movie,1,true,true,false,false,Max,FLATRATE
tm1302014,The Critic,2022,movie,1,true,true,false,false,Max,FLATRATE
tm915821,George Carlin’s American Dream,2022,movie,0,false,false,false,false,,
tm1018110,Kurt Vonnegut: Unstuck in Time,2022,movie,2,true,false,false,false,AMC+|Sundance Now,BUY|FLATRATE|FREE|RENT
tm1120027,Facing Monsters,2022,movie,1,true,true,false,false,The Surf Network,BUY|FLATRATE|FREE|RENT
tm1185367,White Hot: The Rise & Fall of Abercrombie & Fitch,2022,movie,1,true,true,false,false,Netflix,FLATRATE
tm1228638,"The Day the Music Died: The Story of Don McLean's ""American Pie""",2022,movie,1,true,true,false,false,Paramount+,BUY|FLATRATE|RENT
tm1198101,Stranger at the Gate,2022,movie,1,true,true,false,false,DOCSVILLE,BUY|FLATRATE|FREE|RENT
tm1270303,The Elephant Whisperers,2022,movie,1,true,true,false,false,Netflix,FLATRATE
tm1166337,We Are Not Ghouls,2022,movie,1,true,true,false,false,Amazon Prime Video,ADS|BUY|FLATRATE|FREE|RENT
tm1292130,La Longue Marche,2022,movie,1,true,true,false,false,Amazon Prime Video,ADS|BUY|FLATRATE|RENT
tm1138375,Tantura,2022,movie,1,true,true,false,false,Shahid VIP,ADS|BUY|FLATRATE|FREE|RENT
tm1165957,Clean,2022,movie,1,true,true,false,false,Amazon Prime Video,ADS|BUY|CINEMA|FLATRATE|FREE|RENT
tm1238075,Inside the Mind of a Cat,2022,movie,1,true,true,false,false,Netflix,FLATRATE
tm1263337,Hans Zimmer: Hollywood Rebel,2022,movie,2,true,false,false,false,BritBox|Marquee TV,FLATRATE
tm1288762,Inconceivable - The Secret Business of Breeding Humans,2022,movie,1,true,true,false,false,Amazon Prime Video,FLATRATE|FREE
tm1198613,Turn Every Page - The Adventures of Robert Caro and Robert Gottlieb,2022,movie,0,false,false,true,false,,BUY|RENT
tm1319465,The Perfect Story,2022,movie,0,false,false,false,false,,ADS
tm1278848,Immediate Family,2022,movie,2,true,false,false,false,Disney+|Hulu,BUY|CINEMA|FLATRATE|FREE|RENT
tm1148558,Lucy and Desi,2022,movie,1,true,true,false,false,Amazon Prime Video,ADS|FLATRATE
tm1138477,Downfall: The Case Against Boeing,2022,movie,1,true,true,false,false,Netflix,FLATRATE
tm1195971,Halftime,2022,movie,1,true,true,false,false,Netflix,FLATRATE
ts295157,Welcome to Wrexham,2022,show,2,true,false,false,false,Disney+|Hulu,BUY|FLATRATE|FREE
ts237300,Theodore Roosevelt,2022,show,3,true,false,false,false,Amazon Prime Video|HISTORY Vault|Netflix,ADS|BUY|FLATRATE|FREE|RENT
ts315821,Louis Theroux: Forbidden America,2022,show,2,true,false,false,false,BBC Select|BritBox,FLATRATE|FREE
ts363095,Titans: The Rise of Hollywood,2022,show,2,true,false,false,false,Curiosity Stream|Netflix,BUY|FLATRATE|RENT
ts360095,Trainwreck: Woodstock '99,2022,show,1,true,true,false,false,Netflix,FLATRATE
ts349881,LIGHT & MAGIC,2022,show,1,true,true,false,false,Disney+,FLATRATE
ts369966,Ancient Apocalypse,2022,show,1,true,true,false,false,Netflix,FLATRATE
ts269167,Outer Range,2022,show,1,true,true,false,false,Amazon Prime Video,ADS|FLATRATE
ts352666,Lucy Worsley Investigates,2022,show,3,true,false,false,false,BBC Select|BritBox|PBS Documentaries,ADS|BUY|FLATRATE
ts366587,The Truth About My Murder,2022,show,2,true,false,false,false,Amazon Prime Video|BritBox,ADS|FLATRATE
ts370254,The Wanderer,2022,show,1,true,true,false,false,Amazon Prime Video,FLATRATE
ts18843,Benjamin Franklin,2022,show,1,true,true,false,false,PBS Documentaries,ADS|BUY|FLATRATE
ts284215,Big Vape: The Rise and Fall of Juul,2022,show,1,true,true,false,false,Netflix,FLATRATE
ts353837,"Web of Make Believe: Death, Lies and the Internet",2022,show,1,true,true,false,false,Netflix,FLATRATE
ts357030,D.B. Cooper: Where Are You?!,2022,show,1,true,true,false,false,Netflix,FLATRATE
ts321872,Taking the Stand,2022,show,3,true,false,false,false,A&E Crime Central|Disney+|Hulu,ADS|BUY|FLATRATE|FREE
ts369223,Killer Sally,2022,show,1,true,true,false,false,Netflix,FLATRATE
ts353459,"The Booze, Bets and Sex That Built America",2022,show,4,true,false,false,false,Disney+|HISTORY Vault|Hulu|Netflix,ADS|BUY|FLATRATE
ts363866,Planet Sex with Cara Delevingne,2022,show,2,true,false,false,false,Disney+|Hulu,FLATRATE
ts301550,All or Nothing: Arsenal,2022,show,1,true,true,false,false,Amazon Prime Video,FLATRATE
ts269179,The G Word with Adam Conover,2022,show,1,true,true,false,false,Netflix,FLATRATE
ts360284,Keep This Between Us,2022,show,0,false,false,true,false,,BUY
ts367099,Blumhouse's Compendium of Horror,2022,show,1,true,true,false,false,MGM+,FLATRATE
ts330425,The Principles of Pleasure,2022,show,1,true,true,false,false,Netflix,FLATRATE
ts372695,Branson,2022,show,1,true,true,false,false,Max,BUY|FLATRATE
ts291251,The End Is Nye,2022,show,1,true,true,false,false,Peacock,FLATRATE
ts373412,Amazon Music Live,2022,show,0,false,false,false,false,,
ts357460,Biography: Bobby Brown,2022,show,0,false,false,true,false,,ADS|BUY|FLATRATE
ts387222,Deadly Science,2022,show,1,true,true,false,false,Curiosity Stream,FLATRATE
ts364769,The Challenge: Untold History,2022,show,1,true,true,false,false,Paramount+,BUY|FLATRATE
ts331393,The Murdochs: Empire of Influence,2022,show,0,false,false,false,false,,
ts357621,Teen Mom: The Next Chapter,2022,show,1,true,true,false,false,Paramount+,BUY|FLATRATE
ts346959,Meltdown: Three Mile Island,2022,show,1,true,true,false,false,Netflix,FLATRATE
tm1143265,Incantation,2022,movie,1,true,true,false,false,Netflix,FLATRATE
tm1045214,Speak No Evil,2022,movie,2,true,false,false,false,AMC+|Shudder,BUY|FLATRATE|FREE|RENT
tm1243455,Grimcutty,2022,movie,2,true,false,false,false,Disney+|Hulu,FLATRATE
tm1144796,Watcher,2022,movie,2,true,false,false,false,AMC+|Shudder,BUY|FLATRATE|RENT
tm1038846,All My Friends Hate Me,2022,movie,0,false,false,true,false,,ADS|BUY|FREE|RENT
tm1180432,Exploited,2022,movie,1,true,true,false,false,Amazon Prime Video,ADS|BUY|FLATRATE|FREE|RENT
tm1235985,Old People,2022,movie,1,true,true,false,false,Netflix,FLATRATE
tm1166024,Choose or Die,2022,movie,1,true,true,false,false,Netflix,FLATRATE
tm1287055,Saving Grace,2022,movie,1,true,true,false,false,Amazon Prime Video,ADS|BUY|FLATRATE|FREE|RENT
ts85187,Guillermo del Toro's Cabinet of Curiosities,2022,show,1,true,true,false,false,Netflix,FLATRATE
ts256710,Archive 81,2022,show,1,true,true,false,false,Netflix,FLATRATE
ts367214,The Boulet Brothers' Dragula: Titans,2022,show,2,true,false,false,false,AMC+|Shudder,BUY|FLATRATE|FREE
ts288268,The Midnight Club,2022,show,1,true,true,false,false,Netflix,FLATRATE
ts290398,The Midwich Cuckoos,2022,show,2,true,false,false,false,AMC+|Acorn TV,FLATRATE
ts365032,The Watcher,2022,show,1,true,true,false,false,Netflix,FLATRATE
ts328432,Our House,2022,show,1,true,true,false,false,Peacock,ADS|BUY|FLATRATE
ts367130,An/Na,2022,show,0,false,false,true,false,,BUY|FREE
ts345906,Fear the Walking Dead: Dead in the Water,2022,show,1,true,true,false,false,AMC+,FLATRATE|FREE
ts252861,Resident Evil,2022,show,1,true,true,false,false,Netflix,FLATRATE
ts296752,Santo,2022,show,1,true,true,false,false,Netflix,FLATRATE
ts367630,Urban Legend,2022,show,2,true,false,false,false,Discovery+|Max,BUY|FLATRATE|FREE
ts364114,The 101 Scariest Horror Movie Moments of All Time,2022,show,2,true,false,false,false,AMC+|Shudder,BUY|FLATRATE
ts322312,Reginald the Vampire,2022,show,2,true,false,false,false,Disney+|Hulu,FLATRATE
ts85620,Let the Right One In,2022,show,0,false,false,false,false,,
ts366880,28 Days Haunted,2022,show,1,true,true,false,false,Netflix,FLATRATE
ts309827,Devil in Ohio,2022,show,1,true,true,false,false,Netflix,FLATRATE
ts369564,My Encounter with Evil,2022,show,1,true,true,false,false,Netflix,FLATRATE
ts313947,Tales of the Walking Dead,2022,show,1,true,true,false,false,AMC+,BUY|FLATRATE|FREE
ts373901,Connect,2022,show,2,true,false,false,false,Disney+|Hulu,FLATRATE
ts354381,School Tales the Series,2022,show,1,true,true,false,false,Netflix,FLATRATE
ts352729,Kunlun Tomb,2022,show,2,true,false,false,false,Amazon Prime Video|Rakuten Viki,ADS|BUY|FLATRATE
ts259765,The Girl in the Mirror,2022,show,1,true,true,false,false,Netflix,FLATRATE
ts365037,The Bastard Son & the Devil Himself,2022,show,1,true,true,false,false,Netflix,FLATRATE
ts351204,Red Rose,2022,show,1,true,true,false,false,Netflix,FLATRATE
tm1196209,Moonage Daydream,2022,movie,1,true,true,false,false,Netflix,BUY|FLATRATE|FREE|RENT
tm1223591,Circus of the Scars - the documentary,2022,movie,1,true,true,false,false,Amazon Prime Video,ADS|BUY|FLATRATE|FREE|RENT
tm1198383,George Michael: Freedom Uncut,2022,movie,0,false,false,true,false,,BUY|RENT
tm206702,Monster High: The Movie,2022,movie,1,true,true,false,false,Paramount+,BUY|FLATRATE|RENT
tm1141868,Taurus,2022,movie,1,true,true,false,false,AMC+,ADS|BUY|FLATRATE|FREE|RENT
tm1137705,Purple Hearts,2022,movie,1,true,true,false,false,Netflix,FLATRATE
tm1260471,The Sound of 007,2022,movie,1,true,true,false,false,Amazon Prime Video,FLATRATE
tm868108,If These Walls Could Sing,2022,movie,2,true,false,false,false,Disney+|Hulu,FLATRATE
tm1263443,Don't Fall in Love with Yourself,2022,movie,1,true,true,false,false,Amazon Prime Video,ADS|BUY|FLATRATE|FREE|RENT
tm1254742,Beyond the Universe,2022,movie,1,true,true,false,false,Netflix,FLATRATE
tm244888,Ennio,2022,movie,2,true,false,false,false,Amazon Prime Video|OVID,ADS|BUY|CINEMA|FLATRATE|FREE|RENT
tm1138411,Meet Me in the Bathroom,2022,movie,0,false,false,true,false,,BUY|FREE|RENT
tm1061911,Rainbow,2022,movie,1,true,true,false,false,Netflix,FLATRATE
tm1235732,Shania Twain: Not Just a Girl,2022,movie,0,false,false,false,false,,
tm1239474,On the Come Up,2022,movie,1,true,true,false,false,Amazon Prime Video,BUY|FLATRATE|RENT
tm995088,The Sky Is Everywhere,2022,movie,1,true,true,false,false,Apple TV+,FLATRATE
tm999825,Charli XCX: Alone Together,2022,movie,1,true,true,false,false,MUBI,BUY|FLATRATE|FREE|RENT
tm1144897,My Father's Violin,2022,movie,1,true,true,false,false,Netflix,FLATRATE
tm1075698,Metal Lords,2022,movie,1,true,true,false,false,Netflix,FLATRATE
tm926406,Whitney Houston: I Wanna Dance with Somebody,2022,movie,2,true,false,false,false,Amazon Prime Video|Hulu,BUY|FLATRATE|RENT
tm1001097,Beauty,2022,movie,1,true,true,false,false,Netflix,FLATRATE
tm1191092,Spring Awakening: Those You've Known,2022,movie,1,true,true,false,false,Max,FLATRATE
tm1166662,Sheryl,2022,movie,1,true,true,false,false,Paramount+,BUY|FLATRATE
tm1239105,L'immensità,2022,movie,2,true,false,false,false,Amazon Prime Video|OVID,ADS|BUY|CINEMA|FLATRATE|FREE|RENT
tm1158990,This Much I Know to Be True,2022,movie,0,false,false,true,false,,BUY|FREE|RENT
tm1166599,Dio: Dreamers Never Die,2022,movie,0,false,false,true,false,,BUY|RENT
tm1002567,Sneakerella,2022,movie,1,true,true,false,false,Disney+,FLATRATE
ts306301,Pistol,2022,show,1,true,true,false,false,Amazon Prime Video,ADS|BUY|FLATRATE|FREE
ts229724,Rap Sh!t,2022,show,1,true,true,false,false,Max,FLATRATE
ts256754,George & Tammy,2022,show,1,true,true,false,false,Paramount+,BUY|FLATRATE
ts311989,jeen-yuhs,2022,show,1,true,true,false,false,Netflix,FLATRATE
ts353299,My Life as a Rolling Stone,2022,show,1,true,true,false,false,MGM+,FLATRATE
ts326029,Savage Rhythm,2022,show,1,true,true,false,false,Netflix,FLATRATE
ts349842,Rhythm + Flow France,2022,show,1,true,true,false,false,Netflix,FLATRATE
ts328331,Our Only Chance,2022,show,2,true,false,false,false,Disney+|Hulu,FLATRATE
ts285666,It Was Always Me,2022,show,1,true,true,false,false,Disney+,FLATRATE
ts286333,JANET JACKSON.,2022,show,2,true,false,false,false,Amazon Prime Video|Lifetime Movie Club,ADS|BUY|FLATRATE|FREE
ts292662,Johnny Hallyday: Beyond Rock,2022,show,1,true,true,false,false,Netflix,FLATRATE
ts232073,The Playlist,2022,show,1,true,true,false,false,Netflix,FLATRATE
ts311915,Rebelde,2022,show,1,true,true,false,false,Netflix,FLATRATE
ts302635,Monarch,2022,show,0,false,false,false,false,,
ts329593,Women Who Rock,2022,show,1,true,true,false,false,MGM+,FLATRATE
ts346893,Menudo: Forever Young,2022,show,1,true,true,false,false,Max,FLATRATE
ts288744,The Sound of Magic,2022,show,1,true,true,false,false,Netflix,FLATRATE
ts291735,Porno y helado,2022,show,1,true,true,false,false,Amazon Prime Video,FLATRATE|FREE
ts363099,Out Loud,2022,show,1,true,true,false,false,Amazon Prime Video,FLATRATE
ts222581,The Oath of Love,2022,show,2,true,false,false,false,Amazon Prime Video|Rakuten Viki,ADS|BUY|FLATRATE
ts394764,Urusei Yatsura,2022,show,2,true,false,false,false,Crunchyroll|Hidive,BUY|FLATRATE
ts292987,The Montaners,2022,show,0,false,false,false,false,,FLATRATE
ts366461,Spector,2022,show,1,true,true,false,false,Paramount+,BUY|FLATRATE
ts285194,Reign Supreme,2022,show,1,true,true,false,false,Netflix,FLATRATE
ts362794,"El Rey, Vicente Fernández",2022,show,1,true,true,false,false,Netflix,FLATRATE
ts365031,Take 1,2022,show,1,true,true,false,false,Netflix,FLATRATE
ts346132,Only for Love,2022,show,1,true,true,false,false,Netflix,FLATRATE
ts354178,Locomía,2022,show,0,false,false,false,false,,
ts352890,Gil Family,2022,show,1,true,true,false,false,Amazon Prime Video,FLATRATE
ts327455,Bosé,2022,show,0,false,false,false,false,,
ts315814,Seasoned,2022,show,0,false,false,false,false,,ADS|FREE
ts322371,The Unbroken Voice,2022,show,1,true,true,false,false,Netflix,FLATRATE
ts357412,The Jennifer Hudson Show,2022,show,0,false,false,false,false,,ADS|FLATRATE
ts273226,BOCCHI THE ROCK!,2022,show,1,true,true,false,false,Crunchyroll,BUY|FLATRATE
ts328689,Extreme Hearts,2022,show,1,true,true,false,false,Crunchyroll,FLATRATE
ts274098,Cue!,2022,show,1,true,true,false,false,Crunchyroll,FLATRATE
ts306260,Heroines Run the Show,2022,show,1,true,true,false,false,Crunchyroll,FLATRATE
ts342938,Eternal Boys,2022,show,1,true,true,false,false,Hidive,BUY|FLATRATE
ts221079,League of Nations Air Force Aviation Magic Band Luminous Witches,2022,show,1,true,true,false,false,Hidive,FLATRATE
ts323620,Kami Kuzu Idol,2022,show,1,true,true,false,false,Hidive,BUY|FLATRATE
ts287542,Healer Girl,2022,show,1,true,true,false,false,Crunchyroll,FLATRATE
ts369507,Soundtrack #1,2022,show,1,true,true,false,false,Disney+,FLATRATE
ts320600,Fight Song,2022,show,1,true,true,false,false,Rakuten Viki,ADS|FLATRATE
tm1190446,Rise,2022,movie,1,true,true,false,false,Disney+,FLATRATE
tm1126268,Hustle,2022,movie,1,true,true,false,false,Netflix,FLATRATE
tm1251092,The Redeem Team,2022,movie,1,true,true,false,false,Netflix,FLATRATE
tm1271592,Lamborghini: The Man Behind the Legend,2022,movie,0,false,false,true,false,,BUY|RENT
tm1237661,Untold: The Rise and Fall of AND1,2022,movie,1,true,true,false,false,Netflix,FLATRATE
tm1237640,Untold: Operation Flagrant Foul,2022,movie,1,true,true,false,false,Netflix,FLATRATE
tm1037351,The Swimmers,2022,movie,1,true,true,false,false,Netflix,FLATRATE
tm1243739,No Limit,2022,movie,1,true,true,false,false,Netflix,FLATRATE
tm1171582,In from the Side,2022,movie,0,false,false,true,false,,BUY|FLATRATE|FREE|RENT
tm1117040,Anek,2022,movie,1,true,true,false,false,Netflix,FLATRATE
tm1164936,Father Stu,2022,movie,2,true,false,false,false,Disney+|Hulu,ADS|BUY|FLATRATE|FREE|RENT
tm1211930,McEnroe,2022,movie,1,true,true,false,false,Paramount+,BUY|FLATRATE
tm1191019,Hold Your Breath: The Ice Dive,2022,movie,1,true,true,false,false,Netflix,FLATRATE
tm1174707,Punch,2022,movie,1,true,true,false,false,Dekkoo,ADS|BUY|FLATRATE|FREE|RENT
tm1237643,Untold: The Race of the Century,2022,movie,1,true,true,false,false,Netflix,FLATRATE
tm1119379,Hockeyland,2022,movie,0,false,false,true,false,,BUY|FREE|RENT
tm1200050,38 at the Garden,2022,movie,1,true,true,false,false,Max,FLATRATE
tm999899,Liger,2022,movie,1,true,true,false,false,Hulu,FLATRATE
tm1082515,Untold: Caitlyn Jenner,2022,movie,1,true,true,false,false,Netflix,FLATRATE
tm1247620,The Figo Affair: The Transfer That Changed Football,2022,movie,1,true,true,false,false,Netflix,FLATRATE
tm1261002,Fantasy Football,2022,movie,0,false,false,true,false,,BUY|RENT
tm1139145,Shane,2022,movie,0,false,false,true,false,,BUY|RENT
tm1234493,Stay on Board: The Leo Baker Story,2022,movie,1,true,true,false,false,Netflix,FLATRATE
tm969982,The Phantom of the Open,2022,movie,1,true,true,false,false,Amazon Prime Video,BUY|FLATRATE|RENT
tm1259799,Yankees-Dodgers: An Uncivil War,2022,movie,1,true,true,false,false,Disney+,FLATRATE
tm1116833,The Sanctity of Space,2022,movie,0,false,false,true,false,,ADS|BUY|FREE|RENT
tm1174163,1UP,2022,movie,1,true,true,false,false,Amazon Prime Video,FLATRATE
tm1179526,Fast & Feel Love,2022,movie,1,true,true,false,false,Netflix,BUY|FLATRATE|RENT
tm1209649,Jungle Cry,2022,movie,0,false,false,true,false,,BUY|RENT
tm1132766,42 segundos,2022,movie,0,false,false,true,false,,BUY|RENT
tm1165244,Into the Wind,2022,movie,1,true,true,false,false,Netflix,FLATRATE
tm1287566,10,2022,movie,1,true,true,false,false,Amazon Prime Video,FLATRATE
tm1240842,Prizefighter: The Life of Jem Belcher,2022,movie,1,true,true,false,false,Amazon Prime Video,BUY|FLATRATE
tm1285092,Schumacher & Schumacher,2022,movie,1,true,true,false,false,Amazon Prime Video,ADS|BUY|FLATRATE|FREE|RENT
tm1250697,Raymond Lewis: L.A. Legend,2022,movie,1,true,true,false,false,Amazon Prime Video,ADS|BUY|FLATRATE|FREE|RENT
tm1221280,Jaadugar,2022,movie,1,true,true,false,false,Netflix,FLATRATE
tm1260574,An Accidental Life,2022,movie,1,true,true,false,false,Amazon Prime Video,ADS|BUY|FLATRATE|FREE|RENT
tm858287,Jersey,2022,movie,1,true,true,false,false,Netflix,FLATRATE
tm1283251,Dangerous Play,2022,movie,1,true,true,false,false,Max,FLATRATE
tm1261547,"Say Hey, Willie Mays!",2022,movie,1,true,true,false,false,Max,FLATRATE
tm1169125,Strong Enough,2022,movie,1,true,true,false,false,Amazon Prime Video,ADS|BUY|FLATRATE|FREE|RENT
ts227241,Winning Time: The Rise of the Lakers Dynasty,2022,show,1,true,true,false,false,Max,BUY|FLATRATE
ts295581,The Captain,2022,show,1,true,true,false,false,Disney+,FLATRATE
ts369634,FIFA Uncovered,2022,show,1,true,true,false,false,Netflix,FLATRATE
ts362950,Untold: The Girlfriend Who Didn't Exist,2022,show,1,true,true,false,false,Netflix,FLATRATE
ts251918,A League of Their Own,2022,show,1,true,true,false,false,Amazon Prime Video,FLATRATE
ts284297,All American: Homecoming,2022,show,1,true,true,false,false,Netflix,BUY|FLATRATE
ts328446,They Call Me Magic,2022,show,1,true,true,false,false,Apple TV+,FLATRATE
ts367765,Tales From the Territories,2022,show,0,false,false,true,false,,BUY|FLATRATE
ts289791,Mike,2022,show,2,true,false,false,false,Disney+|Hulu,FLATRATE
ts320302,Neymar: The Perfect Chaos,2022,show,1,true,true,false,false,Netflix,FLATRATE
ts369512,Shaq,2022,show,1,true,true,false,false,Max,FLATRATE
ts272733,Make or Break,2022,show,1,true,true,false,false,Apple TV+,FLATRATE
ts354402,A Clean Sweep,2022,show,1,true,true,false,false,Netflix,FLATRATE
ts293346,Race: Bubba Wallace,2022,show,1,true,true,false,false,Netflix,FLATRATE
ts329901,WWE NXT: Level Up,2022,show,0,false,false,false,false,,
ts124495,Legacy: The True Story of the LA Lakers,2022,show,2,true,false,false,false,Disney+|Hulu,FLATRATE
ts329879,MotoGP Unlimited,2022,show,1,true,true,false,false,Amazon Prime Video,FLATRATE
ts356951,Hurts Like Hell,2022,show,1,true,true,false,false,Netflix,FLATRATE
ts364946,The Fight for Justice: Paolo Guerrero,2022,show,1,true,true,false,false,Netflix,FLATRATE
ts310628,MaveriX,2022,show,1,true,true,false,false,Netflix,FLATRATE
ts288747,The Pogmentary,2022,show,1,true,true,false,false,Amazon Prime Video,FLATRATE
ts351181,Pub Talk,2022,show,1,true,true,false,false,Amazon Prime Video,ADS|FLATRATE
ts366612,"Sumo Do, Sumo Don't",2022,show,1,true,true,false,false,Disney+,FLATRATE
ts310207,WWE Evil,2022,show,0,false,false,false,false,,
ts294936,Terim,2022,show,1,true,true,false,false,Netflix,FLATRATE
ts374548,FC Barcelona: A New Era,2022,show,1,true,true,false,false,Amazon Prime Video,ADS|FLATRATE
ts357359,Save Our Squad with David Beckham,2022,show,1,true,true,false,false,Disney+,FLATRATE
ts376603,Le Stade,2022,show,0,false,false,false,false,,
ts310958,Coach Prime,2022,show,1,true,true,false,false,Amazon Prime Video,ADS|FLATRATE
ts293097,Goles en contra,2022,show,1,true,true,false,false,Netflix,FLATRATE
ts343426,Senzo: Murder of a Soccer Star,2022,show,1,true,true,false,false,Netflix,FLATRATE
ts323395,Mi Selección Colombia,2022,show,1,true,true,false,false,Amazon Prime Video,FLATRATE|FREE
ts371540,Good Rivals,2022,show,1,true,true,false,false,Amazon Prime Video,ADS|FLATRATE
ts326139,Simeone. Living Match by Match,2022,show,1,true,true,false,false,Amazon Prime Video,ADS|FLATRATE
ts343660,The Long Game: Bigger Than Basketball,2022,show,1,true,true,false,false,Apple TV+,FLATRATE
ts315990,Gymnastics Academy: A Second Chance!,2022,show,1,true,true,false,false,Netflix,FLATRATE
ts359810,"Argentine National Team, Road to Qatar",2022,show,1,true,true,false,false,Amazon Prime Video,FLATRATE
ts288276,Aoashi,2022,show,1,true,true,false,false,Crunchyroll,BUY|FLATRATE
ts304211,Love All Play,2022,show,1,true,true,false,false,Crunchyroll,FLATRATE
ts360969,WWE This Is Awesome,2022,show,0,false,false,false,false,,
ts314925,Birdie Wing: Golf Girls' Story,2022,show,1,true,true,false,false,Crunchyroll,BUY|FLATRATE
ts305976,Fanfare of Adolescence,2022,show,1,true,true,false,false,Crunchyroll,FLATRATE
tm1284734,My Next Guest with David Letterman and Volodymyr Zelenskyy,2022,movie,1,true,true,false,false,Netflix,FLATRATE
tm1280762,Jeff Dunham: Me the People,2022,movie,1,true,true,false,false,Paramount+,BUY|FLATRATE
tm1191860,Oprah + Viola: A Netflix Special Event,2022,movie,1,true,true,false,false,Netflix,FLATRATE
tm1271929,Pentatonix: Around the World for the Holidays,2022,movie,0,false,false,false,false,,
tm1271773,Santa Camp,2022,movie,1,true,true,false,false,Max,FLATRATE
tm1268944,Best in Snow,2022,movie,0,false,false,false,false,,
tm1223309,The Great American Tag Sale with Martha Stewart,2022,movie,0,false,false,false,false,,
tm1282519,Fuhgeddabout Christmas,2022,movie,0,false,false,true,false,,BUY
tm1205224,The Kardashians - An ABC News Special,2022,movie,0,false,false,false,false,,
tm1277274,Matthew Perry: The Diane Sawyer Interview,2022,movie,0,false,false,false,false,,
tm1286443,2022 Back That Year Up with Kevin Hart & Kenan Thompson,2022,movie,1,true,true,false,false,Peacock,FLATRATE
tm902230,Green Signal,2022,movie,0,false,false,true,false,,BUY|RENT
tm1237344,The Skunk Ape Experiments,2022,movie,0,false,false,true,false,,ADS|BUY|FLATRATE|FREE|RENT
tm1273943,Slay Model Search 2022,2022,movie,1,true,true,false,false,Amazon Prime Video,FLATRATE
tm1245169,The Box Truck Film: Building a Reuseful Home!,2022,movie,1,true,true,false,false,Amazon Prime Video,ADS|BUY|FLATRATE|RENT
ts300455,Next Level Chef,2022,show,3,true,false,false,false,Disney+|FOX One|Hulu,ADS|BUY|FLATRATE|FREE
ts373658,The Traitors: UK,2022,show,1,true,true,false,false,Peacock,FLATRATE
ts321405,Ugliest House in America,2022,show,4,true,false,false,false,Discovery+|Disney+|Hulu|Max,BUY|FLATRATE|FREE
ts321060,The Kardashians,2022,show,2,true,false,false,false,Disney+|Hulu,FLATRATE
ts363831,Bobby's Triple Threat,2022,show,4,true,false,false,false,Discovery+|Disney+|Hulu|Max,ADS|BUY|FLATRATE|FREE
ts351552,Claim to Fame,2022,show,2,true,false,false,false,Disney+|Hulu,FLATRATE
ts360403,90 Day Fiancé UK,2022,show,4,true,false,false,false,Discovery+|Disney+|Hulu|Max,FLATRATE|FREE
ts452486,Unspeakable,2022,show,1,true,true,false,false,Amazon Prime Video,ADS|BUY|FLATRATE|FREE
ts331501,Adam Eats the 80s,2022,show,1,true,true,false,false,Disney+,BUY|FLATRATE|FREE
ts377141,The Ultimatum: Marry or Move On,2022,show,1,true,true,false,false,Netflix,FLATRATE
ts322320,RuPaul's Drag Race UK vs The World,2022,show,1,true,true,false,false,WOW Presents Plus,FLATRATE|FREE
ts373855,Barmageddon,2022,show,0,false,false,true,false,,ADS|BUY|FLATRATE|FREE
ts321107,Alex vs America,2022,show,2,true,false,false,false,Discovery+|Max,ADS|BUY|FLATRATE|FREE
ts318561,The Big Brunch,2022,show,1,true,true,false,false,Max,FLATRATE
ts365826,Fixer Upper: The Castle,2022,show,4,true,false,false,false,Discovery+|Disney+|Hulu|Magnolia Network,ADS|BUY|FLATRATE
ts251993,One Perfect Shot,2022,show,1,true,true,false,false,Max,FLATRATE
ts342158,Azzyland,2022,show,1,true,true,false,false,Amazon Prime Video,ADS|FLATRATE|FREE
ts319015,Selling the OC,2022,show,1,true,true,false,false,Netflix,FLATRATE
ts329700,Life After Death with Tyler Henry,2022,show,1,true,true,false,false,Netflix,FLATRATE
ts356237,Snake in the Grass,2022,show,0,false,false,false,false,,
ts357137,First Class,2022,show,1,true,true,false,false,Netflix,FLATRATE
ts374401,Real Time Crime,2022,show,2,true,false,false,false,Discovery+|Max,BUY|FLATRATE|FREE
ts349921,That’s My Time with David Letterman,2022,show,1,true,true,false,false,Netflix,FLATRATE
ts308317,Snowflake Mountain,2022,show,1,true,true,false,false,Netflix,FLATRATE
ts307081,Secrets of Playboy,2022,show,0,false,false,true,false,,ADS|BUY|FLATRATE|FREE
ts312200,I Am Georgina,2022,show,1,true,true,false,false,Netflix,FLATRATE
ts318539,The Real Housewives of Dubai,2022,show,1,true,true,false,false,Peacock,ADS|BUY|FLATRATE|FREE
ts293446,LOL: Last One Laughing Canada,2022,show,1,true,true,false,false,Amazon Prime Video,FLATRATE
ts503396,Couch by Lena Situations,2022,show,2,true,false,false,false,Disney+|Hulu,FLATRATE
ts323854,Best in Dough,2022,show,0,false,false,false,false,,
ts243536,Family Dinner,2022,show,3,true,false,false,false,Discovery+|Magnolia Network|Max,BUY|FLATRATE
ts289259,Domino Masters,2022,show,0,false,false,false,false,,ADS
tm1148607,Call Jane,2022,movie,2,true,false,false,false,Disney+|Hulu,BUY|FLATRATE|RENT
tm996762,Major,2022,movie,1,true,true,false,false,Netflix,FLATRATE
tm1262762,The Wind & the Reckoning,2022,movie,1,true,true,false,false,Amazon Prime Video,ADS|BUY|FLATRATE|RENT
tm1014947,Against the Ice,2022,movie,1,true,true,false,false,Netflix,FLATRATE
tm123367,Blonde,2022,movie,1,true,true,false,false,Netflix,FLATRATE
tm1019596,The Drover's Wife: The Legend of Molly Johnson,2022,movie,1,true,true,false,false,Amazon Prime Video,ADS|BUY|FLATRATE|FREE|RENT
tm1239053,All the Beauty and the Bloodshed,2022,movie,1,true,true,false,false,Max,BUY|FLATRATE|FREE|RENT
tm1138743,The Martha Mitchell Effect,2022,movie,1,true,true,false,false,Netflix,FLATRATE
tm857461,Gangubai Kathiawadi,2022,movie,1,true,true,false,false,Netflix,FLATRATE
tm1099911,"Argentina, 1985",2022,movie,1,true,true,false,false,Amazon Prime Video,FLATRATE
tm490258,Rocketry: The Nambi Effect,2022,movie,1,true,true,false,false,Amazon Prime Video,ADS|BUY|FLATRATE|FREE|RENT
tm1143733,2nd Chance,2022,movie,1,true,true,false,false,Paramount+,BUY|FLATRATE|RENT
tm1243032,Dalíland,2022,movie,2,true,false,false,false,Disney+|Hulu,BUY|CINEMA|FLATRATE|FREE|RENT
tm1130341,The Kashmir Files,2022,movie,0,false,false,false,false,,
tm1248636,Is That Black Enough for You?!?,2022,movie,1,true,true,false,false,Netflix,FLATRATE
tm1138261,Descendant,2022,movie,1,true,true,false,false,Netflix,FLATRATE
tm1138453,"Riotsville, USA",2022,movie,1,true,true,false,false,Criterion Channel,BUY|FLATRATE|FREE|RENT
tm1210876,Razzennest,2022,movie,2,true,false,false,false,Amazon Prime Video|Cineverse,ADS|BUY|FLATRATE|FREE|RENT
tm662048,Karosta: Life After the USSR,2022,movie,0,false,false,false,false,,FREE
tm1080490,Werewolf Castle,2022,movie,2,true,false,false,false,Amazon Prime Video|DistroTV,ADS|BUY|FLATRATE|FREE|RENT
tm1149822,Eismayer,2022,movie,1,true,true,false,false,Dekkoo,ADS|BUY|FLATRATE|FREE|RENT
tm494912,Broad Peak,2022,movie,1,true,true,false,false,Netflix,FLATRATE
ts328605,Pera Palas'ta Gece Yarisi,2022,show,1,true,true,false,false,Netflix,FLATRATE
ts368887,The Ice Cream Wars,2022,show,2,true,false,false,false,BBC Select|BritBox,FLATRATE
ts250998,Dirty Lines,2022,show,1,true,true,false,false,Netflix,FLATRATE
ts362549,Dangerous Liaisons,2022,show,0,false,false,true,false,,BUY
ts357930,Indian Predator: The Butcher of Delhi,2022,show,1,true,true,false,false,Netflix,FLATRATE
ts372412,Mysteries of the Abandoned: Hidden America,2022,show,2,true,false,false,false,Discovery+|Max,FLATRATE|FREE
ts369108,Indian Predator: The Diary of a Serial Killer,2022,show,1,true,true,false,false,Netflix,FLATRATE
ts372861,"Blood, Sex & Royalty",2022,show,1,true,true,false,false,Netflix,FLATRATE
ts369505,"Pepsi, Where's My Jet?",2022,show,1,true,true,false,false,Netflix,FLATRATE
ts226290,Gaslit,2022,show,0,false,false,true,false,,BUY|FLATRATE
ts371616,Crime Scene: The Texas Killing Fields,2022,show,1,true,true,false,false,Netflix,FLATRATE
ts231036,Becoming Elizabeth,2022,show,0,false,false,true,false,,BUY
ts257504,Los herederos de la tierra,2022,show,1,true,true,false,false,Netflix,FLATRATE
ts329296,Dark Side of Comedy,2022,show,0,false,false,true,false,,BUY|FLATRATE
ts315721,Litvinenko,2022,show,0,false,false,false,false,,FLATRATE
ts328390,Rocket Boys,2022,show,0,false,false,false,false,,FLATRATE
ts258358,The Life and Movies of Erşan Kuneri,2022,show,1,true,true,false,false,Netflix,FLATRATE
ts353955,Secret History of WWII,2022,show,1,true,true,false,false,Amazon Prime Video,ADS|FLATRATE
ts276453,"Iosi, el espía arrepentido",2022,show,1,true,true,false,false,Amazon Prime Video,FLATRATE|FREE
ts356971,The U.S. and the Holocaust,2022,show,1,true,true,false,false,PBS Documentaries,ADS|BUY|FLATRATE|FREE
ts327943,Into the Wild Frontier,2022,show,3,true,false,false,false,Amazon Prime Video|Peacock|UP Faith & Family,ADS|BUY|FLATRATE|FREE
ts357508,First Blood,2022,show,3,true,false,false,false,A&E Crime Central|Disney+|Hulu,ADS|BUY|FLATRATE
ts368848,Vatican Girl: The Disappearance of Emanuela Orlandi,2022,show,1,true,true,false,false,Netflix,FLATRATE
ts328273,We Need to Talk About Cosby,2022,show,1,true,true,false,false,Paramount+,BUY|FLATRATE
ts328055,Everything's Gonna Be All White,2022,show,1,true,true,false,false,Paramount+,BUY|FLATRATE
tm1257949,Mira,2022,movie,1,true,true,false,false,Amazon Prime Video,ADS|BUY|FLATRATE|RENT
tm1148700,Brian and Charles,2022,movie,1,true,true,false,false,Netflix,BUY|FLATRATE|RENT
tm851128,BigBug,2022,movie,1,true,true,false,false,Netflix,FLATRATE
tm1227298,Polaris,2022,movie,1,true,true,false,false,Amazon Prime Video,ADS|BUY|FLATRATE|FREE|RENT
tm465131,Black Panther: Wakanda Forever,2022,movie,1,true,true,false,false,Disney+,BUY|FLATRATE|RENT
tm498831,After Yang,2022,movie,0,false,false,true,false,,ADS|BUY|FREE|RENT
tm1072066,Blasted: Gutta vs Aliens,2022,movie,1,true,true,false,false,Netflix,FLATRATE
tm1038839,Crimes of the Future,2022,movie,0,false,false,true,false,,ADS|BUY|FREE|RENT
tm1253236,Significant Other,2022,movie,1,true,true,false,false,Paramount+,BUY|FLATRATE|RENT
tm1246406,Shark Side of the Moon,2022,movie,1,true,true,false,false,Amazon Prime Video,ADS|BUY|FLATRATE|RENT
tm1239672,Dead Zone,2022,movie,1,true,true,false,false,Amazon Prime Video,ADS|FLATRATE
tm1240272,Office Invasion,2022,movie,1,true,true,false,false,Netflix,FLATRATE
tm1267296,R.I.P.D. 2: Rise of the Damned,2022,movie,0,false,false,true,false,,BUY|RENT
tm890759,Edge of Extinction,2022,movie,0,false,false,true,false,,ADS|BUY|FREE|RENT
tm1042933,Ultrasound,2022,movie,1,true,true,false,false,Amazon Prime Video,ADS|BUY|FLATRATE|FREE|RENT
tm410128,Warriors of Future,2022,movie,1,true,true,false,false,Netflix,FLATRATE
tm1285513,Adult Swim Yule Log,2022,movie,0,false,false,true,false,,BUY
tm453644,Project Gemini,2022,movie,2,true,false,false,false,Amazon Prime Video|Bloodstream,ADS|BUY|FLATRATE|FREE|RENT
tm1217805,Rubikon,2022,movie,3,true,false,false,false,AMC+|Shudder|Sundance Now,BUY|FLATRATE|FREE|RENT
ts289180,Moonhaven,2022,show,1,true,true,false,false,Netflix,BUY|FLATRATE|FREE
ts39359,The Man Who Fell to Earth,2022,show,0,false,false,true,false,,BUY
tm1148622,God's Country,2022,movie,2,true,false,false,false,AMC+|Sundance Now,BUY|FLATRATE|RENT
tm1136843,Gold,2022,movie,3,true,false,false,false,Amazon Prime Video|Disney+|Hulu,BUY|FLATRATE|RENT
tm1241683,Dead for a Dollar,2022,movie,0,false,false,true,false,,ADS|BUY|FREE|RENT
tm1259449,Mysterious Circumstance: The Death of Meriwether Lewis,2022,movie,1,true,true,false,false,Amazon Prime Video,ADS|BUY|FLATRATE|FREE|RENT
tm1069854,After Blue (Dirty Paradise),2022,movie,1,true,true,false,false,OVID,ADS|BUY|FLATRATE|FREE|RENT
tm1093878,The Last Victim,2022,movie,0,false,false,true,false,,ADS|BUY|FREE|RENT
tm1175081,Terror on the Prairie,2022,movie,0,false,false,false,false,,
tm1173939,No Name and Dynamite,2022,movie,2,true,false,false,false,Amazon Prime Video|Cineverse,ADS|BUY|FLATRATE|FREE|RENT
tm1217725,Murder at Yellowstone City,2022,movie,1,true,true,false,false,AMC+,BUY|FLATRATE|FREE|RENT
tm1161279,Before They Vanish,2022,movie,1,true,true,false,false,Amazon Prime Video,ADS|BUY|FLATRATE|FREE|RENT
tm1266069,The Last Manhunt,2022,movie,0,false,false,true,false,,ADS|BUY|RENT
tm1183494,Hostile Territory,2022,movie,1,true,true,false,false,Amazon Prime Video,ADS|BUY|FLATRATE|FREE|RENT
tm1247416,The Legend of Hawes,2022,movie,1,true,true,false,false,Amazon Prime Video,ADS|BUY|FLATRATE|FREE|RENT
tm1076811,Apache Junction,2022,movie,0,false,false,true,false,,ADS|BUY|RENT
tm1195032,Thar,2022,movie,1,true,true,false,false,Netflix,FLATRATE
tm1288939,Shooting Star,2022,movie,1,true,true,false,false,Amazon Prime Video,ADS|BUY|FLATRATE|FREE|RENT
tm1124254,Tom and Jerry Cowboy Up!,2022,movie,0,false,false,true,false,,BUY|RENT
tm1156868,A Tale of Two Guns,2022,movie,2,true,false,false,false,Amazon Prime Video|Shout! Factory TV,ADS|BUY|FLATRATE|FREE|RENT
tm1202212,Teardrop,2022,movie,0,false,false,true,false,,ADS|BUY|RENT
tm1251926,Serpentine Pink,2022,movie,1,true,true,false,false,Amazon Prime Video,ADS|BUY|FLATRATE|FREE|RENT
tm1269051,Anglerfish,2022,movie,1,true,true,false,false,Amazon Prime Video,ADS|BUY|FLATRATE|FREE|RENT
tm1173512,"...Watch Out, We're Mad",2022,movie,1,true,true,false,false,Netflix,FLATRATE
tm1044495,The Young Chief Winnetou,2022,movie,0,false,false,false,false,,
tm1174491,Eye for Eye,2022,movie,1,true,true,false,false,Amazon Prime Video,ADS|BUY|FLATRATE|FREE|RENT
tm1226842,Blackwood,2022,movie,1,true,true,false,false,Amazon Prime Video,ADS|BUY|FLATRATE|FREE|RENT
tm963736,Corsicana,2022,movie,0,false,false,true,false,,BUY|FREE|RENT
tm1161726,Guns 3: Alias Billy the Kid,2022,movie,0,false,false,false,false,,
tm1159175,Desperate Riders,2022,movie,2,true,false,false,false,Amazon Prime Video|MovieSphere+,ADS|BUY|FLATRATE|FREE|RENT
tm1177946,Ghosts of the Ozarks,2022,movie,0,false,false,true,false,,ADS|BUY|FREE|RENT
tm870010,Dilly Loves Kitty,2022,movie,0,false,false,true,false,,ADS|BUY|FREE|RENT
tm950225,Swamp Lion,2022,movie,0,false,false,true,false,,ADS|BUY|FLATRATE|RENT
tm1264622,Sanctified,2022,movie,1,true,true,false,false,Amazon Prime Video,ADS|BUY|FLATRATE|FREE|RENT
tm960559,Royals' Revenge,2022,movie,2,true,false,false,false,Amazon Prime Video|Cineverse,ADS|BUY|FLATRATE|FREE|RENT
tm1005151,The Stolen Valley,2022,movie,0,false,false,true,false,,ADS|BUY|FREE
tm1205445,Band of Rebels,2022,movie,1,true,true,false,false,Amazon Prime Video,ADS|BUY|FLATRATE|FREE|RENT
tm1441341,Showdown on the Brazos,2022,movie,1,true,true,false,false,Amazon Prime Video,ADS|BUY|FLATRATE|FREE|RENT
tm1274058,Jesse James: Unchained,2022,movie,1,true,true,false,false,Amazon Prime Video,ADS|BUY|FLATRATE|FREE|RENT
tm1255668,Showdown in Yesteryear,2022,movie,1,true,true,false,false,FlixFling,ADS|BUY|FLATRATE|FREE|RENT
tm1217137,Billie the Kid,2022,movie,0,false,false,true,false,,ADS|BUY|FREE|RENT
tm1229025,The Bounty Men,2022,movie,1,true,true,false,false,Amazon Prime Video,ADS|BUY|FLATRATE|FREE|RENT
tm1079525,Jesus Kid,2022,movie,1,true,true,false,false,IndiePix Unlimited,ADS|BUY|FLATRATE|FREE|RENT
tm1275073,Porter Rockwell: Gunman and Saint,2022,movie,0,false,false,false,false,,ADS|FREE
tm1135149,Jews of the Wild West,2022,movie,0,false,false,true,false,,ADS|BUY|FREE|RENT
tm1287976,Reina of the West,2022,movie,0,false,false,true,false,,ADS|BUY|FREE|RENT
ts225313,The English,2022,show,1,true,true,false,false,Amazon Prime Video,FLATRATE
ts342308,O Cangaceiro do Futuro,2022,show,1,true,true,false,false,Netflix,FLATRATE
ts352896,Walker Independence,2022,show,1,true,true,false,false,Max,BUY|FLATRATE
ts369222,Mountain Men: Ultimate Marksman,2022,show,0,false,false,true,false,,ADS|BUY|FLATRATE|FREE
tm941023,The Worst Person in the World,2021,movie,0,false,false,true,false,,ADS|BUY|FREE|RENT
tm983721,First Date,2021,movie,3,true,false,false,false,Amazon Prime Video|Magnolia Selects|Warriors and Gangsters,ADS|BUY|FLATRATE|FREE|RENT
tm305129,Sing 2,2021,movie,1,true,true,false,false,Amazon Prime Video,ADS|BUY|FLATRATE|RENT
tm454879,Major Grom: Plague Doctor,2021,movie,1,true,true,false,false,Netflix,FLATRATE
tm1048000,Red Rocket,2021,movie,1,true,true,false,false,Netflix,ADS|BUY|FLATRATE|RENT
tm1048591,8-Bit Christmas,2021,movie,1,true,true,false,false,Max,BUY|FLATRATE|RENT
tm864613,Licorice Pizza,2021,movie,0,false,false,true,false,,ADS|BUY|RENT
tm859194,North Hollywood,2021,movie,1,true,true,false,false,Amazon Prime Video,ADS|BUY|FLATRATE|FREE|RENT
tm1018496,Werewolves Within,2021,movie,5,true,false,false,false,AMC+|Disney+|Hulu|Shudder|Sundance Now,BUY|FLATRATE|FREE|RENT
tm856378,Don't Look Up,2021,movie,1,true,true,false,false,Netflix,FLATRATE
tm1287115,The Disappearance of Toby Blackwood,2021,movie,2,true,false,false,false,Amazon Prime Video|Peacock,ADS|BUY|FLATRATE|FREE|RENT
tm453762,Ghostbusters: Afterlife,2021,movie,3,true,false,false,false,Disney+|Hulu|Starz,BUY|FLATRATE|FREE|RENT
tm299698,The Suicide Squad,2021,movie,1,true,true,false,false,Max,BUY|FLATRATE|RENT
tm460711,Free Guy,2021,movie,1,true,true,false,false,Disney+,BUY|FLATRATE|FREE|RENT
tm406724,Boss Level,2021,movie,2,true,false,false,false,Disney+|Hulu,FLATRATE
tm989220,Willy's Wonderland,2021,movie,1,true,true,false,false,Amazon Prime Video,ADS|BUY|FLATRATE|FREE|RENT
tm887078,Shiva Baby,2021,movie,0,false,false,true,false,,BUY|FREE|RENT
tm983754,CODA,2021,movie,1,true,true,false,false,Apple TV+,BUY|FLATRATE|RENT
tm452338,The Outside Story,2021,movie,2,true,false,false,false,Amazon Prime Video|Starz,ADS|BUY|FLATRATE|FREE|RENT
tm1046026,The Trip,2021,movie,1,true,true,false,false,Netflix,BUY|FLATRATE
tm830112,My Dead Dad,2021,movie,3,true,false,false,false,Acorn TV|Cinemax|Max,FLATRATE
tm890989,Silent Night,2021,movie,1,true,true,false,false,AMC+,ADS|BUY|FLATRATE|FREE|RENT
tm811786,Breaking News in Yuba County,2021,movie,0,false,false,true,false,,BUY|RENT
tm872160,Marvelous and the Black Hole,2021,movie,1,true,true,false,false,Amazon Prime Video,ADS|BUY|FLATRATE|FREE|RENT
tm577903,Barb & Star Go to Vista Del Mar,2021,movie,0,false,false,true,false,,BUY|FLATRATE|FREE|RENT
tm1093099,Love Hard,2021,movie,1,true,true,false,false,Netflix,FLATRATE
tm866103,Boys from County Hell,2021,movie,2,true,false,false,false,AMC+|Shudder,BUY|FLATRATE|RENT
tm429301,"The French Dispatch of the Liberty, Kansas Evening Sun",2021,movie,0,false,false,true,false,,BUY|FLATRATE|RENT
tm1038369,Good on Paper,2021,movie,1,true,true,false,false,Netflix,FLATRATE
tm1038363,America: The Motion Picture,2021,movie,1,true,true,false,false,Netflix,FLATRATE
tm344880,Jungle Cruise,2021,movie,1,true,true,false,false,Disney+,BUY|FLATRATE|RENT
tm983712,How It Ends,2021,movie,1,true,true,false,false,Amazon Prime Video,ADS|BUY|FLATRATE|RENT
tm413169,Peter Rabbit 2: The Runaway,2021,movie,0,false,false,true,false,,BUY|FLATRATE|FREE|RENT
tm996951,Me You Madness,2021,movie,1,true,true,false,false,Starz,ADS|BUY|FLATRATE|FREE|RENT
tm1028298,He's All That,2021,movie,1,true,true,false,false,Netflix,FLATRATE
tm858512,Jolt,2021,movie,1,true,true,false,false,Amazon Prime Video,BUY|FLATRATE
tm1032802,This Game's Called Murder,2021,movie,1,true,true,false,false,Amazon Prime Video,ADS|BUY|FLATRATE|FREE|RENT
tm1001508,Queenpins,2021,movie,1,true,true,false,false,MovieSphere+,ADS|FLATRATE|FREE
tm876646,Official Competition,2021,movie,2,true,false,false,false,AMC+|Sundance Now,BUY|FLATRATE|FREE|RENT
tm1125870,A Clüsterfünke Christmas,2021,movie,1,true,true,false,false,Paramount+,BUY|FLATRATE
tm1031459,Black Friday,2021,movie,1,true,true,false,false,Amazon Prime Video,BUY|FLATRATE|RENT
tm460993,Clifford the Big Red Dog,2021,movie,2,true,false,false,false,Netflix|Paramount+,BUY|FLATRATE|RENT
tm434625,Wish Dragon,2021,movie,1,true,true,false,false,Netflix,FLATRATE
tm917015,Useless Humans,2021,movie,1,true,true,false,false,Amazon Prime Video,ADS|BUY|FLATRATE|FREE|RENT
tm1021871,The Starling,2021,movie,1,true,true,false,false,Netflix,FLATRATE
tm314863,Vivo,2021,movie,1,true,true,false,false,Netflix,BUY|FLATRATE|RENT
tm1125868,The Hating Game,2021,movie,0,false,false,true,false,,ADS|BUY|FREE|RENT
tm1093800,Come from Away,2021,movie,1,true,true,false,false,Apple TV+,FLATRATE
tm999994,I'm Your Man,2021,movie,1,true,true,false,false,Netflix,ADS|BUY|FLATRATE|FREE|RENT
tm1087956,Afterlife of the Party,2021,movie,1,true,true,false,false,Netflix,FLATRATE
